wind_speed,wind_direction,rpm,temperature,humidity,flap_angle,power
10.034,9.0,1029.1,21.88,52.28,31.77,88.688
3.956,151.89,613.24,15.74,52.03,10.97,6.174
10.149,196.18,1041.15,20.51,72.41,29.17,114.628
10.68,122.49,1070.5,18.89,92.65,7.9,6.205
12.322,217.34,1122.43,35.18,80.14,16.36,39.312
9.072,298.59,932.41,30.46,87.39,6.37,5.15
5.507,104.18,740.72,16.99,52.8,24.07,13.352
7.013,133.27,860.2,20.24,54.68,23.27,36.045
4.883,262.49,717.67,19.09,60.87,21.71,9.935
10.531,303.43,1087.42,34.4,52.6,13.03,25.714
5.321,339.45,697.77,36.91,57.31,32.44,2.324
8.047,95.36,894.57,21.17,70.88,31.93,27.413
7.393,78.96,859.29,39.94,68.02,8.29,10.446
9.902,285.15,962.02,25.55,43.49,20.87,85.14
13.682,309.88,1267.46,15.29,79.64,13.0,11.022
10.051,40.16,1082.37,25.87,64.95,12.9,26.229
8.506,64.31,917.74,37.82,87.88,23.27,68.125
4.681,274.5,667.49,28.48,82.82,14.72,10.761
3.214,334.48,565.52,36.97,85.74,31.34,0.452
13.416,30.84,1265.15,27.15,43.81,8.85,2.23
8.228,197.93,894.24,21.63,87.98,21.18,64.0
11.029,72.41,1084.19,22.79,94.73,20.53,91.641
4.331,80.89,646.71,23.45,72.36,7.13,5.102
9.942,82.42,1042.7,37.64,87.28,25.07,102.353
5.357,47.63,671.08,38.39,71.41,29.22,5.544
5.095,34.9,656.89,25.78,63.3,25.2,8.969
13.826,35.43,1302.36,25.07,58.66,10.71,4.855
7.935,151.88,913.53,21.96,53.74,30.84,31.205
9.054,18.21,1021.67,39.98,85.98,30.46,57.048
4.829,174.83,701.17,20.34,62.06,34.56,1.098
5.917,282.27,831.5,26.38,63.27,21.67,18.215
10.902,55.73,1063.91,22.42,93.28,27.44,141.673
3.629,210.3,631.71,27.57,86.9,7.4,4.625
5.044,214.21,731.34,31.88,52.94,12.39,12.698
9.54,222.98,940.89,25.48,72.1,11.13,18.137
10.878,85.93,1082.98,24.89,76.94,27.56,142.268
3.798,164.98,623.77,39.96,94.79,12.96,6.111
13.266,317.11,1278.02,36.98,60.32,26.11,202.694
9.728,355.4,1020.17,31.35,40.43,24.9,106.192
13.328,48.34,1237.49,17.89,45.89,23.14,138.28
10.894,73.3,1036.63,30.86,54.52,30.38,125.587
4.015,152.49,627.75,21.92,40.2,12.86,6.553
11.154,198.6,1154.56,25.69,40.53,32.12,140.855
9.001,300.45,977.04,29.56,48.15,31.97,50.031
11.757,309.85,1149.53,37.47,51.55,28.4,181.802
12.725,146.3,1260.55,30.52,48.5,34.29,205.12
11.918,317.31,1131.93,15.62,80.51,29.07,196.368
12.505,291.87,1239.77,21.67,83.31,30.76,215.596
5.447,293.97,725.43,26.51,56.79,5.71,5.019
5.124,118.17,691.94,36.61,93.18,16.99,15.254
13.793,193.04,1303.31,38.48,46.34,33.88,296.496
5.92,39.02,739.27,25.86,80.07,20.34,24.255
7.237,207.57,899.11,21.37,78.98,21.15,41.698
10.914,267.1,1125.56,31.77,60.03,14.91,35.424
6.453,305.29,779.49,32.99,56.52,17.07,29.056
6.252,45.82,751.35,25.51,91.72,23.47,22.965
6.31,197.26,749.33,15.01,55.78,24.64,22.953
8.115,159.18,938.07,20.34,66.03,10.09,16.066
3.933,185.56,634.81,30.82,58.44,25.18,2.285
5.471,71.69,673.95,15.61,53.47,7.18,6.736
7.559,226.72,845.32,19.86,78.3,24.68,45.382
3.061,270.35,544.29,34.25,45.86,33.74,0.24
8.698,18.08,898.15,21.23,86.66,25.03,73.875
13.867,214.36,1262.67,38.75,89.03,20.14,73.054
12.136,197.23,1156.15,37.43,80.9,12.42,16.285
10.014,275.69,1029.43,28.03,74.47,13.57,30.072
5.989,115.1,761.76,28.5,47.61,26.19,15.964
3.707,146.74,609.04,28.57,62.87,32.15,0.969
9.425,250.39,988.91,36.42,82.11,15.55,43.262
11.288,307.24,1117.11,38.84,63.05,23.1,123.433
5.426,78.99,699.54,25.9,41.6,17.13,18.026
4.815,168.26,702.12,18.19,74.22,21.93,10.357
3.298,231.39,597.47,18.39,65.39,11.35,3.951
6.595,274.04,807.87,24.48,81.36,7.46,8.272
3.213,194.19,542.91,40.0,59.25,24.55,0.718
11.297,341.86,1125.64,19.98,41.12,25.08,156.398
9.204,78.47,992.73,32.49,82.18,27.44,79.787
4.26,294.95,661.01,39.12,45.95,25.32,3.885
13.54,142.8,1257.91,32.88,44.18,8.06,1.405
11.497,306.11,1175.27,30.01,46.66,15.42,38.025
7.712,133.41,901.64,27.65,58.77,8.17,10.115
13.569,228.81,1235.29,35.72,78.9,33.96,270.597
5.971,290.95,718.78,28.45,66.59,13.05,17.878
12.369,299.06,1192.16,17.17,88.49,23.31,142.49
7.169,10.33,848.02,36.27,50.0,15.21,33.607
12.684,252.43,1222.5,21.91,40.56,26.6,193.497
8.374,272.94,875.16,32.27,75.52,7.79,8.62
5.438,249.04,689.43,22.66,71.99,17.77,17.703
11.205,119.08,1111.85,32.57,54.9,10.78,12.838
4.315,192.91,649.46,34.05,50.18,26.74,3.992
13.743,188.87,1290.68,22.07,45.53,10.38,5.127
3.156,192.29,528.08,21.86,93.59,8.79,2.678
12.553,176.72,1177.16,36.82,71.57,10.53,7.984
3.565,338.78,584.47,26.94,85.22,23.88,2.643
3.59,53.71,606.64,29.07,56.71,27.93,1.146
9.669,284.67,981.79,20.64,68.74,30.8,77.188
13.89,109.94,1290.77,30.53,73.53,11.23,4.48
5.321,237.75,713.48,18.93,49.56,18.52,16.816
9.532,104.85,990.16,20.79,78.88,25.62,92.696
13.163,283.62,1269.14,30.63,76.37,21.34,99.63
10.124,327.03,1049.24,35.67,43.93,27.47,118.527
9.261,103.9,961.2,18.11,77.88,20.01,68.256
8.432,28.96,915.03,16.0,63.76,7.74,9.814
13.581,300.95,1310.85,29.38,92.29,13.09,11.926
3.443,272.26,597.77,26.76,75.83,22.56,2.289
9.983,177.02,1010.21,17.28,59.14,30.73,98.316
6.628,249.72,812.98,22.21,91.99,18.64,30.728
6.46,116.38,715.13,39.25,62.23,24.73,20.953
8.969,148.77,961.28,19.69,59.9,27.8,72.995
5.239,197.72,702.2,38.19,64.1,34.19,1.344
9.698,86.15,998.97,18.96,70.3,34.77,47.063
13.042,166.12,1197.17,17.94,85.77,20.27,87.867
6.008,300.5,735.19,39.51,53.41,32.66,4.585
8.591,316.56,940.6,36.6,55.19,33.03,32.628
8.585,295.4,854.92,22.07,56.42,19.69,53.551
4.635,193.89,638.61,23.63,70.36,14.65,11.272
5.075,251.1,696.31,29.29,52.85,27.34,5.913
10.758,292.11,1111.74,24.65,76.5,19.86,81.574
3.407,180.82,600.64,29.75,87.83,20.78,2.807
8.026,260.08,911.7,25.25,76.01,34.08,18.798
6.724,249.37,836.93,31.25,86.85,16.4,28.219
6.483,258.74,800.04,33.99,87.98,23.93,24.943
13.13,359.07,1271.72,33.67,63.87,31.18,264.018
7.88,249.84,891.83,37.59,42.53,16.25,38.699
4.601,191.22,667.77,29.15,83.59,31.13,2.008
9.817,86.7,998.97,37.82,47.87,12.66,24.051
3.103,289.67,575.78,37.53,77.27,15.37,3.577
9.463,230.02,1002.9,25.61,53.76,16.54,52.975
8.315,85.39,936.33,29.3,71.61,34.34,20.852
10.241,98.81,1046.09,29.15,77.72,23.19,106.05
8.464,325.5,907.33,22.15,83.94,24.1,68.882
9.83,244.0,1036.96,33.02,76.25,32.1,72.278
10.11,111.22,1036.26,26.02,71.88,13.85,32.223
11.222,63.23,1143.38,18.3,69.67,32.4,132.501
12.135,92.51,1189.59,35.62,66.5,15.16,30.059
4.267,346.64,665.75,18.52,93.16,34.4,0.0
13.64,289.65,1308.41,24.14,83.49,18.64,55.427
10.401,242.04,1068.42,29.61,85.23,12.01,20.541
3.275,318.32,574.34,29.04,90.34,29.72,0.677
13.003,108.79,1254.32,25.21,47.69,19.78,78.586
4.069,319.41,606.95,18.39,64.95,33.38,0.0
7.61,267.22,891.06,18.86,62.82,17.24,39.91
13.467,11.78,1312.55,24.26,64.39,7.98,1.77
10.542,196.01,1053.88,39.45,59.73,8.66,8.361
12.328,163.7,1184.07,31.57,75.29,28.6,214.384
5.679,45.33,737.81,29.11,43.77,11.48,14.08
12.567,118.28,1253.96,18.69,89.53,9.34,4.814
4.43,90.24,655.5,19.36,76.36,28.7,2.408
5.617,116.56,730.38,19.36,42.88,27.37,9.058
8.239,280.09,849.96,27.83,46.0,6.3,5.797
11.615,312.11,1148.49,28.04,65.19,19.37,84.171
7.418,247.0,863.6,27.26,90.03,23.25,43.975
3.723,99.01,566.35,30.83,70.16,20.92,5.367
7.991,217.95,915.21,17.48,78.6,28.07,43.298
10.929,77.41,1078.62,26.29,52.57,17.48,61.386
4.046,153.64,657.63,31.63,60.59,7.01,5.196
12.149,33.56,1188.23,17.41,80.63,22.59,129.447
9.177,118.67,952.94,18.06,59.45,31.04,58.139
10.932,348.62,1078.09,30.01,59.34,24.7,141.554
5.467,38.96,724.32,36.13,60.22,29.22,5.649
12.297,350.84,1182.58,35.46,73.75,32.87,201.988
12.124,96.28,1166.19,19.51,78.65,5.18,1.64
12.568,203.88,1200.48,25.02,47.8,27.38,215.535
5.366,151.14,707.23,23.52,60.35,22.03,14.683
3.935,18.94,608.39,18.94,73.98,24.86,2.859
8.342,159.14,937.29,21.83,81.52,13.5,32.357
10.463,175.19,1034.76,31.68,42.5,5.23,3.13
6.316,76.04,777.99,18.43,54.05,27.41,16.029
4.933,136.87,708.07,32.59,67.51,7.16,5.387
12.479,15.23,1219.8,15.47,90.66,22.2,122.84
10.804,150.37,1064.36,17.88,41.15,23.54,131.777
12.152,331.12,1177.75,17.2,86.45,20.72,105.362
7.353,111.7,864.74,23.49,58.32,8.42,11.796
8.609,326.13,954.72,23.73,80.01,12.09,24.321
4.611,71.02,654.81,30.06,81.81,28.19,3.059
8.435,271.6,952.24,34.0,64.69,24.06,61.111
9.87,311.13,1045.71,30.68,48.3,14.08,35.023
6.021,20.22,751.29,27.68,57.07,29.95,9.268
3.844,311.13,583.56,36.38,73.83,21.63,4.277
11.71,322.52,1133.54,26.24,84.54,19.27,82.465
4.659,22.27,644.92,17.59,89.45,20.14,10.939
4.898,89.19,668.52,25.94,64.17,16.19,12.538
6.112,147.16,774.41,23.46,72.88,6.98,7.331
4.04,244.22,594.55,22.1,79.81,31.2,0.0
6.667,209.79,841.27,18.54,59.24,16.76,30.44
9.545,337.68,1010.94,22.74,60.72,25.1,98.96
12.119,265.96,1158.12,32.14,68.95,15.85,36.568
6.989,64.89,807.37,20.35,92.12,9.13,12.555
3.849,303.99,638.15,17.53,82.4,6.13,2.409
6.704,275.87,830.61,18.28,60.72,28.13,19.333
11.899,59.59,1150.95,25.94,62.6,18.33,67.738
6.134,269.47,750.53,26.22,69.37,19.07,25.572
12.186,132.42,1158.91,38.68,94.14,16.46,43.53
8.802,347.86,960.77,35.42,84.07,24.24,79.349
12.615,199.63,1220.0,17.56,86.52,27.89,214.286
6.001,325.91,774.77,18.68,64.06,18.53,24.729
6.845,9.6,822.69,16.33,67.61,16.25,34.663
3.31,335.1,578.58,35.98,75.75,13.61,3.901
12.127,250.59,1172.23,18.47,78.8,7.38,2.95
5.815,300.59,733.48,28.72,80.0,13.64,18.182
6.313,17.19,767.58,25.5,83.66,32.15,7.69
9.564,5.92,1016.77,27.88,53.31,23.44,102.465
5.646,149.96,743.18,31.61,44.71,20.78,19.664
8.581,355.8,898.58,28.85,61.47,34.43,26.883
5.79,5.85,739.97,34.71,58.96,28.15,9.579
11.087,119.71,1109.95,16.11,70.03,28.37,149.097
8.111,250.34,941.44,30.79,84.63,18.73,50.663
6.228,15.77,800.99,19.99,42.3,34.67,3.575
8.973,91.19,933.06,33.83,50.51,30.97,52.299
6.651,44.81,800.05,24.2,88.92,16.6,29.52
13.711,178.63,1237.74,27.44,90.84,26.81,218.119
3.868,216.88,608.62,35.56,70.0,24.83,3.112
6.371,216.94,778.88,25.65,77.94,31.1,9.944
6.878,359.33,827.06,21.86,93.9,24.13,33.791
6.996,288.39,847.09,31.99,92.4,28.44,22.496
3.383,24.2,556.05,34.46,60.15,23.15,2.665
10.47,341.58,1034.49,24.3,81.97,16.94,58.696
10.145,89.86,1015.14,17.84,80.46,21.85,92.683
5.88,93.7,737.46,26.16,94.8,19.74,22.488
4.349,307.02,635.65,26.3,89.43,25.46,4.382
12.301,115.05,1135.62,23.69,43.57,30.54,196.619
10.83,333.84,1073.74,30.94,83.65,11.03,15.358
4.528,284.53,627.23,15.66,70.47,21.55,8.37
9.731,31.04,1005.8,22.73,94.98,28.07,98.492
12.057,26.55,1133.96,39.31,75.33,15.34,35.08
12.658,280.89,1236.73,30.99,50.01,32.32,211.461
3.61,44.7,578.12,18.83,49.06,15.38,6.017
13.35,322.17,1236.89,36.15,53.78,8.76,2.458
6.331,192.05,794.02,27.56,49.27,24.76,23.528
10.927,217.85,1095.76,36.06,71.0,6.36,3.266
10.056,207.64,1002.91,31.28,82.18,19.94,85.668
9.899,104.28,1035.92,38.92,66.56,13.92,30.712
3.803,21.57,618.31,25.99,66.63,14.38,7.164
10.902,264.31,1107.72,36.52,93.65,21.85,102.93
6.51,167.93,809.69,21.69,53.64,16.52,30.154
9.769,89.38,998.95,36.63,48.78,14.38,34.816
11.394,179.38,1122.87,27.87,67.43,33.36,145.271
8.56,348.01,959.83,20.38,59.41,31.47,42.736
10.197,169.41,996.45,28.42,86.59,26.83,121.352
11.402,131.74,1136.18,25.01,71.37,7.21,4.483
8.547,275.19,925.86,21.99,94.4,34.25,24.616
7.333,286.16,849.16,23.48,91.64,20.27,42.314
8.501,16.31,900.81,18.43,58.32,23.19,71.161
8.671,118.07,980.52,30.33,48.94,13.98,32.485
6.7,298.18,791.46,28.31,78.98,16.05,30.519
10.412,352.76,1052.11,29.59,83.82,5.8,2.683
8.22,348.15,873.69,34.57,82.69,22.51,61.863
4.876,226.45,704.17,30.49,86.26,5.95,5.511
13.43,39.56,1285.48,15.47,57.25,17.31,44.43
11.525,331.39,1146.28,36.82,80.47,11.22,13.595
6.576,238.4,822.73,28.14,57.26,15.27,27.745
6.897,277.92,807.04,33.02,75.38,10.77,15.478
5.712,200.91,732.31,20.62,93.51,11.22,14.654
10.755,114.13,1086.96,23.72,91.35,8.66,7.111
10.443,136.69,1103.47,39.5,85.01,13.71,28.964
6.164,257.09,767.99,23.66,64.33,11.06,15.649
8.924,335.89,932.02,32.4,47.55,12.27,25.186
10.368,191.17,1021.05,30.95,42.89,8.02,7.48
11.478,1.87,1081.79,28.76,91.1,31.35,163.405
8.252,71.8,877.91,39.1,57.66,7.68,7.777
9.315,192.65,996.71,33.08,91.52,31.47,63.575
4.934,331.07,626.79,39.93,61.83,33.86,1.181
13.186,315.63,1302.43,15.23,71.24,13.54,16.324
13.88,195.59,1310.51,27.35,91.62,10.78,4.683
4.239,58.5,654.2,26.47,54.15,28.72,2.819
9.246,272.62,1016.07,19.39,87.09,20.46,68.798
3.954,240.93,610.46,19.62,47.73,12.82,6.955
5.591,271.35,729.53,38.85,56.61,24.61,12.613
10.62,22.36,1047.71,17.96,56.87,31.85,115.974
10.739,111.95,1070.62,17.94,90.39,11.57,17.678
4.469,55.15,626.66,33.69,73.32,19.12,9.409
8.913,239.07,957.58,20.46,53.61,7.46,7.036
7.914,253.36,917.32,16.95,71.03,20.16,51.607
9.3,53.95,995.01,23.2,68.62,22.49,88.773
4.0,183.74,594.5,35.22,64.94,6.73,3.988
8.086,290.49,916.64,33.08,61.78,22.35,55.798
3.498,124.03,596.54,16.59,94.68,33.01,0.179
3.349,147.19,613.43,34.22,82.12,17.61,3.672
13.921,137.69,1269.76,36.74,89.87,24.85,173.039
8.932,235.27,927.56,23.69,49.82,26.84,74.737
5.45,1.25,706.08,15.57,56.41,20.96,16.746
12.057,89.1,1206.98,23.65,55.16,8.39,3.857
11.904,150.93,1176.39,34.15,88.61,8.03,4.25
3.369,215.2,577.61,32.58,42.68,12.03,3.748
5.39,310.94,705.29,16.41,67.71,26.95,9.542
6.508,215.25,788.1,31.81,57.64,24.81,25.885
5.431,108.18,759.41,16.52,92.17,23.78,11.607
7.699,178.42,852.73,39.31,91.79,14.56,31.932
7.58,53.72,817.44,24.41,81.49,14.02,29.593
10.783,290.08,1114.53,37.87,70.93,9.02,7.792
5.671,73.2,741.97,31.17,90.72,26.74,10.58
5.095,96.65,707.8,31.84,73.16,27.85,5.235
10.967,201.19,1064.55,26.98,87.82,5.46,3.516
13.309,346.35,1236.52,17.93,94.98,23.13,141.455
5.25,329.45,684.38,28.8,82.65,15.78,16.744
5.877,184.61,777.6,27.43,45.42,30.19,7.67
13.058,133.45,1240.44,25.35,70.94,12.82,14.387
13.282,208.49,1241.44,25.44,48.38,30.0,272.995
8.492,235.66,955.81,32.12,54.15,24.25,64.019
8.397,60.56,915.6,34.87,49.31,32.51,30.633
8.964,231.05,993.91,16.47,41.86,25.05,75.526
11.408,148.46,1124.82,36.06,52.73,20.17,94.506
7.105,222.42,804.39,31.67,73.91,5.2,5.391
9.068,4.27,971.23,28.24,55.11,29.39,71.425
10.414,290.22,1069.85,37.74,45.89,10.76,14.599
8.791,293.48,929.97,21.68,61.83,21.95,74.275
13.893,81.31,1266.6,32.1,86.63,27.79,217.253
4.029,136.54,639.24,28.82,43.09,20.0,6.242
7.773,282.38,903.87,29.15,87.19,6.28,6.765
5.326,312.52,721.55,37.19,66.15,32.77,2.528
12.892,202.86,1201.54,15.82,91.08,22.61,137.036
11.275,256.58,1126.38,24.96,44.23,30.04,156.451
7.281,322.75,892.72,23.29,81.56,26.72,34.625
8.509,350.76,940.66,16.34,64.04,28.07,58.469
13.503,142.81,1256.8,34.34,41.63,19.72,79.568
6.914,338.81,814.51,25.8,77.38,23.56,35.966
11.779,256.72,1142.49,17.05,48.48,27.19,165.873
6.483,38.36,778.25,15.13,56.95,8.98,12.238
5.061,161.58,717.22,28.87,62.44,7.79,7.418
9.578,116.79,993.33,24.63,56.05,32.03,68.056
12.957,352.14,1221.09,29.3,49.33,14.03,21.467
8.424,22.78,912.9,25.87,63.16,12.55,27.74
5.712,225.01,755.13,29.85,50.76,33.46,3.383
6.654,223.27,779.17,35.1,58.12,30.79,13.258
13.716,49.0,1289.32,23.02,92.1,33.94,294.404
13.656,104.92,1262.05,32.37,67.01,16.28,29.861
11.981,141.46,1138.46,17.85,71.01,25.45,166.886
9.051,343.08,946.26,26.54,78.96,25.79,86.462
12.009,286.44,1154.13,25.23,67.46,24.76,156.15
10.868,284.07,1063.91,16.85,94.49,20.2,86.251
13.124,249.02,1208.71,28.59,83.49,21.11,100.518
10.02,30.59,1009.24,34.22,76.17,6.33,5.075
13.82,243.89,1315.65,24.99,81.4,5.32,0.412
5.846,183.84,723.35,27.97,71.93,16.73,22.616
11.496,211.89,1143.32,27.51,58.97,17.48,62.419
13.579,41.78,1262.92,38.52,47.79,11.21,7.049
8.312,171.42,906.36,25.95,78.32,29.31,49.761
4.266,305.7,676.9,31.2,77.24,12.32,8.995
4.919,57.65,687.39,29.0,92.72,10.53,10.027
10.045,155.57,1043.96,15.73,73.78,16.67,57.259
10.752,74.08,1091.84,33.81,84.48,31.16,118.984
5.057,117.35,713.75,26.44,54.43,24.17,9.092
9.567,220.07,1020.11,29.68,59.14,29.41,84.729
10.766,107.08,1090.42,30.36,44.66,14.16,32.127
5.013,249.64,706.85,27.77,63.0,10.57,10.234
9.991,249.64,1002.07,31.13,94.99,9.21,10.019
6.46,162.36,802.83,16.34,59.75,29.46,13.991
13.602,181.96,1233.66,27.37,77.66,19.66,75.044
3.909,11.11,611.01,34.03,56.06,10.05,6.268
8.031,267.31,905.4,34.15,70.23,28.25,41.513
12.056,132.07,1163.73,35.57,42.29,34.69,155.91
4.127,298.83,657.93,33.78,56.37,15.46,7.667
11.984,158.07,1168.65,39.85,82.66,22.64,135.611
6.857,255.87,827.18,30.82,49.13,11.21,17.751
3.653,126.29,580.98,22.03,69.63,13.68,6.188
5.941,308.89,806.97,39.64,77.36,28.57,10.433
13.106,357.3,1253.87,36.68,46.98,26.34,204.192
12.113,274.13,1156.22,31.91,66.92,17.43,52.152
7.972,228.11,872.0,37.0,45.12,33.09,21.451
7.06,342.09,836.2,23.18,40.14,26.93,29.277
8.043,239.09,879.8,23.96,43.48,17.89,49.247
5.33,96.67,683.95,35.71,58.58,19.56,14.973
6.781,245.72,816.98,16.21,45.48,8.73,10.885
12.434,158.86,1206.79,15.02,92.69,8.96,5.506
10.15,57.23,1029.49,38.32,55.07,16.16,48.277
12.942,59.59,1224.34,24.91,56.8,24.66,168.882
10.741,0.39,1085.99,26.92,47.3,5.28,3.312
10.652,294.16,1080.77,39.7,63.23,16.49,50.654
11.038,36.87,1128.67,22.83,88.45,27.59,157.293
4.465,357.46,689.77,18.57,69.18,18.2,9.849
10.947,226.11,1075.14,18.78,62.64,7.6,4.208
4.105,270.88,650.3,29.74,61.12,9.19,5.212
6.047,30.33,727.29,28.83,73.0,25.71,16.592
12.327,237.03,1146.8,22.54,68.48,13.87,22.296
3.6,323.25,617.16,38.87,67.22,22.82,3.301
8.811,351.97,982.69,39.67,91.37,22.05,75.905
7.02,245.86,827.91,34.07,92.49,7.03,7.924
5.884,14.34,714.96,16.51,83.41,20.03,22.666
7.57,252.65,849.71,17.06,69.51,14.3,29.74
8.624,73.15,909.03,35.2,69.5,30.04,48.821
10.492,23.8,1068.35,32.47,80.15,7.59,5.884
7.779,163.21,876.85,30.22,57.01,8.58,11.525
10.787,252.54,1040.26,19.1,92.42,26.62,129.555
4.837,45.7,711.36,34.53,54.78,5.88,4.154
11.878,97.91,1148.84,16.6,79.18,18.66,68.329
6.961,179.86,823.0,29.17,60.22,22.22,39.402
10.951,82.23,1106.84,27.72,42.42,19.15,76.442
7.213,54.03,788.12,38.28,87.16,27.22,27.766
7.613,115.85,866.35,25.41,79.62,16.18,39.022
8.522,324.7,991.16,19.48,84.24,7.07,7.14
8.116,101.63,898.9,36.12,58.0,11.02,18.61
9.202,109.41,951.28,30.57,65.52,28.18,75.066
5.15,324.16,725.84,34.01,53.48,11.99,12.259
6.811,302.25,849.71,36.93,92.3,30.47,14.062
10.999,37.42,1089.18,28.25,53.1,34.91,101.517
10.828,33.49,1047.78,38.03,89.35,16.17,47.443
13.72,30.56,1287.16,17.39,47.34,22.03,114.948
7.785,347.12,861.53,20.92,54.35,26.02,50.077
11.089,114.5,1116.78,21.8,44.11,22.54,123.027
4.71,59.17,607.25,26.65,62.36,11.23,8.422
6.391,95.4,766.32,18.0,48.67,25.91,18.83
3.444,300.93,584.43,23.19,45.02,20.4,3.833
10.449,93.66,1037.91,39.77,41.71,27.44,118.438
5.748,166.34,787.85,35.1,47.69,34.48,2.483
4.438,296.52,631.48,24.31,74.67,12.76,8.471
11.94,7.85,1149.63,16.61,89.64,32.15,185.866
12.123,119.36,1190.45,16.07,65.35,29.65,200.859
7.345,10.61,853.0,32.08,49.5,13.4,28.234
12.718,12.47,1207.6,30.48,53.52,21.52,118.69
3.671,100.72,622.48,18.43,50.97,23.92,2.162
11.824,286.14,1134.17,39.74,83.01,19.54,80.424
13.039,180.86,1229.31,24.71,49.89,31.87,268.552
11.564,21.09,1146.8,39.79,69.12,34.22,126.939
4.101,236.47,636.26,21.66,84.9,34.89,0.242
5.414,304.74,743.8,34.93,59.51,10.28,10.151
9.518,290.24,1035.42,32.44,90.27,33.43,51.497
9.2,202.72,997.0,19.71,94.34,14.27,36.304
8.395,32.49,919.93,20.82,52.03,32.54,32.903
5.216,46.98,717.04,32.92,90.53,5.66,4.677
9.453,330.2,1033.51,34.36,86.56,16.21,47.035
13.361,142.41,1268.14,17.53,56.6,33.46,271.384
11.71,345.84,1184.01,31.23,49.58,32.87,161.622
11.657,80.37,1129.33,29.72,49.64,8.82,6.5
11.017,341.56,1163.91,38.72,61.54,5.97,2.579
9.626,331.57,950.76,39.19,52.15,9.22,10.525
11.199,85.68,1119.61,39.56,49.23,26.27,140.994
10.03,319.2,1032.08,26.17,54.59,12.7,26.834
4.188,0.46,685.78,24.65,80.29,19.79,6.989
7.166,196.57,861.1,17.54,66.37,25.61,34.538
4.789,26.54,649.92,36.14,56.22,7.23,7.08
4.871,135.16,690.1,33.3,70.09,22.82,9.529
9.75,173.79,1039.73,15.77,91.83,9.71,13.926
4.114,74.0,622.67,19.75,78.35,12.96,6.452
6.097,85.52,772.3,16.24,71.45,15.82,21.861
7.704,106.04,875.62,31.55,73.01,10.12,15.923
6.21,29.5,749.11,36.09,56.96,24.83,21.133
4.003,195.89,603.65,19.62,88.7,12.9,7.5
8.116,81.45,902.38,21.71,43.39,7.57,8.087
6.782,194.92,765.92,39.27,72.43,29.55,16.237
7.605,192.79,888.06,36.67,66.12,7.37,8.734
12.931,257.15,1241.0,27.55,89.53,23.61,139.591
4.323,272.59,688.73,19.32,94.14,8.79,5.272
7.657,355.78,837.65,25.88,94.85,12.74,25.468
13.019,329.1,1217.53,16.68,61.35,13.29,16.524
8.04,314.45,870.89,34.66,74.27,17.43,46.771
4.63,211.66,693.5,33.96,91.68,8.03,5.957
6.147,192.83,746.61,23.6,62.6,23.27,24.063
3.412,99.15,579.59,18.6,73.48,31.69,0.197
6.646,85.53,805.99,33.64,90.65,29.52,14.331
6.334,100.92,821.79,27.29,78.29,9.03,11.565
13.716,159.52,1251.52,35.65,54.82,10.64,5.438
5.325,296.63,743.26,33.52,81.77,20.46,14.562
4.749,112.0,703.47,27.67,47.46,5.87,3.707
5.12,299.85,644.35,35.92,53.72,26.14,7.496
6.014,296.46,763.37,27.63,74.95,16.17,23.145
9.534,63.93,989.58,36.76,72.28,31.83,65.886
11.239,247.99,1131.18,22.13,61.26,33.95,122.532
12.428,233.06,1190.88,31.94,54.8,28.41,210.108
11.443,3.2,1125.52,37.79,75.61,12.57,20.293
11.856,109.97,1134.64,39.18,75.35,15.46,35.907
5.772,168.01,733.22,31.93,85.34,20.35,21.825
10.286,303.58,1033.14,24.36,75.6,8.24,7.401
3.702,355.81,598.99,31.01,87.38,31.77,1.304
6.287,53.97,792.86,34.14,89.48,23.0,23.632
10.266,245.07,1067.45,33.03,76.05,17.56,61.019
7.271,12.71,859.27,32.7,71.46,11.67,22.123
8.881,282.56,905.65,37.66,76.95,30.22,51.373
12.641,65.21,1207.15,17.44,47.04,27.89,215.929
5.014,244.7,665.57,23.39,44.91,14.21,13.766
11.669,119.27,1160.24,21.51,56.17,30.99,169.141
9.419,339.95,940.25,16.78,88.92,16.45,50.13
6.282,19.46,785.05,36.36,47.56,22.08,27.284
12.973,164.73,1237.38,22.91,79.36,23.93,160.149
4.945,228.42,687.33,15.12,55.04,27.93,4.631
8.385,274.88,903.22,17.2,73.8,33.96,22.955
7.216,13.58,862.68,19.99,60.52,30.0,22.352
5.096,243.63,688.57,30.67,53.69,8.87,7.858
7.219,211.92,834.71,19.18,85.31,26.83,33.194
9.56,121.62,970.48,37.2,94.75,15.78,45.983
5.073,341.31,700.39,37.96,62.19,8.94,9.351
11.075,212.29,1099.05,19.22,60.16,31.3,142.839
5.814,192.5,726.21,16.21,94.71,5.59,5.012
10.587,150.04,1055.71,24.51,70.1,25.86,138.313
9.933,108.4,1021.2,31.54,76.44,9.11,10.997
12.137,37.77,1184.27,32.97,46.48,10.96,10.628
5.197,94.68,697.38,28.08,51.09,6.18,4.952
8.46,74.77,962.58,38.33,58.18,32.21,32.112
12.188,240.85,1138.77,18.73,44.95,8.04,3.541
5.815,83.22,734.23,39.72,56.28,10.24,11.722
3.434,104.6,582.7,35.04,57.2,27.75,0.718
3.505,306.72,571.55,31.58,49.38,23.65,2.753
12.663,33.46,1159.13,35.37,50.06,13.15,17.205
7.243,306.24,846.07,35.0,75.69,25.89,34.538
3.645,339.29,559.98,18.98,62.88,25.35,1.602
4.994,136.71,670.47,23.96,41.58,34.2,0.343
4.437,331.34,670.39,17.82,62.62,14.43,9.971
10.75,244.05,1017.67,34.19,71.72,25.1,118.375
6.721,188.32,797.09,32.51,45.24,15.37,29.099
10.439,138.56,1068.22,35.98,70.71,24.3,122.009
4.726,305.58,697.3,36.3,87.82,12.23,10.118
13.672,18.13,1264.65,20.57,75.38,18.77,61.304
11.814,161.32,1174.88,36.41,64.59,24.6,159.603
4.129,148.44,659.41,28.93,40.01,23.57,5.026
6.351,183.0,804.45,20.17,76.93,6.63,7.503
5.452,163.61,684.68,29.0,74.09,26.48,10.098
4.254,273.36,670.36,20.54,58.77,13.76,6.728
8.742,252.75,969.67,16.14,49.03,26.65,68.381
4.177,219.91,612.4,19.69,91.16,28.44,2.391
10.885,38.8,1107.57,25.36,90.96,28.16,144.835
7.956,237.04,860.24,38.9,47.4,6.46,6.665
13.288,301.97,1267.35,27.07,67.96,22.36,123.253
11.035,46.22,1122.33,24.69,73.03,16.54,52.278
13.775,329.73,1351.3,34.06,55.05,18.59,50.848
4.467,148.59,642.0,32.5,81.16,30.82,2.403
10.831,336.78,1071.76,30.81,51.05,15.36,42.848
10.396,353.28,1018.46,31.25,92.71,14.67,37.823
4.269,126.81,627.4,27.01,71.39,27.44,2.359
12.255,102.93,1177.76,36.18,84.46,9.36,5.496
10.373,71.96,1051.02,33.75,48.85,30.18,111.136
10.597,106.25,1075.12,33.84,41.78,31.04,112.116
11.134,311.34,1110.55,33.56,70.87,28.96,160.182
6.164,239.22,834.86,38.16,61.32,14.38,19.202
9.073,4.67,976.74,21.28,74.13,29.9,65.599
13.026,253.67,1203.24,31.19,81.53,28.28,215.582
13.607,105.9,1281.25,19.44,77.55,20.42,82.632
7.149,154.26,819.57,28.91,47.15,14.92,31.516
10.807,55.73,1139.94,18.84,57.74,23.47,118.916
10.281,176.6,1053.73,29.32,59.69,11.6,19.763
5.023,24.54,680.85,27.63,62.88,11.64,11.641
5.347,119.48,714.1,24.02,52.01,34.9,0.829
12.061,353.21,1119.06,15.22,76.79,23.41,141.29
9.832,345.2,1070.61,32.06,57.65,16.58,51.416
8.943,101.82,926.25,37.78,85.22,18.37,57.761
3.482,323.38,601.14,19.81,68.26,33.69,0.113
8.918,2.64,963.79,16.64,76.87,17.73,57.021
4.143,193.59,637.42,32.57,93.69,33.19,0.0
11.216,55.35,1119.79,26.48,58.24,28.83,161.133
9.139,206.99,944.56,20.69,54.23,17.99,63.392
3.186,242.39,535.73,28.37,75.28,22.57,1.293
10.71,26.13,1083.12,38.2,45.84,7.6,5.138
11.418,157.56,1095.97,24.88,76.34,9.09,7.51
7.301,287.09,869.68,28.64,92.81,32.43,15.102
11.745,262.56,1118.64,24.33,92.22,8.7,5.068
3.055,214.8,543.77,28.43,92.08,32.11,0.965
6.782,148.56,820.57,31.15,68.19,30.04,16.444
5.138,65.29,733.87,34.99,86.87,34.83,0.164
8.074,197.88,931.82,22.27,43.7,19.62,57.892
6.639,46.16,762.25,31.39,45.5,14.53,24.61
7.957,221.88,869.27,22.64,72.13,14.49,34.484
7.711,1.74,872.66,21.15,52.18,30.2,29.883
4.477,263.87,640.98,36.95,65.46,21.55,7.66
4.933,218.39,705.3,36.04,87.23,12.9,12.243
12.75,27.53,1210.69,16.88,41.02,22.46,131.388
7.456,212.41,769.13,37.66,70.34,19.16,37.925
11.527,131.69,1131.67,20.58,82.47,18.94,77.141
8.615,142.84,961.96,27.55,76.45,23.42,71.385
4.824,185.09,712.85,26.16,49.85,34.03,0.834
11.095,174.06,1095.49,23.97,52.04,16.08,50.241
3.471,74.44,558.99,37.69,59.87,6.39,2.741
13.786,116.67,1310.25,32.59,68.68,12.9,9.708
8.988,62.59,934.07,31.34,60.09,20.5,68.961
7.14,326.61,854.96,27.91,59.41,19.46,40.872
9.646,180.66,1037.73,18.47,49.11,11.35,20.46
5.056,130.4,699.43,32.93,46.51,26.61,7.78
8.297,172.37,916.84,20.27,48.87,6.29,6.625
9.308,58.01,975.35,30.74,42.16,12.75,27.149
4.98,344.97,728.26,29.98,71.0,24.85,8.491
6.118,30.87,776.3,26.23,94.6,29.91,9.637
9.609,286.06,992.89,35.51,50.0,26.73,92.595
6.769,163.25,801.3,29.76,52.64,11.07,18.413
12.456,181.57,1220.35,25.49,48.23,23.44,154.612
3.429,282.19,570.07,27.58,46.46,23.1,2.297
12.103,322.91,1149.17,34.37,75.71,6.3,1.957
8.828,82.62,925.82,35.06,83.43,27.24,66.728
11.377,250.81,1105.63,17.44,47.36,30.77,153.523
6.116,315.64,754.68,25.22,50.4,22.34,23.383
4.296,2.59,632.6,31.36,77.83,9.64,7.273
10.167,91.31,1028.04,36.37,63.3,25.42,110.124
11.305,148.76,1096.91,34.59,66.54,12.61,21.343
6.373,123.97,805.86,32.64,80.47,27.43,16.345
7.913,251.75,869.62,19.04,51.8,21.52,54.342
10.668,254.44,1086.32,19.02,93.05,9.36,9.205
13.184,156.74,1252.62,16.6,52.2,16.53,38.83
13.829,221.03,1240.99,28.03,79.14,29.61,259.612
10.043,158.03,1039.76,20.04,76.13,6.01,3.753
9.595,185.69,1020.45,20.79,49.32,5.01,3.479
4.732,358.85,645.51,34.49,59.42,20.53,11.058
11.106,24.7,1131.89,17.25,55.65,15.44,40.586
13.596,99.54,1304.1,30.16,50.7,12.83,10.467
7.478,38.33,901.12,16.81,56.18,33.7,12.961
12.637,292.73,1240.78,29.37,78.18,28.1,206.331
11.332,346.05,1115.56,26.47,65.34,8.49,6.308
3.743,228.12,607.27,39.85,77.23,33.66,0.726
8.682,3.5,971.55,35.8,53.65,29.63,56.067
3.836,335.3,626.46,26.91,59.44,33.41,0.138
10.514,327.57,1060.32,27.47,50.98,11.2,16.353
5.23,89.89,749.72,30.46,48.58,25.27,9.439
10.298,220.98,1077.92,34.11,69.78,23.62,114.757
8.416,354.73,850.28,37.42,87.78,32.48,29.898
6.083,79.95,772.33,29.42,42.98,21.22,22.842
8.527,141.74,968.13,32.16,49.61,18.8,57.971
10.581,4.26,1053.81,20.27,71.96,12.79,26.265
9.034,85.37,944.77,26.78,73.72,11.32,20.063
10.708,134.03,1083.79,36.36,55.38,22.28,113.049
5.514,35.95,702.67,21.75,52.97,9.38,10.725
13.551,53.84,1189.15,35.14,49.71,30.48,235.245
8.687,259.4,910.77,34.63,56.5,16.95,47.02
10.596,21.61,1051.8,35.35,66.21,15.04,40.161
6.971,201.73,836.61,38.3,54.17,31.02,15.513
13.594,71.62,1294.28,29.4,75.7,15.65,26.856
10.405,175.5,1042.48,33.41,88.93,23.95,123.23
4.593,60.33,640.25,35.19,58.56,30.47,1.497
3.785,58.32,602.3,20.71,57.43,24.34,3.251
5.984,160.16,701.45,36.57,59.97,17.42,22.175
5.023,8.32,727.69,33.19,76.41,7.4,6.371
4.836,37.08,673.34,16.59,88.33,16.91,12.807
11.415,29.97,1096.92,21.56,48.54,14.28,30.342
5.721,102.3,742.23,30.66,47.22,24.91,14.04
12.464,117.07,1178.26,26.9,93.62,18.35,63.009
13.665,251.14,1255.06,19.43,72.87,21.92,105.057
8.758,230.23,901.76,22.74,59.09,18.26,57.167
7.024,93.53,846.98,22.59,40.01,15.32,28.266
8.161,2.99,901.61,38.05,92.08,17.91,51.196
6.222,83.24,745.85,15.18,60.55,16.84,24.4
4.796,265.36,673.99,24.74,60.81,12.19,10.709
11.41,327.58,1116.97,35.19,77.66,29.26,174.536
7.542,307.25,840.24,19.56,55.93,13.16,26.138
9.85,67.6,1004.17,15.48,42.73,8.07,7.658
5.961,257.47,772.4,33.18,52.8,15.26,21.023
6.427,287.81,792.82,39.95,65.5,30.31,10.396
13.468,20.17,1249.78,34.39,43.93,30.25,273.156
11.99,298.17,1165.58,18.05,82.25,18.29,68.401
11.114,12.06,1035.44,26.52,82.4,19.18,76.742
10.496,112.36,1120.52,23.08,74.6,20.63,88.553
5.786,229.87,754.95,19.97,88.81,8.39,9.18
9.962,116.82,1059.64,19.18,55.19,5.27,3.677
3.462,282.05,577.93,26.88,72.79,9.73,4.003
4.005,222.71,616.17,38.27,94.83,24.34,3.42
10.715,284.93,1122.37,18.15,52.8,27.7,128.101
11.861,157.94,1148.08,19.82,77.91,31.96,186.152
8.338,157.5,922.94,22.37,78.34,15.43,42.916
11.056,99.12,1092.94,35.78,90.3,9.65,8.785
6.252,94.81,759.37,24.18,40.04,10.57,13.726
3.206,308.46,561.36,34.4,53.13,21.17,1.62
7.262,188.67,827.11,27.44,70.33,24.23,41.234
4.215,188.35,671.48,16.67,85.94,11.06,7.9
8.339,35.55,900.36,29.28,86.0,26.04,60.47
5.815,131.89,760.93,30.15,43.9,19.74,21.909
12.787,28.78,1164.43,35.03,43.34,17.48,48.276
7.06,255.04,839.31,35.59,54.62,14.12,26.361
13.391,345.81,1244.68,17.43,79.88,20.79,95.813
5.736,225.12,729.91,19.47,81.21,24.16,16.349
6.938,165.14,829.63,31.63,88.56,17.05,35.5
6.713,56.94,793.42,39.96,64.37,34.74,5.848
6.571,133.82,791.67,34.1,63.68,21.89,30.124
5.353,275.65,740.46,38.15,53.97,16.91,15.666
10.989,353.86,1118.46,29.89,68.47,14.01,31.982
5.441,308.06,712.54,15.54,85.21,21.61,15.52
9.12,333.33,961.72,18.87,42.08,16.01,49.427
9.404,83.88,944.27,35.28,45.05,27.03,83.64
10.959,285.45,1083.1,19.32,85.41,32.23,117.563
9.548,108.14,1006.7,33.27,71.7,28.13,88.421
6.827,294.17,826.51,25.41,87.73,24.58,30.127
9.625,4.12,1002.07,34.44,61.04,21.2,90.677
4.645,180.86,663.0,20.52,42.78,18.37,10.978
9.546,181.7,988.67,20.55,55.94,7.48,7.7
9.286,17.75,938.34,24.98,44.68,8.91,11.486
4.484,201.35,666.37,27.2,75.87,27.07,4.535
5.709,25.79,747.82,34.42,57.79,25.15,14.356
7.659,125.39,891.88,23.02,72.66,34.63,12.935
9.778,356.46,1059.27,26.06,48.02,10.99,18.407
7.112,272.78,891.05,36.32,46.18,32.8,11.049
12.556,295.25,1224.75,15.34,78.16,5.68,1.572
5.299,193.68,708.78,20.1,68.78,26.9,9.028
4.555,251.55,655.87,15.46,72.07,10.11,7.405
6.124,284.11,764.62,30.45,42.92,16.66,23.866
5.984,306.75,806.84,31.5,87.54,24.48,17.537
5.543,137.05,706.85,39.42,45.48,20.95,18.458
5.051,180.23,712.12,26.45,90.95,20.88,13.462
6.669,141.62,782.58,18.93,59.07,12.09,20.662
13.761,180.45,1323.75,35.3,74.42,29.45,260.7
3.324,199.78,605.24,22.0,48.34,7.63,2.61
7.204,345.82,842.51,30.31,74.4,9.58,15.311
13.676,327.5,1283.63,23.23,69.82,21.24,103.265
11.801,310.53,1139.15,22.72,78.78,34.87,144.413
13.734,52.25,1270.75,38.33,90.44,33.46,288.135
4.302,114.34,647.54,36.99,79.99,17.42,7.44
7.524,159.48,879.88,38.34,89.18,28.37,32.314
4.174,66.51,630.44,34.06,73.66,11.93,7.812
5.554,247.46,698.46,23.98,77.85,23.14,15.252
10.832,134.63,1097.23,36.3,67.03,5.97,3.245
11.41,5.41,1122.3,21.75,62.72,27.73,164.99
3.727,333.76,581.35,39.64,87.69,18.73,5.08
5.715,145.75,722.77,16.05,80.44,23.35,17.504
11.167,213.77,1116.34,28.13,88.17,18.55,73.606
12.097,15.27,1140.31,39.9,68.53,21.73,117.804
8.677,227.03,922.98,16.23,56.01,29.83,53.833
8.075,152.09,885.32,30.33,43.0,29.9,38.921
7.969,260.15,927.55,17.83,82.83,9.06,11.878
7.549,162.32,859.44,19.47,72.47,18.64,46.373
5.751,249.02,738.53,37.68,83.81,8.42,8.751
7.943,130.66,897.79,28.1,61.12,33.49,19.637
7.165,137.02,803.62,34.21,90.17,9.5,13.407
12.557,64.39,1188.25,32.8,63.08,18.39,64.816
9.891,42.32,1008.88,18.29,51.16,18.76,72.231
12.41,195.66,1196.38,15.14,88.55,19.27,81.328
7.512,28.59,827.55,30.0,53.46,21.73,47.995
12.078,17.61,1219.02,18.71,75.93,25.01,165.174
12.218,107.44,1167.25,38.01,42.7,25.16,161.455
9.722,248.94,1023.23,29.87,83.3,22.37,94.977
13.246,33.53,1243.97,22.48,60.27,17.82,53.086
9.055,105.42,961.08,18.36,78.2,20.74,74.533
10.654,220.34,1023.61,17.73,80.14,19.51,77.165
10.575,336.2,1052.21,39.66,55.8,20.76,95.295
13.945,127.39,1263.21,18.24,70.94,19.78,67.801
4.979,219.39,694.08,32.71,93.86,23.76,9.479
4.297,305.31,622.88,34.99,94.94,21.81,6.59
10.013,4.07,1036.21,20.03,55.49,20.2,87.9
6.563,2.21,790.75,32.15,58.77,5.87,5.886
4.932,118.99,723.98,23.45,76.99,24.37,7.814
8.296,225.79,891.85,37.3,69.53,17.42,50.66
11.168,300.64,1097.06,22.48,79.87,11.25,15.308
10.54,287.83,1086.66,37.2,59.45,5.94,3.05
13.82,225.54,1263.9,36.06,71.4,30.94,288.957
11.267,253.9,1091.03,22.86,41.74,12.13,18.071
7.971,342.26,925.4,20.4,56.63,28.33,44.261
13.047,159.76,1220.95,15.62,66.55,32.71,252.871
11.057,188.51,1134.05,34.39,47.88,33.14,119.421
10.444,47.78,1053.31,33.11,65.27,5.12,1.977
13.256,247.34,1243.87,29.86,44.79,20.62,90.168
10.249,112.49,1064.05,29.44,57.17,10.78,15.081
6.043,114.89,772.75,26.03,46.47,5.46,5.852
9.852,185.06,1014.2,20.16,59.27,26.13,113.966
6.116,88.14,751.56,16.78,73.73,8.9,10.742
8.178,243.18,892.06,17.65,42.96,22.88,60.751
9.52,301.02,979.75,32.48,73.9,26.39,97.701
10.38,192.05,1042.83,39.34,81.57,29.39,120.247
13.117,168.58,1235.01,26.39,77.65,11.95,10.194
5.462,309.99,691.2,30.42,90.21,24.96,12.295
11.677,317.67,1121.02,26.33,41.66,18.84,77.53
4.879,276.46,718.56,30.11,47.01,28.9,4.133
6.585,233.8,776.78,34.81,69.3,23.63,28.41
9.027,350.6,976.93,24.6,58.74,28.53,73.478
7.789,283.44,874.39,28.61,52.99,32.93,19.037
9.316,175.19,939.8,29.8,65.46,10.29,15.704
13.515,25.06,1272.26,17.72,84.77,19.83,76.204
10.262,32.59,1076.98,35.43,88.8,5.01,2.184
4.614,53.72,649.19,28.28,61.45,25.45,5.401
6.483,205.3,815.84,37.83,56.75,34.48,4.758
6.787,32.14,800.75,15.2,94.25,13.83,25.237
7.061,197.6,840.32,16.33,78.68,30.84,16.965
12.522,84.69,1191.33,32.56,61.68,16.45,40.637
8.996,238.5,919.22,26.87,50.35,30.2,60.862
4.697,359.08,673.4,31.75,47.39,26.64,5.169
8.354,157.22,901.81,39.76,44.66,18.68,55.427
11.678,217.59,1112.49,25.64,49.89,18.5,72.7
6.908,66.88,830.27,30.11,71.79,20.05,36.026
7.519,196.62,825.78,24.17,93.8,8.39,11.236
8.297,248.58,985.52,18.55,80.22,28.37,44.189
8.114,28.16,861.25,37.25,44.86,33.81,20.878
3.859,228.13,634.09,34.95,57.19,28.36,1.581
8.158,184.56,848.81,26.73,80.36,28.95,44.935
6.181,12.72,765.69,38.07,81.22,6.84,7.075
8.205,60.87,920.58,16.29,94.47,13.6,29.098
3.908,182.01,629.38,36.29,55.28,30.74,1.184
3.156,40.16,580.45,19.37,72.55,29.24,0.922
5.874,252.28,764.24,27.12,83.97,7.53,7.724
4.596,336.22,705.36,18.85,67.28,12.14,9.442
7.842,229.53,863.1,20.27,80.39,27.66,43.231
4.276,60.34,639.75,24.97,56.58,20.98,6.226
7.178,254.02,840.74,26.86,47.98,32.82,12.527
7.937,244.26,943.75,39.04,77.56,24.12,50.296
13.518,155.44,1259.2,37.95,87.21,7.95,2.311
10.198,140.82,1040.17,34.33,81.2,10.85,15.609
6.711,248.5,784.38,19.5,70.12,5.36,4.602
4.075,37.41,623.68,26.15,52.07,5.71,3.982
4.011,337.86,656.7,31.42,85.95,26.24,2.443
4.32,308.32,669.87,18.25,76.1,34.01,0.182
12.856,250.44,1257.06,21.33,65.68,32.68,223.35
6.04,153.71,754.12,37.58,82.34,7.22,8.363
11.548,137.81,1154.12,23.32,43.3,18.22,69.799
8.409,334.29,907.89,30.26,49.81,28.06,56.617
5.402,231.6,725.1,37.82,79.35,22.14,14.977
5.757,160.52,704.5,37.41,48.19,24.94,13.973
5.931,252.02,694.28,37.62,71.61,19.72,20.609
7.797,303.86,878.2,34.52,83.2,33.62,17.169
11.998,173.54,1141.93,29.18,91.43,17.02,54.741
9.955,345.18,1036.87,17.27,69.4,18.79,75.156
11.432,233.21,1115.2,19.42,42.16,25.88,160.125
12.861,227.02,1197.17,23.98,44.67,9.2,3.773
5.124,259.11,727.2,29.82,66.91,14.23,13.587
8.873,300.33,961.65,26.23,94.77,28.63,65.279
3.471,42.55,549.67,35.18,76.7,31.23,0.612
4.638,208.56,688.35,38.12,42.03,19.14,11.106
13.098,16.49,1244.43,32.53,47.18,14.22,21.457
11.731,164.23,1152.58,19.27,72.51,19.91,92.815
11.791,79.41,1178.53,35.11,63.44,25.35,144.393
6.567,351.31,819.46,29.4,47.55,27.93,18.405
9.524,120.78,964.39,18.02,47.77,21.6,86.395
7.825,333.24,901.89,16.02,45.5,28.33,38.791
3.172,175.31,596.46,15.16,49.87,31.61,0.638
7.578,290.67,875.05,34.31,78.08,20.69,48.336
7.532,337.71,874.73,30.26,42.07,33.51,15.723
9.899,281.73,1024.27,23.7,40.25,20.91,88.139
4.053,130.28,633.8,34.03,69.68,24.78,4.378
6.041,69.74,788.57,34.92,77.69,10.29,12.671
10.372,15.52,1034.59,31.12,55.68,29.15,124.198
11.342,15.59,1140.99,33.51,90.87,19.55,89.407
4.277,322.23,633.17,33.04,72.6,25.31,4.447
6.583,280.43,793.73,23.15,45.39,16.27,26.941
5.427,169.56,754.21,27.11,88.98,18.65,19.187
7.261,49.11,860.33,33.0,74.76,8.82,12.267
10.614,21.47,1056.97,18.41,86.84,15.31,43.436
12.75,217.31,1205.37,34.74,75.09,34.1,215.432
12.405,31.13,1226.99,36.42,66.91,30.11,212.973
6.071,262.81,747.46,33.4,53.57,31.75,6.616
9.509,53.63,1003.74,29.34,40.28,19.12,72.275
11.455,12.1,1142.7,28.28,66.36,18.57,73.852
5.646,201.06,746.59,15.31,80.25,13.87,17.722
10.124,32.66,1024.15,26.99,56.77,27.42,115.352
3.269,163.74,535.68,34.3,88.08,16.11,4.254
8.107,228.02,918.93,36.51,43.89,5.98,5.671
7.685,97.12,884.72,38.65,69.83,7.43,7.586
12.689,264.87,1189.02,16.37,91.99,8.33,2.176
7.021,222.89,818.78,24.14,49.64,26.28,30.802
5.252,353.25,648.51,20.97,46.25,22.4,13.221
13.55,75.53,1259.55,33.63,52.4,25.41,180.919
6.049,22.81,748.69,23.63,66.74,26.29,16.515
10.461,191.83,1079.97,22.31,74.15,29.26,122.652
13.35,23.63,1304.55,37.3,65.18,13.65,16.155
13.523,39.37,1218.59,21.9,78.34,20.62,86.904
9.9,105.54,1038.78,39.24,69.78,18.32,65.174
10.092,104.95,1042.95,16.57,87.95,24.34,112.461
7.529,123.41,829.78,31.15,57.95,30.26,24.575
7.898,109.47,896.21,18.3,83.41,19.53,51.338
13.678,277.11,1265.59,16.18,59.42,32.72,272.484
10.83,102.69,1073.42,39.33,86.16,9.6,8.56
5.617,14.81,730.91,22.92,46.96,21.87,19.035
3.382,114.1,565.52,23.6,60.51,14.05,4.255
13.125,145.64,1221.28,27.49,48.0,5.13,0.869
11.123,351.22,1085.99,23.28,78.8,33.32,129.155
13.788,206.54,1310.07,18.68,71.09,25.67,195.183
11.048,324.06,1092.22,18.49,70.3,30.23,151.266
7.906,33.29,872.25,16.38,75.27,33.07,21.062
6.057,8.12,756.83,28.46,64.5,20.35,25.698
5.139,114.39,719.3,30.13,91.89,9.44,8.641
12.392,133.07,1151.69,24.32,55.66,31.23,221.245
3.964,262.03,626.35,26.11,94.59,29.17,0.908
13.674,152.58,1270.77,37.41,47.68,11.23,6.354
8.221,312.31,949.7,39.67,43.64,7.65,8.614
7.504,329.19,849.91,25.36,70.57,9.11,13.025
5.046,137.44,714.99,28.85,42.32,14.12,12.818
9.152,166.84,967.37,15.67,40.13,30.03,72.37
8.198,235.37,869.36,37.32,62.94,12.34,24.01
4.313,99.8,642.36,39.86,43.67,21.97,5.461
12.552,226.08,1225.42,26.9,78.18,22.26,129.045
12.298,58.63,1196.01,16.46,57.58,9.9,6.622
5.999,151.03,750.35,37.8,59.58,33.09,5.076
8.653,275.92,938.89,19.58,45.2,31.17,41.946
12.095,246.59,1168.22,22.53,77.7,22.4,124.862
12.056,4.64,1147.14,27.95,60.52,32.32,195.086
4.127,55.64,658.11,20.53,50.36,29.94,0.939
8.782,191.55,968.14,28.78,81.6,7.29,8.539
12.007,332.43,1136.56,26.99,57.14,31.69,198.855
9.574,274.89,1046.19,23.55,79.04,11.67,19.912
12.425,51.25,1201.81,20.66,46.89,25.72,183.669
11.624,27.98,1151.97,34.37,81.65,28.79,180.7
8.648,21.34,972.02,17.97,53.92,27.64,65.008
11.606,331.24,1148.48,20.14,89.56,7.72,4.741
12.304,339.06,1202.4,38.72,59.13,26.86,197.455
5.66,205.28,752.3,17.48,71.8,10.75,13.228
6.1,324.6,778.95,28.43,93.55,20.13,25.927
10.785,131.93,1098.64,29.73,64.18,15.64,44.883
7.176,77.14,850.73,20.69,46.21,8.31,10.675
4.495,274.42,677.24,32.62,70.64,8.47,6.016
6.12,216.14,736.32,22.8,93.69,13.72,20.767
12.409,67.96,1156.56,16.74,86.26,10.38,7.447
13.986,176.99,1295.32,17.63,64.09,9.3,2.599
7.407,212.6,862.72,17.54,90.89,34.26,11.493
6.725,214.19,828.42,39.77,46.75,13.36,22.558
10.848,209.49,1072.05,21.82,83.42,19.27,82.875
9.635,145.6,1006.52,27.11,55.34,12.52,26.371
8.47,226.21,934.85,18.37,45.48,25.34,66.83
13.693,137.75,1273.0,31.98,48.4,7.3,1.229
11.268,276.33,1100.98,34.82,51.11,12.85,20.271
6.78,309.48,837.03,28.67,92.39,32.45,10.059
7.22,113.24,872.17,24.41,65.28,30.81,18.742
6.333,254.18,774.5,27.29,47.4,8.28,9.448
10.425,237.63,1010.41,32.13,71.47,20.2,85.022
7.305,178.09,805.25,39.27,73.93,14.61,31.642
3.31,16.24,574.76,35.92,59.19,31.74,0.184
6.754,35.05,787.4,23.63,59.66,12.43,22.358
10.129,213.31,1031.09,37.76,43.6,5.59,3.81
6.587,165.93,813.97,36.58,71.24,25.88,24.047
9.468,354.88,953.01,24.44,61.47,8.0,8.343
10.426,120.95,1040.56,27.57,82.07,15.9,48.681
7.796,178.9,896.78,36.18,83.29,13.62,29.57
3.523,358.64,589.06,25.05,52.42,30.33,0.404
4.042,121.26,607.91,16.68,84.07,28.87,1.615
10.167,108.66,1025.17,35.1,63.81,17.07,55.547
9.875,163.16,1060.18,34.09,49.93,30.88,87.709
9.345,76.66,927.9,39.05,80.82,20.98,72.297
9.759,276.88,992.34,25.84,71.14,15.93,45.558
4.625,54.17,644.39,32.13,56.52,29.91,2.548
3.709,73.28,590.5,25.31,85.3,23.04,2.841
7.465,40.88,870.61,19.8,53.51,21.79,46.776
7.797,232.89,892.88,15.93,48.76,29.11,35.334
10.245,63.35,1041.69,36.31,93.01,30.79,99.319
3.923,216.58,596.96,36.68,89.53,24.72,3.357
3.993,339.54,652.6,33.11,47.73,32.99,1.045
8.742,298.43,943.83,38.74,91.24,12.14,24.537
4.345,290.41,613.47,23.23,72.14,12.08,8.51
7.652,51.94,852.52,19.38,93.35,22.68,49.766
8.394,134.89,887.17,38.72,57.41,33.9,24.821
12.674,337.31,1214.05,24.07,79.36,34.0,221.205
9.664,302.93,991.1,31.56,91.75,12.19,22.476
9.08,111.34,972.3,38.96,59.96,31.01,55.111
12.434,139.85,1214.54,37.74,61.61,7.71,2.912
12.05,84.77,1199.89,20.26,88.96,31.38,176.16
11.434,146.26,1153.88,15.85,87.65,19.13,76.374
7.543,302.82,882.81,32.93,88.22,25.95,38.871
8.57,126.67,930.63,30.05,84.74,5.82,4.82
3.573,230.97,609.57,30.75,83.51,23.85,2.834
6.451,29.6,834.92,18.95,68.4,27.89,16.706
12.317,246.87,1147.15,34.82,57.57,12.82,16.215
10.562,297.64,1054.62,34.99,50.93,31.29,111.738
13.392,318.36,1292.63,20.61,92.15,23.8,148.963
12.975,350.69,1244.69,19.96,78.57,17.87,57.433
5.862,32.06,778.07,24.2,92.1,18.05,23.54
13.12,163.33,1238.46,31.84,46.52,30.86,259.661
11.603,103.67,1160.0,27.35,47.16,34.86,123.937
6.113,243.79,778.25,25.46,62.47,12.85,19.127
9.794,326.64,1012.55,24.24,77.63,9.0,11.046
6.556,249.49,785.26,32.17,79.23,12.69,19.457
4.048,21.15,696.19,23.32,52.92,33.18,0.0
13.639,215.36,1276.67,33.71,42.5,14.08,17.623
7.342,133.52,832.25,39.2,70.78,20.11,43.026
13.234,316.04,1236.31,18.3,57.45,8.51,2.793
3.486,46.03,586.25,36.79,85.91,13.49,3.559
12.646,220.66,1189.58,34.04,54.51,14.47,25.961
13.94,274.92,1273.36,18.78,86.92,6.6,0.071
4.635,82.75,657.85,15.9,54.31,34.86,0.094
13.199,14.69,1218.54,23.91,79.0,30.38,265.884
12.536,44.52,1208.83,17.34,87.75,20.26,92.853
6.001,320.72,788.11,29.64,72.1,22.12,22.278
7.581,27.66,869.84,34.21,77.23,25.44,44.419
10.487,141.9,1070.63,29.76,92.32,7.43,5.393
12.138,237.43,1173.12,26.35,92.54,34.09,172.991
10.218,342.32,1038.64,23.12,80.23,22.07,102.94
5.325,17.53,721.1,31.09,57.77,33.56,2.175
7.195,143.59,846.45,19.45,93.08,30.57,19.493
4.792,280.62,668.69,22.12,81.39,19.73,10.865
7.756,290.29,902.51,22.75,77.67,29.96,30.761
8.639,176.26,913.27,37.14,66.2,27.69,63.333
11.921,220.99,1182.75,25.85,63.43,18.91,77.802
5.467,247.05,700.79,18.88,67.24,13.72,15.107
7.811,326.59,918.64,26.94,48.17,30.25,32.066
8.754,106.37,956.73,16.19,44.21,17.75,53.841
4.039,237.91,624.36,29.21,53.94,20.1,6.333
4.253,238.17,631.07,19.49,50.02,31.3,1.253
6.274,211.4,762.66,26.37,76.86,34.0,4.5
12.585,67.39,1165.56,19.63,81.09,8.19,2.571
8.878,2.1,915.75,17.92,49.45,31.06,52.799
13.624,216.68,1299.75,27.17,74.02,25.21,186.707
10.593,142.2,1082.47,22.57,46.88,5.48,2.862
13.676,309.24,1264.19,20.23,75.67,23.78,148.703
11.69,68.73,1139.75,22.52,65.49,9.98,8.646
4.677,252.94,689.12,39.1,65.93,11.04,7.997
9.264,300.18,952.96,16.27,40.43,34.38,38.742
12.335,265.35,1181.44,29.9,70.49,19.58,80.405
9.501,220.14,956.64,31.97,84.92,20.85,81.833
7.642,113.71,845.1,16.59,89.11,19.84,47.136
13.329,124.84,1252.48,32.44,41.14,15.32,26.522
5.553,79.09,689.1,37.73,58.65,24.71,11.536
4.443,105.62,670.75,32.78,92.79,27.04,2.734
11.756,287.91,1140.97,36.11,74.2,25.01,156.695
4.42,71.81,581.74,30.14,45.55,14.11,9.203
5.304,16.94,701.5,15.45,88.45,29.84,5.096
12.839,11.51,1213.68,16.59,63.68,11.72,10.587
5.836,122.52,761.03,23.88,42.57,9.54,11.276
10.591,185.54,1094.25,31.74,78.85,18.71,76.459
12.258,39.94,1195.69,17.65,73.58,29.71,200.243
3.462,37.95,597.78,30.75,87.9,13.76,4.572
7.857,182.12,870.66,33.31,45.46,9.13,13.438
12.335,158.08,1190.09,25.39,82.3,15.24,35.739
8.555,30.68,908.07,24.31,81.52,9.55,15.324
11.289,151.82,1095.67,20.7,84.1,18.76,78.408
12.376,286.06,1193.74,24.04,41.64,29.19,208.799
13.38,30.52,1264.41,22.87,94.01,27.78,239.264
10.262,230.93,1021.05,37.56,43.18,24.81,113.084
8.718,106.46,922.69,25.05,77.45,27.28,65.376
13.002,2.84,1268.17,21.99,69.03,18.39,61.284
5.256,195.99,690.5,34.71,75.86,28.45,5.142
7.45,71.03,836.23,22.54,42.03,27.2,35.389
4.386,357.09,619.5,22.1,45.11,27.71,2.889
4.76,10.04,676.05,34.91,72.59,26.8,6.106
13.857,39.76,1275.91,16.5,60.51,6.43,0.53
10.161,44.91,972.65,22.45,80.53,29.16,104.784
13.879,203.62,1260.87,37.36,74.53,15.51,23.409
6.13,282.52,760.11,32.87,76.98,12.43,16.687
6.606,209.65,831.42,35.57,59.87,29.85,14.62
3.901,22.39,592.65,37.21,66.19,20.79,5.272
9.471,186.82,967.77,24.87,54.5,18.2,67.979
13.241,176.23,1258.45,39.33,85.31,26.33,207.494
4.423,253.63,657.36,36.58,46.49,27.39,3.678
13.385,132.96,1249.51,38.8,73.09,22.15,117.61
3.443,55.19,574.66,24.29,94.51,28.74,1.335
4.564,212.26,673.68,16.22,89.18,29.57,2.216
8.377,44.04,891.28,23.72,87.87,21.97,66.848
12.903,281.29,1194.06,26.88,79.6,20.14,81.103
8.07,161.97,878.37,26.23,87.65,24.94,60.509
7.506,83.82,911.12,24.88,69.75,27.08,33.526
10.105,311.74,1048.35,32.68,71.46,21.83,96.571
4.362,201.37,639.29,19.81,74.03,22.11,6.941
5.083,171.3,710.16,37.42,46.62,5.57,4.814
11.654,88.3,1099.91,32.64,88.82,23.21,122.867
7.42,16.19,830.66,36.55,41.28,30.79,22.395
6.491,92.58,798.26,17.87,45.46,12.67,19.498
3.986,110.45,604.36,25.18,49.31,5.82,3.111
3.644,140.38,586.85,23.0,62.71,29.83,1.238
4.331,72.92,602.75,33.8,72.23,16.55,8.513
4.266,21.83,614.63,26.62,62.39,12.01,8.173
12.748,96.9,1217.58,39.09,77.13,28.56,212.307
6.351,146.43,800.75,17.1,74.97,16.2,28.203
13.838,281.53,1314.29,28.44,63.31,5.03,0.151
8.111,298.57,959.77,22.23,93.46,19.47,51.137
9.577,302.22,978.84,24.5,59.33,20.31,79.537
3.5,266.11,577.89,29.08,56.54,9.19,3.857
9.121,100.6,991.35,25.8,73.57,25.46,81.565
6.769,94.09,812.12,33.82,64.9,15.25,28.36
8.058,215.82,896.96,15.4,78.05,19.3,54.845
12.916,242.17,1216.02,25.33,89.24,21.14,99.8
11.66,233.68,1161.3,16.94,41.7,25.17,152.545
6.883,292.6,836.92,35.69,59.69,25.91,28.212
3.093,166.57,561.2,38.41,64.45,13.43,3.496
13.135,128.82,1230.16,17.25,73.74,12.03,11.072
8.432,130.68,918.8,22.02,89.75,10.88,18.997
12.032,142.59,1136.55,36.75,71.3,24.8,159.128
9.223,245.66,983.5,29.13,43.59,12.79,27.48
9.269,82.07,993.73,28.08,83.02,34.76,37.926
10.623,191.86,1015.87,21.32,70.81,24.23,125.887
13.374,18.67,1279.42,38.47,63.79,25.41,187.567
8.132,130.13,906.22,33.98,88.61,17.6,49.373
7.937,1.86,884.65,19.87,44.5,27.12,48.5
13.759,152.58,1296.66,16.86,53.75,23.78,155.728
4.064,172.79,610.53,35.2,72.59,12.51,6.949
4.186,85.81,612.38,23.52,42.99,33.31,1.336
11.533,223.04,1124.96,34.1,74.39,6.82,3.05
3.367,112.78,617.95,36.19,43.58,18.26,4.285
6.316,225.43,760.03,16.64,77.27,16.44,26.27
4.054,270.71,623.72,20.83,72.98,16.52,6.966
11.747,316.78,1189.16,30.48,58.68,18.62,70.65
6.61,69.29,839.7,17.57,72.73,10.81,15.778
9.305,229.45,978.46,21.41,63.16,12.29,24.786
11.767,21.78,1190.73,22.79,63.97,14.34,29.489
12.737,279.18,1202.93,18.69,56.98,5.24,1.31
9.451,244.19,1017.88,16.43,67.89,17.66,56.622
5.149,72.13,679.97,37.71,83.19,25.84,8.482
13.801,215.91,1322.14,23.28,71.81,17.56,42.717
4.785,163.55,675.8,34.73,42.32,11.69,10.43
5.533,224.61,747.69,20.98,80.4,27.2,9.347
5.258,66.33,713.1,39.75,59.95,8.46,8.022
6.196,69.99,777.26,29.64,82.1,10.93,14.971
4.916,318.74,669.49,32.97,58.69,5.64,4.641
12.272,327.83,1152.61,15.52,77.26,8.33,4.626
13.297,109.83,1222.61,21.0,84.52,34.31,232.567
13.975,317.4,1335.24,36.96,43.6,28.85,266.212
5.108,136.15,715.91,24.36,72.98,6.39,5.768
9.776,68.08,1010.91,28.39,83.43,28.87,95.357
12.601,306.54,1209.5,39.21,88.72,19.12,72.331
10.299,23.35,1032.03,27.72,81.32,19.96,87.49
8.107,115.86,895.02,24.35,78.2,13.05,27.528
7.41,331.63,857.11,29.6,42.01,30.9,22.555
7.355,110.16,872.37,37.22,71.43,21.52,42.204
4.478,30.25,630.31,26.11,59.34,23.63,6.208
7.687,168.32,862.69,25.22,84.25,10.39,18.565
5.572,232.33,745.35,23.98,44.53,24.31,13.738
11.645,333.58,1158.07,17.46,43.92,10.9,12.109
6.622,108.98,794.29,35.39,77.59,34.94,5.571
13.982,270.86,1321.87,33.5,90.18,29.67,255.544
11.614,145.37,1123.94,25.14,71.9,20.38,98.338
11.373,53.74,1123.19,24.94,52.48,20.47,97.098
11.646,272.74,1147.55,33.06,65.38,10.64,9.762
11.471,251.26,1107.45,20.24,64.75,22.33,117.242
4.412,339.61,661.51,15.24,84.57,17.57,9.258
10.543,145.21,1064.46,34.47,69.57,28.56,131.925
13.144,55.33,1220.48,38.82,58.16,23.24,134.158
12.536,352.86,1186.7,20.11,61.48,8.26,3.595
9.265,162.55,1005.15,37.37,45.13,5.96,5.264
10.579,175.9,1089.27,19.67,43.82,11.99,20.9
10.255,25.19,1070.73,16.44,68.52,17.33,63.801
4.727,39.87,728.02,28.41,66.3,30.97,2.534
4.429,74.04,617.6,25.81,79.03,33.17,0.908
9.462,180.89,1007.3,32.12,55.15,6.92,6.451
7.392,290.72,872.78,28.15,90.07,22.28,43.072
11.11,103.65,1093.38,37.02,65.1,13.92,27.19
9.743,291.59,1045.42,19.38,53.7,18.73,66.725
13.019,66.04,1252.74,29.22,61.65,31.12,243.023
6.012,226.11,745.95,22.3,90.4,11.52,15.093
8.428,357.26,933.58,28.82,94.74,28.0,57.755
6.586,162.34,788.38,21.32,67.83,25.83,25.051
11.247,137.22,1111.88,33.65,87.07,8.44,6.162
13.089,117.76,1268.69,33.72,66.66,12.27,11.242
13.45,50.49,1266.9,35.51,86.29,8.02,2.144
6.236,192.48,777.23,24.77,44.27,9.6,12.664
6.939,78.0,830.0,15.86,77.13,30.1,17.377
11.927,230.76,1144.42,32.91,89.34,6.57,2.663
3.051,278.07,544.47,34.18,91.09,7.74,2.529
7.639,356.14,860.81,23.43,50.57,31.47,23.876
11.766,298.96,1139.8,19.2,49.19,14.81,32.721
9.183,68.24,986.18,20.18,69.79,11.41,20.313
6.922,62.5,799.46,25.05,57.39,6.98,8.565
11.966,233.98,1167.84,24.22,43.7,22.97,139.445
13.814,36.65,1298.41,28.4,94.48,33.77,296.95
9.599,353.31,1040.58,32.41,77.28,14.96,41.287
9.989,318.23,1006.8,22.95,86.84,23.26,107.285
9.435,137.65,927.97,31.01,52.78,11.98,20.935
9.78,322.84,1016.61,22.72,80.59,6.8,5.034
7.12,106.78,889.21,18.79,51.24,22.94,36.164
13.405,266.13,1235.32,23.22,55.3,20.63,83.11
13.753,233.3,1298.05,22.21,41.3,12.27,8.591
8.932,326.39,942.12,31.63,53.66,23.24,79.16
7.196,115.79,845.86,26.06,40.33,10.77,17.582
9.978,50.95,989.11,20.11,45.05,32.95,71.434
5.599,28.14,727.44,33.12,57.13,10.29,11.884
5.739,102.73,734.26,26.21,74.96,7.4,8.558
13.698,143.37,1240.75,19.19,64.28,27.81,236.035
12.016,285.68,1192.71,15.5,60.98,32.65,166.914
9.547,55.01,972.42,33.17,54.15,16.25,49.704
9.666,25.9,1016.44,18.42,65.81,5.39,3.996
8.508,261.12,990.27,27.29,90.91,16.19,39.573
8.385,230.78,974.93,29.71,62.48,16.54,44.745
9.222,69.92,1011.27,25.91,54.04,20.29,72.15
8.375,247.86,956.0,32.41,75.8,12.27,23.425
3.38,292.73,568.15,30.77,77.2,12.84,3.525
8.01,245.18,940.49,21.36,73.12,5.37,4.603
11.481,231.98,1084.61,37.92,61.87,20.56,90.937
5.077,152.26,674.13,35.74,53.91,24.75,10.423
7.211,110.87,838.82,25.29,88.2,24.09,38.159
11.544,123.98,1157.75,18.57,81.18,14.24,29.157
13.857,293.9,1282.2,15.04,43.84,24.64,159.821
11.063,61.43,1107.4,24.37,78.72,33.45,120.401
7.957,293.17,908.4,19.64,43.24,12.78,26.808
12.925,147.17,1239.1,30.67,74.34,13.79,19.43
7.155,99.63,799.53,23.55,72.21,8.02,9.953
3.672,270.65,610.92,15.18,72.03,20.67,3.798
3.08,217.07,585.2,39.67,81.88,15.11,2.935
7.724,133.48,899.48,37.25,94.97,24.95,44.471
7.163,20.61,859.4,23.9,58.16,25.95,35.397
10.977,319.67,1110.23,18.47,73.11,25.98,145.656
11.966,132.63,1138.16,30.46,76.24,10.64,9.923
13.848,344.72,1286.78,35.32,40.91,29.23,275.708
6.581,159.95,789.66,30.17,62.01,17.84,32.146
13.246,335.1,1284.44,39.67,87.14,13.82,16.632
5.146,51.54,718.34,28.0,71.45,8.84,8.105
11.765,108.49,1160.73,31.83,70.18,18.39,66.877
4.272,238.55,641.28,21.02,51.64,7.68,4.426
7.784,257.68,914.2,19.01,91.09,11.61,19.577
5.834,171.47,767.04,37.44,46.77,26.76,13.332
3.995,249.04,625.12,36.8,91.25,24.32,2.735
7.147,258.28,815.86,33.4,60.99,30.68,16.955
11.893,80.48,1193.51,17.89,44.82,33.12,160.343
11.191,41.8,1142.41,24.19,86.93,5.05,1.683
3.681,192.82,590.19,36.18,93.89,25.38,2.597
11.762,187.11,1125.23,30.04,52.22,18.82,78.888
4.592,339.44,629.63,35.93,67.49,9.38,7.546
10.319,288.47,1024.14,32.57,72.94,8.7,9.681
13.965,254.35,1260.64,26.96,85.58,16.3,27.4
13.793,119.93,1282.94,35.7,51.58,26.01,189.373
3.578,311.56,537.24,19.48,66.81,24.78,2.921
12.334,356.78,1155.37,28.7,58.56,27.73,195.604
7.302,190.02,863.17,22.08,78.3,16.81,40.786
4.44,270.82,674.98,29.51,84.28,18.73,8.009
4.801,49.52,687.21,32.4,56.01,27.45,4.996
11.089,3.29,1071.5,33.15,71.66,9.43,7.588
13.454,153.76,1320.56,36.04,90.93,10.39,5.67
3.577,352.9,627.72,31.25,72.64,17.12,4.821
3.374,86.71,614.32,27.22,77.84,16.26,3.684
10.61,286.32,1095.41,31.46,82.78,13.26,25.486
10.185,132.24,1005.51,18.0,44.55,20.29,86.348
3.253,206.27,569.93,29.32,55.05,10.43,2.772
8.326,232.05,923.52,25.84,71.43,32.27,32.515
11.747,66.56,1119.73,35.32,41.09,29.37,172.631
8.374,186.8,922.65,29.62,79.26,27.59,57.995
13.622,323.14,1289.88,19.52,72.95,29.02,269.03
4.353,46.37,600.93,20.16,48.87,6.05,3.713
13.779,182.21,1233.64,24.09,69.94,5.0,1.032
6.307,340.64,764.19,27.99,83.05,22.31,26.871
10.646,188.16,1057.27,39.65,59.37,7.97,6.305
12.017,85.36,1198.35,19.7,56.48,23.06,121.871
5.376,129.26,732.72,18.21,74.23,16.45,17.452
12.94,144.02,1195.6,17.08,53.98,21.08,103.347
3.776,263.76,615.29,39.88,78.32,24.72,2.923
12.026,217.78,1194.37,25.49,48.44,5.78,1.719
9.64,27.91,996.69,18.12,46.05,24.21,102.526
6.991,120.07,825.92,21.83,87.79,16.31,32.982
13.657,136.31,1296.8,17.63,90.91,14.2,17.795
12.035,176.26,1189.36,28.22,78.53,23.22,142.563
12.862,61.47,1201.49,38.66,61.43,34.04,220.023
8.849,214.06,954.1,36.24,66.23,20.41,71.341
4.71,45.49,708.31,24.47,80.45,34.23,1.115
10.783,89.68,1113.08,30.22,78.87,28.95,135.278
8.525,99.3,963.37,25.69,91.79,14.16,31.677
12.437,341.08,1204.31,25.16,57.2,26.9,207.967
13.394,59.44,1233.3,16.44,80.89,31.23,259.152
13.584,152.63,1243.87,27.72,80.19,34.94,276.01
12.769,251.24,1253.35,25.14,73.9,26.42,187.648
10.729,269.88,1123.89,21.11,80.64,31.41,108.877
8.809,219.31,925.43,30.18,93.06,20.71,68.311
5.476,27.04,747.4,35.99,68.25,16.37,18.117
7.106,40.76,791.86,37.85,53.74,8.54,10.96
6.291,105.68,761.89,20.33,80.59,14.14,21.568
13.264,231.47,1218.23,35.64,41.95,19.65,73.825
6.913,221.59,872.62,23.21,59.46,10.58,16.217
6.9,36.48,804.8,27.3,44.66,8.72,12.178
8.362,56.03,901.89,31.42,52.44,17.85,52.742
5.004,292.16,698.18,17.72,64.12,15.61,13.301
7.774,129.33,881.26,36.76,50.92,16.84,42.195
11.183,324.36,1073.78,19.01,50.94,12.97,23.313
7.632,198.04,849.71,35.0,79.29,31.45,24.034
8.52,332.48,938.61,36.08,61.39,5.63,5.353
4.711,180.0,660.38,34.18,53.01,34.29,0.453
11.112,156.36,1106.89,22.24,66.73,9.57,9.183
8.624,89.81,955.24,34.17,87.53,29.62,48.693
5.183,254.33,686.61,35.25,78.56,34.78,1.177
9.503,228.41,1070.22,20.73,47.28,32.87,54.039
7.689,221.93,855.01,17.27,42.8,24.0,50.1
5.546,121.02,713.94,26.98,68.04,13.08,15.453
6.086,126.37,770.76,25.45,57.59,6.56,7.245
11.192,76.31,1123.96,26.8,89.97,33.45,121.556
6.999,109.57,778.81,17.42,40.75,14.94,27.138
11.154,130.1,1083.42,34.47,69.09,11.3,15.286
7.225,319.39,865.44,18.26,80.84,32.37,15.03
10.198,68.56,1071.48,32.62,90.9,15.29,41.315
10.979,356.27,1112.26,20.05,79.64,21.51,112.829
5.778,315.75,795.31,36.34,89.87,18.45,20.193
10.891,327.91,1117.45,16.69,63.05,5.66,2.402
9.591,250.81,961.49,18.22,42.5,25.81,92.018
11.148,143.1,1122.85,32.12,87.86,27.52,156.769
7.226,280.57,847.29,25.02,54.93,11.53,19.94
10.664,316.5,1067.14,34.77,65.05,14.1,32.109
5.424,254.97,736.5,28.8,49.41,6.17,5.79
4.63,318.1,673.86,38.18,54.87,12.47,9.131
12.058,192.45,1150.97,15.03,59.11,7.5,3.024
10.76,197.74,1064.75,33.05,62.46,6.72,3.846
11.975,296.62,1193.95,20.48,93.09,21.12,107.884
13.766,280.15,1285.46,34.51,45.85,24.61,156.985
12.57,228.35,1208.41,28.77,84.93,22.45,131.807
11.885,271.04,1154.63,18.89,52.74,32.07,164.819
4.031,65.34,634.96,19.63,87.43,26.88,2.874
10.123,7.58,1011.46,19.07,49.78,7.08,6.112
3.793,88.29,632.61,37.73,93.37,26.8,2.037
11.888,217.19,1178.02,24.45,41.14,24.33,153.26
3.481,89.4,583.85,17.09,47.84,33.99,0.115
13.534,38.28,1265.86,33.4,58.61,19.41,69.233
9.191,159.96,979.8,19.08,58.25,25.76,90.316
9.902,44.31,1014.7,35.62,45.65,30.09,96.159
4.56,328.38,682.03,15.6,63.49,11.78,9.744
12.669,138.51,1223.08,37.11,85.25,8.3,3.545
4.119,344.11,671.8,23.93,73.86,32.6,1.454
12.851,217.62,1193.34,19.45,69.18,9.51,4.444
10.34,108.56,1097.34,35.44,59.16,24.85,115.256
13.262,291.86,1309.93,32.78,44.2,9.46,3.658
10.214,115.29,1050.9,24.76,79.67,7.02,4.73
9.356,345.45,1002.06,21.96,44.97,16.55,54.449
6.512,152.58,798.93,32.34,62.77,29.06,15.044
10.193,88.53,1013.02,25.47,67.34,29.64,102.237
7.231,209.15,827.27,25.55,71.78,26.09,34.807
5.587,1.03,671.25,39.85,40.94,32.63,2.731
3.655,125.77,607.34,36.22,87.67,9.32,3.893
12.386,349.86,1196.26,37.82,53.34,9.13,5.092
13.583,253.43,1297.13,24.44,41.45,26.04,194.986
10.29,26.56,1073.14,35.94,87.88,7.37,5.865
3.848,204.91,628.64,35.34,48.23,27.44,2.52
10.684,107.82,1084.08,25.29,58.55,13.6,28.039
4.715,317.22,666.91,15.8,81.31,29.98,2.605
10.479,315.35,1088.36,28.85,85.62,26.28,128.204
7.66,56.45,883.71,39.33,68.68,11.36,19.809
9.809,78.81,972.34,19.59,81.03,29.5,85.752
8.153,112.75,927.38,31.05,85.5,24.4,59.318
5.142,39.02,703.06,16.95,73.18,13.47,13.709
8.957,23.51,947.6,29.93,81.61,24.15,85.881
3.356,96.9,537.52,39.42,71.06,6.37,2.001
6.46,339.66,784.21,15.21,59.62,10.85,16.897
11.27,261.25,1137.31,39.35,78.65,27.24,149.532
4.111,290.7,605.04,18.75,72.29,30.56,1.562
6.191,54.55,804.17,26.58,88.69,31.53,7.771
11.882,235.52,1187.34,34.22,48.86,26.86,173.569
10.165,334.88,1028.7,23.54,83.19,30.68,106.954
7.74,320.64,885.1,34.35,61.32,7.25,9.419
4.676,226.0,699.57,27.44,84.26,21.41,10.152
13.658,281.32,1256.05,17.18,45.18,9.84,4.726
6.081,130.8,766.18,17.23,49.86,19.2,25.039
5.816,315.6,768.58,31.26,47.72,6.19,6.791
12.449,144.34,1213.0,36.43,90.44,30.35,218.91
13.472,134.53,1262.02,32.06,67.83,25.48,197.777
9.827,231.79,1019.59,33.53,53.46,30.59,87.144
6.197,56.95,750.16,24.98,44.01,7.81,9.594
8.125,231.29,937.28,37.5,65.57,32.52,26.145
13.147,276.56,1209.58,19.99,58.08,19.59,75.255
10.725,171.44,1095.04,21.96,42.11,24.21,137.112
6.522,11.28,815.32,30.03,60.92,17.9,31.286
8.208,19.47,900.08,36.7,92.4,24.07,61.009
3.92,24.93,604.62,25.13,56.41,20.74,4.465
10.366,93.4,1073.54,35.76,45.08,27.6,114.3
4.81,125.74,671.52,25.48,66.15,25.9,5.993
6.902,249.44,826.26,24.73,40.55,7.33,8.174
10.348,221.94,1091.84,23.09,94.25,27.1,121.566
6.482,54.18,798.83,26.47,48.11,34.1,5.305
7.47,187.45,864.4,15.09,64.78,18.48,44.625
13.664,35.08,1251.6,20.47,93.85,9.98,4.365
7.153,125.31,832.64,38.81,93.45,29.41,21.625
3.178,322.8,554.79,27.55,87.73,18.68,2.332
7.514,126.8,862.13,28.56,68.77,10.27,16.592
7.712,63.68,838.91,29.87,69.85,25.66,45.514
7.812,101.97,932.29,30.51,90.88,29.18,30.264
4.142,233.86,589.93,30.41,62.62,32.82,0.649
4.097,159.88,622.1,29.53,41.79,11.69,7.722
8.001,137.19,940.53,19.89,65.83,32.42,25.363
7.542,295.35,887.07,32.6,80.76,11.72,20.867
6.12,316.66,773.38,21.61,86.12,12.25,17.45
12.902,149.24,1194.9,15.39,48.44,29.6,242.57
9.599,120.63,1006.22,38.98,94.61,10.78,17.871
10.089,298.28,1060.56,35.03,71.78,34.32,65.546
4.911,325.5,720.36,27.93,64.06,20.13,12.842
9.946,282.34,1024.28,36.08,74.5,33.46,66.978
5.241,33.58,701.47,25.94,74.59,26.23,8.826
13.127,28.36,1261.35,24.56,80.83,23.95,165.088
6.939,86.3,803.58,37.45,56.33,28.4,20.552
11.647,277.34,1174.2,31.48,55.12,24.15,135.487
9.373,37.23,1003.29,26.48,72.77,31.84,64.632
4.021,177.93,600.92,24.03,86.11,5.66,3.93
3.809,345.32,593.68,16.91,77.8,32.25,0.822
11.894,64.73,1127.65,15.25,49.83,5.94,1.562
13.735,357.75,1269.93,27.1,73.77,27.25,238.965
13.192,69.42,1232.75,15.74,41.27,31.01,248.119
4.263,78.1,631.6,23.19,52.09,13.03,6.843
8.297,343.16,902.85,23.71,70.33,19.87,64.716
8.639,143.98,917.34,19.83,49.51,13.43,30.361
7.321,210.11,864.79,34.16,57.14,19.63,41.934
12.711,152.55,1189.89,33.68,84.87,17.88,55.97
9.239,134.63,981.48,30.82,43.53,20.34,77.722
9.456,105.65,1015.72,35.67,75.48,5.9,4.178
4.979,116.17,721.4,34.77,59.68,16.16,13.535
11.575,44.03,1123.77,22.96,40.6,28.86,182.64
12.886,202.19,1214.78,24.64,73.1,13.34,17.788
9.687,318.01,1029.15,36.5,44.12,27.69,96.282
6.496,115.24,715.62,19.93,84.15,17.64,26.157
4.365,61.61,628.66,23.17,61.06,24.31,4.962
12.417,355.66,1208.19,37.79,55.64,31.87,212.129
13.098,14.08,1277.91,31.12,43.82,26.7,214.779
6.021,271.33,746.15,25.01,70.6,16.8,23.388
10.661,163.65,1092.44,36.22,93.19,23.54,124.471
3.322,17.22,559.05,15.26,45.78,18.07,4.362
4.872,68.82,743.19,37.56,60.29,33.02,0.416
12.548,93.49,1212.61,34.62,46.09,14.88,26.585
9.74,292.49,1030.35,21.75,49.37,8.79,10.32
12.481,271.09,1175.43,37.19,93.12,8.67,4.061
8.803,208.04,930.95,31.53,93.7,11.77,23.815
5.902,106.64,776.93,17.07,70.72,27.06,11.675
5.265,28.09,725.39,39.29,43.31,29.56,4.91
5.067,37.63,645.87,20.22,72.48,27.81,5.37
6.43,163.45,802.32,18.85,67.75,15.91,27.556
13.726,312.43,1291.01,27.84,82.9,9.93,4.298
6.379,313.14,813.19,31.21,48.1,12.22,18.157
12.835,67.33,1204.01,15.71,76.4,32.81,225.412
3.925,155.33,608.63,18.77,67.62,13.18,6.83
4.076,233.5,620.24,33.3,63.24,22.82,5.25
8.825,177.7,911.81,25.84,77.46,11.59,21.648
3.585,12.85,608.17,21.65,43.62,23.61,2.916
10.874,141.09,1103.8,17.53,80.37,11.17,15.33
11.643,125.15,1140.6,22.2,72.8,20.1,92.661
10.705,171.63,1079.51,22.63,89.87,7.08,5.28
5.061,323.95,671.88,18.55,40.7,10.33,10.166
5.902,27.71,696.48,31.98,86.92,22.49,18.971
8.371,89.1,849.74,17.73,85.04,30.06,36.382
8.778,60.23,933.17,18.66,45.17,18.58,61.862
11.083,356.33,1100.92,21.43,66.76,15.58,45.245
10.812,320.89,1112.69,34.36,87.13,8.38,6.399
10.544,262.16,1089.68,15.52,93.83,9.25,8.3
8.476,87.97,900.17,33.53,93.53,10.82,17.871
13.503,229.94,1245.03,39.14,88.24,18.48,52.308
13.541,189.69,1289.8,21.63,77.35,17.52,45.885
13.933,111.36,1278.43,16.03,68.6,18.0,45.192
8.005,348.54,923.21,34.81,55.86,25.57,53.733
8.129,54.08,891.9,39.17,74.31,13.65,29.687
11.798,5.61,1145.35,16.02,55.57,14.17,28.811
7.734,237.69,863.87,15.02,53.83,30.77,27.002
10.319,276.8,1040.93,18.88,44.73,10.9,16.852
9.437,29.06,963.83,20.47,66.02,24.11,98.888
7.648,348.09,863.15,17.45,54.37,21.92,53.152
10.468,116.09,1066.05,29.45,77.58,21.63,103.228
6.312,30.82,755.92,29.17,74.56,31.28,8.761
7.806,49.9,917.02,26.05,57.23,19.05,48.966
7.704,151.38,815.32,25.26,41.52,17.63,42.744
11.314,221.48,1106.37,22.56,53.35,21.3,110.471
9.221,105.6,974.81,33.88,61.6,29.22,71.107
12.624,165.68,1225.86,16.36,43.01,15.0,28.973
4.071,104.61,664.95,27.04,58.22,25.23,3.501
11.133,19.09,1105.29,20.13,47.93,11.71,16.985
10.432,306.81,1062.25,22.52,57.1,19.55,83.952
10.566,41.3,1076.63,15.0,73.21,11.13,16.464
8.211,299.78,926.72,26.1,43.06,34.48,20.311
12.023,303.02,1146.85,28.67,85.19,23.51,136.912
7.756,229.03,869.0,19.62,85.02,27.25,41.426
9.013,171.42,991.1,22.25,76.71,25.03,84.712
7.303,251.15,841.31,17.68,62.93,18.71,40.634
9.206,3.97,1003.26,22.57,75.48,6.28,5.2
12.978,346.61,1220.58,26.7,79.77,15.73,35.8
12.414,181.15,1187.21,23.72,78.84,24.68,175.611
6.871,258.92,821.81,23.48,79.34,27.88,21.851
6.332,141.81,760.43,37.9,75.48,24.77,22.75
9.336,333.87,1000.08,34.38,68.9,33.66,49.309
6.829,222.29,823.18,25.09,42.47,7.9,10.089
4.168,336.32,678.6,26.91,81.8,26.98,2.634
5.603,323.93,731.94,19.35,89.09,6.93,6.629
9.731,41.21,1014.57,36.17,44.01,30.22,84.292
13.159,115.62,1277.39,32.47,60.77,10.99,6.913
5.777,157.51,766.92,22.15,51.07,29.26,9.203
5.115,209.56,710.95,30.73,76.78,31.8,3.506
6.955,146.89,838.95,28.66,43.96,32.33,12.966
10.065,178.62,1011.41,35.81,71.37,23.55,111.231
9.146,49.63,965.08,16.68,63.51,7.34,7.64
11.606,107.36,1121.22,17.95,52.68,11.72,14.272
13.347,332.02,1303.68,21.28,78.68,34.04,262.634
3.823,207.13,584.7,36.33,91.25,6.7,3.579
10.673,39.91,1075.24,26.77,90.46,15.14,41.86
5.87,120.43,710.23,34.12,47.66,32.73,3.857
10.297,316.18,1101.47,20.89,44.01,26.09,117.484
11.421,12.73,1098.57,39.53,92.24,7.42,3.604
9.066,340.78,995.48,21.76,42.3,24.51,87.007
7.747,109.23,885.13,36.25,93.43,28.21,35.757
11.925,192.31,1158.5,36.51,77.51,6.56,1.846
11.422,250.36,1144.12,25.74,63.48,31.91,153.238
13.808,132.38,1305.91,19.84,64.01,22.66,126.45
5.498,269.09,654.11,37.21,83.62,5.45,3.668
10.918,292.54,1095.59,16.92,46.97,15.49,41.9
10.207,87.93,1031.44,22.31,73.34,7.3,5.542
5.752,195.71,706.58,27.37,80.44,11.61,15.96
10.844,338.91,1070.02,34.51,56.1,13.03,24.979
10.675,181.24,1066.31,16.35,89.52,13.39,27.841
5.239,49.37,705.38,39.4,52.68,16.17,15.382
11.98,51.11,1148.48,39.45,78.41,8.43,4.122
8.488,12.15,932.08,21.95,61.13,13.37,31.774
9.707,178.33,1026.4,36.57,61.16,10.53,16.498
7.742,18.81,873.14,22.63,69.79,23.26,54.383
12.825,332.17,1186.71,37.69,84.56,15.23,28.226
12.122,156.27,1173.49,25.69,80.11,8.28,4.252
7.269,259.67,870.11,31.95,87.22,22.18,39.843
9.251,186.81,977.53,19.06,60.97,8.96,10.831
3.167,287.85,565.37,38.77,44.7,15.13,3.969
7.341,221.6,858.38,24.04,76.26,23.24,42.918
4.367,204.64,659.04,23.02,54.55,18.2,9.884
8.131,347.72,904.64,27.01,86.44,33.17,25.4
6.041,219.72,778.97,22.85,43.52,13.28,20.431
12.56,45.8,1198.17,30.76,48.08,8.43,3.654
3.424,246.4,621.17,36.51,71.89,6.82,2.916
10.86,93.26,1103.08,21.44,77.31,26.55,134.014
9.606,125.9,984.89,16.94,64.41,14.77,39.278
7.085,296.17,841.65,25.4,75.3,14.8,29.65
11.67,120.59,1077.32,25.2,75.86,23.66,132.097
4.763,16.06,707.74,38.26,90.15,29.24,3.261
8.619,281.11,926.39,27.7,71.98,29.92,50.232
3.359,261.45,587.22,24.53,94.88,33.07,0.295
5.47,181.26,686.62,29.36,70.15,30.43,5.456
8.805,18.52,930.31,26.81,68.84,30.08,58.59
6.224,87.85,755.37,21.08,82.22,27.45,14.962
4.27,86.78,625.28,33.32,88.41,20.17,7.24
13.061,235.2,1209.82,30.13,64.69,29.8,245.066
4.378,193.54,635.97,34.41,62.42,12.81,8.857
6.156,112.98,801.16,17.04,63.16,23.98,20.497
11.499,323.95,1146.12,36.91,40.85,21.64,114.666
13.231,267.43,1214.97,18.16,41.87,34.7,227.177
4.456,312.08,637.55,37.97,89.73,21.71,7.83
10.832,42.85,1057.51,37.44,89.41,34.82,87.643
3.498,265.95,564.87,23.87,64.69,30.04,0.878
6.182,171.76,775.96,18.37,50.09,33.1,4.347
3.922,322.42,602.25,29.84,60.34,18.16,6.027
8.595,211.71,927.79,38.62,45.33,21.92,71.744
12.87,208.74,1215.51,36.1,63.47,10.35,6.987
4.575,293.04,668.51,33.37,94.41,22.25,8.246
9.77,35.81,1010.36,22.12,46.52,31.56,82.542
6.173,330.37,802.74,39.72,81.44,9.23,11.194
5.275,301.96,760.6,33.87,41.5,21.19,13.087
11.789,2.4,1168.95,35.81,41.42,22.13,130.123
11.053,187.52,1131.82,35.78,56.22,30.34,149.256
7.888,155.62,926.93,21.58,87.55,8.49,11.564
6.891,28.46,804.73,34.83,80.0,13.28,25.106
9.937,184.62,1003.19,34.43,78.87,18.0,70.256
13.256,285.91,1224.26,22.94,86.28,6.07,0.118
9.979,2.87,1063.64,18.42,60.69,12.96,27.575
4.666,292.99,683.49,33.34,55.54,33.52,1.932
12.429,269.8,1179.17,15.08,43.7,10.34,6.955
7.6,94.71,848.13,24.51,72.11,24.71,43.174
4.981,108.04,644.26,20.8,56.07,16.77,13.181
6.928,173.15,851.86,17.41,46.18,13.62,25.268
13.663,117.14,1257.71,31.56,46.37,8.41,2.242
10.667,253.73,1085.1,34.34,66.61,17.36,57.233
5.583,104.73,731.49,27.69,88.94,28.15,7.943
5.878,114.34,705.32,24.78,64.31,13.05,17.733
11.01,122.34,1071.19,35.46,56.97,10.0,10.676
5.268,225.1,691.88,38.7,73.73,5.6,5.603
10.945,288.87,1130.56,17.26,78.76,21.59,100.364
10.204,186.71,1060.97,24.05,50.91,30.79,109.522
5.523,288.46,734.26,37.77,58.23,33.2,3.391
3.397,7.21,557.91,38.51,45.64,9.71,4.14
6.316,82.8,777.69,34.31,53.6,28.52,13.598
10.208,47.23,1052.58,33.51,54.85,26.66,120.618
11.386,149.54,1112.92,15.37,85.66,27.08,164.292
11.719,69.94,1133.49,30.14,57.17,5.7,2.389
6.015,72.96,738.58,21.61,76.08,7.79,8.709
13.636,201.96,1258.91,27.08,89.92,5.52,0.593
8.467,141.71,939.62,24.32,70.06,34.26,26.016
7.371,83.56,837.2,24.25,70.97,29.29,25.093
13.734,34.34,1264.99,19.23,87.57,9.24,3.013
9.781,170.47,1019.84,33.08,71.17,12.56,27.384
6.426,121.63,763.55,18.77,57.68,5.17,5.026
10.594,271.81,1056.41,34.87,70.01,14.66,35.409
10.798,185.2,1094.5,36.47,94.6,25.98,141.507
7.133,272.48,848.49,19.05,81.15,34.16,9.241
3.43,152.71,541.79,19.27,84.17,21.41,2.992
7.393,106.83,885.9,25.89,56.18,20.67,43.189
9.766,133.79,997.37,31.26,47.78,23.42,101.478
10.859,186.98,1141.1,21.28,65.46,26.6,140.036
12.376,48.72,1217.48,28.11,85.62,9.51,5.904
3.738,351.71,593.46,22.8,50.32,14.93,5.618
3.672,168.73,583.03,18.91,59.27,23.86,2.706
13.207,98.85,1229.63,35.52,87.75,23.74,139.757
7.436,91.71,868.35,28.53,76.27,26.92,34.222
6.08,94.66,727.07,17.56,83.83,14.9,19.833
11.492,213.18,1157.1,21.93,84.4,19.2,80.66
4.849,282.01,684.37,39.73,45.02,9.94,7.937
12.621,116.4,1181.38,37.4,42.87,24.95,163.546
6.598,180.14,780.97,17.93,70.81,19.23,33.871
6.429,187.91,821.32,28.27,88.58,33.36,5.219
12.17,256.09,1133.52,36.0,70.83,25.56,159.207
9.137,156.75,952.7,23.7,41.39,25.1,90.992
11.013,76.96,1121.7,28.99,94.88,10.37,11.068
11.224,3.84,1134.77,26.05,68.93,7.82,5.275
7.058,91.35,849.52,38.04,73.37,19.36,35.875
3.483,250.38,632.64,21.33,74.39,30.9,0.281
13.203,359.0,1197.56,30.81,66.97,27.52,223.488
11.882,13.75,1181.28,15.72,89.18,31.13,191.472
4.448,151.05,646.65,36.15,43.08,7.92,5.708
8.985,354.03,1008.35,19.85,73.77,30.45,59.224
6.481,255.35,819.03,37.64,72.28,33.22,5.991
7.435,301.58,868.97,31.74,43.57,26.87,34.933
3.924,159.62,601.41,21.89,50.93,27.4,1.985
12.216,1.16,1163.11,21.84,59.29,25.89,191.279
9.228,166.68,975.46,17.91,44.98,22.73,88.242
13.623,276.02,1269.14,34.72,51.96,26.73,203.726
5.714,301.43,753.74,31.06,89.58,8.98,10.813
3.587,254.13,586.73,19.45,47.72,10.65,4.798
12.719,63.76,1212.26,22.37,78.37,22.36,128.973
6.837,231.06,818.31,26.24,74.71,30.04,16.583
7.242,193.66,816.39,20.27,78.62,28.89,27.239
5.282,251.88,712.17,27.59,85.64,28.2,6.052
5.84,168.37,738.4,15.79,46.34,9.19,10.964
9.455,134.02,1030.93,24.45,72.36,23.88,94.982
12.563,2.84,1197.38,25.54,58.41,32.39,229.383
6.369,168.06,793.13,19.65,41.2,22.28,27.853
7.785,143.76,863.48,35.85,53.89,25.36,49.315
6.302,349.48,802.68,36.94,81.97,17.63,27.441
11.515,343.43,1076.65,25.02,41.57,31.6,159.291
13.618,339.42,1276.15,19.96,93.48,14.99,22.417
13.559,349.32,1280.82,22.73,82.12,9.96,3.912
3.009,53.1,570.69,37.07,56.57,11.1,3.056
3.992,88.1,601.4,32.12,86.51,15.34,7.053
8.179,247.24,883.03,32.47,90.21,26.19,51.624
11.394,34.5,1153.55,18.21,81.97,31.94,155.897
12.018,262.93,1193.26,25.61,61.66,27.21,179.995
9.451,79.81,977.14,30.21,82.23,29.7,76.677
9.716,270.61,1021.14,37.86,75.51,11.34,18.174
7.789,122.25,874.29,31.35,63.41,29.64,33.316
3.383,345.06,560.5,25.54,48.99,18.95,2.905
3.909,246.98,617.11,17.54,87.44,14.57,6.446
9.322,138.24,1008.4,26.37,66.74,28.14,84.399
6.332,93.11,789.46,30.85,73.2,16.18,24.314
8.209,120.62,923.75,28.38,60.07,20.95,57.168
7.218,242.9,871.41,18.76,58.54,10.93,17.402
11.941,261.95,1159.48,26.37,42.67,19.69,84.288
7.038,320.1,817.65,32.16,53.88,29.58,20.953
8.97,64.34,943.91,23.92,40.96,22.87,81.961
6.93,13.18,830.84,33.47,53.67,26.8,27.869
9.962,155.2,1020.43,21.87,93.45,29.77,100.115
12.184,263.77,1199.93,28.09,65.21,9.4,6.015
13.745,229.61,1294.73,37.05,61.01,32.82,288.9
11.242,152.11,1112.89,15.56,92.27,31.49,152.382
12.205,156.04,1178.5,17.91,50.54,20.42,100.706
12.397,87.75,1151.3,34.97,60.58,18.11,56.269
11.216,280.19,1069.25,21.92,76.93,25.35,134.872
5.999,146.59,771.48,15.47,62.79,22.97,21.62
13.735,114.54,1279.87,20.53,40.99,13.63,14.025
10.832,297.71,1074.82,29.7,74.91,32.9,113.285
3.138,122.61,523.39,23.66,64.44,11.32,3.457
10.675,242.27,1115.16,21.39,41.77,23.94,116.119
9.175,124.31,959.73,20.19,94.17,14.46,37.388
10.42,10.64,1042.69,30.62,49.17,34.87,77.832
3.257,350.41,576.91,28.91,66.99,8.95,4.468
9.678,305.88,1040.6,17.42,52.01,10.36,15.034
4.75,279.91,638.02,33.36,62.06,17.55,11.585
9.592,114.99,1049.8,24.08,45.81,27.85,86.914
6.496,192.83,763.79,24.8,87.25,29.78,13.732
7.944,332.61,868.12,19.44,55.86,18.92,52.476
4.895,326.62,708.22,24.58,75.92,24.09,8.691
9.808,49.89,984.03,30.5,94.94,33.36,61.868
6.575,89.98,817.34,29.23,65.96,27.29,19.184
12.719,235.48,1223.61,28.8,87.49,16.07,36.738
12.621,63.08,1199.05,38.43,90.68,31.83,217.134
5.277,166.02,753.38,21.13,73.18,34.18,1.584
8.502,40.02,941.07,30.1,58.22,18.87,59.651
13.587,2.48,1329.12,15.81,77.23,30.87,256.474
3.774,150.15,638.0,21.5,79.38,24.41,3.453
8.876,8.54,946.84,27.02,79.93,29.67,64.769
11.456,130.81,1113.44,32.92,68.14,8.72,5.814
4.606,94.5,674.81,35.63,81.45,17.39,10.356
6.738,328.67,837.56,34.89,51.55,7.22,9.02
12.891,176.97,1218.99,21.12,54.3,28.62,245.025
10.695,204.56,1089.6,29.86,81.87,11.63,19.003
7.079,130.58,850.7,22.28,91.96,19.26,40.172
7.838,106.16,895.6,33.59,78.23,16.53,40.696
10.004,10.08,1013.57,20.29,56.66,26.63,116.317
11.2,358.6,1122.61,25.15,74.02,9.68,10.156
12.379,113.15,1176.6,24.36,87.6,20.76,99.093
4.929,322.97,673.4,15.36,92.08,11.73,11.167
6.061,280.09,744.98,34.73,75.75,32.38,5.652
12.969,302.39,1214.12,36.14,83.07,11.08,7.737
10.307,143.46,1079.81,17.47,58.12,21.04,97.13
11.154,314.14,1091.22,39.26,43.08,12.68,21.166
11.134,248.29,1096.88,31.27,53.48,6.21,2.348
9.701,198.71,1014.04,17.28,50.45,32.09,73.27
8.748,21.91,920.5,20.69,72.21,21.11,72.611
11.596,114.79,1146.26,30.85,50.8,10.92,11.936
8.966,77.4,916.42,27.18,71.31,8.35,9.058
12.752,279.86,1196.35,19.87,84.32,5.01,0.451
11.3,216.49,1088.4,27.32,49.71,33.54,131.991
6.296,312.21,758.21,21.23,55.14,18.2,27.929
13.75,340.45,1312.79,27.19,57.56,9.89,3.813
3.721,155.53,569.65,22.62,90.89,21.16,4.405
5.009,280.37,668.67,34.07,51.73,20.91,11.751
4.132,108.02,639.21,30.24,71.41,27.99,2.324
11.644,306.85,1209.65,30.25,48.64,24.6,137.273
11.676,280.71,1095.51,21.73,91.31,14.11,25.891
4.595,120.14,637.44,23.85,80.99,16.81,11.013
7.588,274.4,838.6,25.1,93.28,34.25,13.062
11.438,7.01,1123.41,32.61,51.47,16.2,48.031
6.54,284.73,800.17,23.14,70.8,20.09,31.259
12.42,38.46,1154.95,21.08,57.9,19.1,75.185
13.682,16.56,1304.69,31.49,77.83,13.4,13.324
9.674,135.01,1003.9,17.54,75.18,32.71,67.394
4.221,48.34,641.13,33.75,57.85,9.55,5.753
4.655,107.59,667.49,20.0,44.84,27.88,4.331
5.868,191.17,750.32,22.29,41.2,28.58,10.22
10.825,113.03,1037.16,36.34,89.78,10.52,12.202
8.152,165.89,898.84,23.33,77.27,27.43,52.58
3.255,42.91,563.49,25.27,61.8,20.85,2.686
13.043,184.41,1265.93,15.41,64.05,28.95,242.149
11.692,177.12,1141.87,29.37,74.89,34.23,147.376
11.586,191.43,1186.05,34.96,86.55,23.3,135.672
13.922,270.69,1292.12,34.18,63.7,31.42,283.359
11.128,234.16,1090.35,16.83,75.63,25.78,150.485
12.022,155.66,1214.4,15.54,71.61,5.57,1.573
5.478,153.77,712.32,21.47,52.26,18.73,18.754
10.319,277.17,1088.41,29.36,59.51,9.58,9.723
11.503,74.21,1093.51,19.54,41.44,28.38,157.797
8.941,343.68,960.11,23.19,57.34,14.09,37.385
7.667,97.59,863.01,38.41,51.95,31.97,20.223
7.836,300.3,881.29,24.38,64.42,16.41,40.44
7.915,143.7,892.57,20.14,60.93,10.25,17.129
13.046,260.83,1258.21,18.04,81.61,23.15,134.599
11.247,114.08,1122.03,19.77,94.18,12.66,20.116
4.232,164.5,597.79,15.18,84.19,15.64,9.061
13.403,301.15,1229.83,25.85,86.63,7.53,3.645
10.079,140.29,1029.82,26.78,92.32,14.7,40.694
4.548,89.64,680.78,29.11,47.04,27.87,3.83
3.673,288.86,581.84,36.66,76.35,9.72,4.73
4.897,337.06,688.83,39.13,80.81,31.37,1.991
4.203,58.45,597.2,27.44,56.83,12.96,6.95
6.532,281.98,843.69,23.29,88.89,32.41,7.835
3.511,135.73,591.15,29.96,68.89,31.92,0.45
4.013,355.75,671.87,17.81,66.16,21.1,5.321
4.478,217.18,601.54,30.92,57.13,8.85,6.56
10.22,131.61,1003.82,30.34,79.4,30.56,102.394
5.159,78.95,702.41,18.25,91.83,7.84,7.179
7.442,319.29,870.72,17.63,52.44,14.86,33.802
13.714,240.61,1313.95,28.0,71.74,8.95,2.048
7.642,238.03,922.79,29.48,91.4,16.55,37.888
3.528,71.24,633.39,19.55,47.86,9.86,4.122
6.548,205.95,763.44,27.1,58.91,22.32,29.967
7.973,77.34,907.11,30.53,70.02,28.06,42.319
13.163,121.41,1255.19,37.31,54.04,21.47,102.499
10.296,240.48,1072.1,23.56,68.55,24.27,118.332
13.612,45.44,1299.85,20.68,65.16,13.87,16.286
12.606,110.53,1250.78,25.9,94.14,20.14,85.855
7.373,338.85,860.86,39.96,50.72,5.5,5.434
11.068,127.42,1122.03,30.02,48.35,29.01,148.442
6.989,82.95,817.17,38.68,69.2,9.97,14.168
9.977,222.55,1062.93,36.08,81.31,23.29,107.129
12.441,100.23,1180.52,38.98,92.19,34.16,184.795
12.831,168.48,1241.54,18.4,91.6,21.67,116.105
6.428,332.3,811.02,30.33,92.76,9.31,12.779
12.047,275.25,1171.27,35.17,92.3,24.38,149.56
7.301,69.61,866.04,35.86,43.88,31.78,16.233
4.358,266.28,611.35,38.61,48.35,27.82,2.812
3.118,42.23,542.55,22.78,45.64,24.81,0.821
6.287,44.95,840.32,33.57,64.99,32.32,6.971
6.755,97.96,818.83,39.7,60.98,19.0,31.695
9.435,315.45,992.51,32.29,83.7,8.09,8.494
13.974,217.19,1325.41,29.98,59.94,30.1,282.45
13.596,151.8,1266.94,30.95,87.58,13.28,14.245
5.768,182.82,752.6,25.49,86.0,8.03,9.321
11.866,87.39,1150.96,27.37,72.51,28.43,177.194
10.794,201.84,1027.45,35.94,60.67,16.48,49.766
9.618,212.52,992.93,34.84,92.47,27.92,94.507
6.968,242.14,791.38,37.59,63.2,15.42,29.692
11.669,306.8,1186.12,29.33,68.75,23.84,137.666
11.554,240.86,1195.37,15.64,71.18,7.96,4.453
13.127,288.68,1241.64,33.23,86.72,15.32,27.709
13.709,89.53,1208.16,26.15,42.63,12.9,9.937
11.73,75.38,1136.59,34.27,70.1,15.46,37.391
11.97,304.1,1133.44,36.42,58.36,30.09,181.991
5.503,298.33,710.36,17.53,79.71,19.92,17.51
5.048,137.77,666.53,21.62,78.91,31.87,3.103
11.302,345.35,1070.93,23.07,46.13,26.01,153.399
9.165,272.44,967.67,28.46,61.89,7.72,7.592
9.578,315.7,994.72,25.12,54.49,16.9,55.944
13.134,37.31,1258.96,38.9,84.8,22.1,117.124
3.904,359.8,580.07,26.06,42.24,13.21,6.535
8.439,299.97,929.34,39.58,53.49,11.48,21.593
3.137,87.72,576.86,15.52,73.67,21.54,1.488
9.249,148.44,942.42,36.2,71.95,34.37,38.813
11.215,254.43,1110.56,39.55,84.19,32.0,134.86
13.306,115.26,1287.72,23.93,92.7,34.59,249.391
5.716,193.78,745.03,18.22,93.96,19.27,20.813
6.448,290.61,781.2,30.1,79.61,21.62,27.807
13.836,167.5,1269.32,29.36,42.93,18.09,48.943
13.485,61.68,1288.58,29.0,70.74,31.03,271.134
4.627,245.52,609.68,16.64,79.54,26.83,3.579
10.85,176.69,1105.12,32.61,91.85,18.56,75.176
8.922,242.88,999.73,23.26,71.34,9.33,11.809
8.936,245.28,927.17,22.86,40.37,15.75,43.205
4.317,351.85,638.53,30.35,69.14,12.46,7.851
9.617,273.18,986.68,19.48,49.97,8.59,8.711
3.98,340.61,601.2,29.35,92.2,25.89,3.122
4.524,123.59,643.97,17.4,59.53,19.99,8.141
5.03,144.51,676.78,20.67,94.21,27.55,5.455
8.763,7.34,968.37,30.15,94.01,10.06,16.335
13.6,190.48,1328.22,15.12,61.16,21.9,109.5
12.453,344.06,1204.09,19.71,74.15,15.36,34.74
12.593,328.54,1236.71,29.99,71.57,31.39,222.857
4.952,53.59,716.9,35.47,41.67,33.74,1.406
13.348,290.59,1248.45,22.79,56.03,20.55,89.303
12.903,179.15,1279.01,30.09,94.85,32.86,226.584
9.028,139.98,942.49,26.2,46.4,15.97,47.793
5.634,294.33,698.04,19.71,62.24,32.63,4.235
11.92,327.48,1185.19,32.69,86.15,24.91,163.753
6.526,189.84,769.03,29.38,69.26,11.03,17.619
6.523,161.25,769.69,19.95,91.93,7.47,9.329
3.262,37.55,545.0,29.03,73.53,28.12,2.196
11.479,251.6,1150.82,28.19,42.29,22.62,121.895
12.903,195.4,1219.81,31.02,80.66,14.09,21.75
5.071,347.11,723.52,16.31,85.4,20.72,12.769
4.961,133.5,737.16,32.48,90.09,31.77,2.797
10.837,26.27,1084.07,20.09,51.37,32.66,118.958
5.266,248.18,710.88,38.11,40.26,29.94,5.242
13.828,355.35,1294.3,35.66,60.45,9.25,2.784
5.708,240.67,693.05,37.05,63.26,23.79,14.787
5.254,316.33,697.75,33.42,54.99,17.41,15.979
6.059,324.39,733.64,35.42,66.85,16.86,23.703
10.656,161.69,1066.58,31.57,52.26,32.07,115.048
8.374,66.01,917.88,23.18,91.89,32.92,29.917
7.38,193.05,861.65,22.12,71.36,29.69,26.603
12.724,342.08,1272.66,28.87,67.39,19.07,74.194
4.203,82.31,639.36,35.83,50.15,12.25,6.279
9.769,157.72,1070.56,18.57,72.84,28.0,98.48
5.079,75.76,717.01,22.95,71.28,33.51,1.388
13.14,126.04,1232.36,20.02,75.43,13.75,17.954
3.7,66.23,554.67,19.86,76.19,7.08,3.716
5.704,190.28,746.17,28.92,47.88,25.54,14.073
7.509,192.34,882.56,30.46,49.35,9.3,14.055
4.142,84.12,648.31,24.53,70.95,8.59,4.415
5.47,226.18,689.31,29.09,44.07,33.12,1.751
10.093,101.69,1035.84,30.4,64.73,23.38,101.509
6.797,355.67,829.89,26.37,90.57,15.8,31.954
4.588,229.35,713.69,19.36,93.21,16.04,10.28
3.23,289.96,562.03,18.6,65.3,11.81,2.974
7.425,302.45,832.0,23.82,91.8,27.0,35.361
7.883,139.84,853.78,24.09,57.93,11.18,20.884
5.387,68.75,697.56,19.87,88.05,32.01,2.503
9.03,275.03,967.19,25.21,75.42,8.26,9.785
10.175,108.12,1036.11,35.82,82.6,11.52,18.183
9.069,56.42,978.13,24.61,68.46,25.82,85.237
7.246,240.12,829.29,21.83,81.03,17.06,37.277
11.6,71.21,1147.76,25.28,65.77,32.94,150.694
6.478,335.89,817.23,30.31,80.44,28.61,15.566
3.943,3.12,631.17,36.56,42.9,32.05,0.298
5.233,54.22,670.17,20.33,86.24,22.5,13.524
12.111,171.03,1199.34,32.59,55.94,32.02,200.012
4.672,149.47,684.98,28.31,74.01,19.09,11.721
13.816,248.39,1282.26,37.59,93.69,18.35,48.016
11.312,48.82,1121.65,24.52,60.87,25.64,158.075
11.997,335.14,1217.96,29.62,50.0,33.4,164.412
9.235,318.82,990.17,39.7,88.76,14.0,34.174
7.33,53.81,817.29,39.82,83.5,14.62,28.213
10.825,341.55,1087.5,17.08,73.15,31.73,126.795
7.595,60.86,860.74,36.28,50.56,32.48,18.793
8.386,326.09,910.72,16.3,53.13,17.99,55.531
3.445,270.0,611.97,33.99,65.19,8.92,3.659
13.761,224.7,1246.07,33.37,41.06,16.4,31.667
3.396,241.89,596.98,32.42,58.46,28.52,0.0
7.479,123.17,831.17,38.57,79.55,13.0,24.751
13.047,330.76,1224.73,17.12,76.64,8.41,3.567
11.918,290.24,1150.33,17.68,44.09,29.04,186.586
11.568,310.93,1154.3,15.24,40.74,23.52,131.737
4.719,225.41,701.61,36.78,65.34,8.17,5.878
4.342,253.49,654.81,19.99,81.03,33.54,0.76
3.042,284.97,576.17,20.83,42.75,20.88,2.152
8.236,71.03,918.14,39.7,73.3,25.28,57.619
12.515,22.06,1208.48,19.62,40.35,9.32,5.699
8.962,350.18,973.71,32.5,78.66,14.64,39.88
13.912,58.47,1272.13,30.88,72.58,13.56,12.299
7.692,296.81,836.09,33.39,69.18,12.55,22.745
11.297,23.28,1114.49,16.57,58.93,29.53,160.676
3.879,275.2,613.42,32.9,40.66,22.64,3.598
13.08,130.13,1257.28,32.03,77.3,30.19,249.652
7.959,267.19,893.01,27.01,67.48,34.97,13.914
5.093,211.4,669.18,16.07,59.41,32.7,2.126
12.311,350.02,1173.95,26.59,89.45,27.52,207.894
7.616,8.81,903.14,18.49,57.42,16.98,41.955
3.153,284.9,551.14,31.54,49.5,7.85,2.388
7.304,53.96,830.11,23.43,41.19,33.66,12.316
9.043,81.99,909.56,27.16,79.81,9.79,13.695
13.66,21.51,1266.24,39.04,43.68,13.68,15.249
5.587,339.6,751.28,35.09,62.9,9.76,11.291
9.935,246.26,1039.56,25.72,46.7,26.74,110.593
11.878,311.08,1182.83,24.24,93.37,17.51,58.831
5.304,117.43,689.38,20.84,87.95,34.18,2.669
11.655,199.8,1147.0,29.43,58.21,14.65,34.028
9.959,349.61,1031.02,20.72,72.61,19.66,87.283
8.167,6.98,905.42,27.77,45.26,7.44,8.601
8.4,216.94,918.48,37.27,92.71,28.32,54.044
11.704,99.44,1163.41,18.58,86.63,23.99,138.487
6.599,296.94,795.63,27.06,48.04,34.56,5.812
9.652,193.07,1038.92,35.6,75.52,8.61,9.633
11.068,264.78,1093.64,19.87,83.94,17.69,62.619
12.004,3.93,1202.15,21.52,47.92,27.87,196.095
3.866,167.38,590.5,37.75,48.12,22.82,3.484
11.343,38.79,1113.88,21.84,55.18,9.89,9.161
4.414,344.2,627.46,18.1,87.73,14.46,9.551
10.926,198.05,1075.32,30.72,75.55,30.08,146.457
3.38,101.85,586.13,29.14,71.27,26.52,1.047
4.451,23.0,593.92,16.7,48.34,12.05,8.211
11.301,350.03,1118.64,23.45,62.7,21.35,111.912
8.771,231.05,966.73,24.9,48.52,18.45,58.988
4.268,328.11,620.6,21.52,53.16,6.57,4.015
12.272,81.19,1186.05,16.06,52.05,31.11,198.057
8.506,116.26,970.71,33.9,76.86,19.77,59.23
10.366,250.96,1040.43,28.75,42.21,22.48,105.359
3.079,252.66,571.38,29.54,60.25,11.38,2.902
8.899,329.47,927.05,33.61,55.48,9.8,14.615
5.217,218.74,703.97,23.36,57.99,13.56,14.929
3.317,217.21,562.3,31.29,68.15,6.25,2.731
11.851,267.41,1118.37,36.86,51.01,29.99,166.406
10.416,319.19,1091.35,35.45,59.85,22.01,104.939
12.728,90.84,1218.82,27.78,57.04,15.02,27.284
8.496,259.18,895.32,33.0,65.18,32.62,31.931
8.282,214.83,922.47,34.88,76.69,8.22,10.662
3.003,11.23,554.19,16.25,40.62,18.35,2.578
11.016,346.04,1058.6,17.43,60.24,27.26,144.495
7.101,100.79,845.21,31.34,56.36,9.26,12.814
8.026,335.61,921.67,39.58,90.3,33.57,20.958
11.72,316.9,1177.51,38.3,49.6,18.66,72.931
12.751,250.17,1208.72,21.83,41.24,25.75,182.966
5.37,143.11,689.67,24.44,42.04,10.25,11.58
3.146,323.07,591.98,31.42,92.77,26.57,0.32
5.23,96.22,720.13,31.78,92.98,29.31,5.335
13.954,15.88,1262.57,29.08,87.13,28.76,261.844
10.871,267.31,1058.09,22.16,44.86,21.34,100.845
7.106,324.66,817.86,33.15,69.74,17.21,37.829
9.382,133.96,1010.41,39.59,82.2,31.68,63.248
10.433,146.82,1059.16,39.03,44.75,32.74,96.516
10.1,162.28,1054.45,28.48,77.42,32.55,85.293
13.81,52.22,1287.47,23.54,74.8,22.21,113.013
13.75,285.22,1307.92,35.62,61.8,34.72,258.114
8.984,187.04,904.17,29.39,54.01,27.19,73.454
10.524,283.58,1078.13,27.23,57.9,33.11,91.647
8.754,294.97,910.35,20.48,59.31,8.19,10.153
10.045,163.32,1033.4,35.86,89.24,28.81,109.189
8.55,38.81,949.07,18.61,43.97,17.18,51.621
12.078,195.11,1177.49,17.41,84.8,8.63,5.017
5.043,279.38,717.86,16.78,53.94,15.73,13.22
7.433,251.21,862.27,22.51,61.33,22.69,45.823
8.263,221.33,933.38,16.05,67.02,5.93,5.907
10.707,310.02,1109.25,24.59,69.65,23.61,126.588
6.862,349.69,844.64,27.26,41.5,32.18,11.939
8.224,195.74,897.09,17.07,79.84,18.64,53.543
11.24,86.9,1098.39,39.6,41.89,30.64,144.353
5.382,147.82,744.32,15.26,47.06,33.07,1.791
7.889,180.75,843.01,26.58,78.34,24.61,55.374
3.536,210.84,607.47,32.46,67.01,9.88,4.06
6.193,119.31,779.83,17.74,48.51,19.59,26.078
3.063,279.27,559.31,35.17,89.8,10.48,2.66
6.741,245.89,771.86,36.14,52.58,32.35,9.649
4.117,50.11,605.17,33.51,92.07,16.0,7.449
10.688,7.39,1068.94,28.13,78.16,19.21,84.042
6.068,200.62,757.73,25.56,43.58,15.73,25.631
7.415,330.94,864.96,37.67,88.15,22.11,46.129
10.311,160.6,1050.39,39.91,60.53,28.7,121.162
5.041,148.77,700.8,28.99,52.77,26.04,7.856
3.123,21.6,545.65,34.7,46.2,5.27,1.385
12.684,49.34,1217.64,38.02,87.33,19.24,72.683
8.266,35.66,868.49,24.7,74.84,9.38,13.789
4.397,183.55,575.31,36.53,43.74,21.98,6.371
5.718,271.23,741.82,35.99,59.89,6.79,6.882
7.751,313.44,849.73,34.52,41.52,16.72,39.571
9.671,312.1,974.44,33.72,47.0,31.66,70.483
10.106,271.95,1027.15,18.93,72.94,17.98,64.625
3.34,23.88,598.97,17.12,89.04,16.09,4.666
7.326,167.22,837.96,35.17,90.44,14.81,32.868
6.39,341.46,810.83,27.79,61.24,25.86,21.196
13.158,217.87,1234.03,31.53,71.57,19.69,79.069
6.767,186.12,807.85,30.78,53.84,13.67,26.047
8.649,112.7,916.93,37.65,89.9,14.19,32.81
12.083,186.36,1139.09,25.29,54.52,28.05,204.753
12.796,50.14,1211.02,34.25,56.23,21.28,104.691
6.533,287.29,786.09,29.54,49.54,24.16,25.022
5.263,284.38,690.29,35.76,50.07,12.37,12.055
8.328,97.47,936.97,29.2,69.56,12.58,25.635
13.632,292.72,1298.78,39.6,40.18,32.83,281.711
8.002,356.71,878.97,29.59,55.24,6.53,7.254
7.705,353.41,864.37,29.88,66.2,10.43,18.307
6.975,288.47,818.89,16.36,86.59,13.05,23.573
11.623,333.27,1165.41,32.17,51.27,5.3,1.312
6.714,224.77,810.77,21.93,63.64,22.12,34.668
5.934,198.94,732.93,36.02,48.34,11.6,15.593
11.863,297.04,1167.16,20.08,73.9,27.21,178.788
13.765,97.1,1296.01,27.16,45.26,18.79,54.745
4.822,62.48,679.41,20.51,45.91,22.39,10.0
9.597,139.21,1036.93,20.33,45.52,18.28,67.293
11.131,138.41,1087.65,30.38,60.91,31.45,142.337
8.407,284.25,887.09,28.1,57.71,30.15,42.324
9.672,134.27,1000.02,32.59,73.05,28.64,92.469
5.278,113.12,704.35,25.13,53.68,23.01,13.209
8.167,8.74,896.47,38.38,53.42,29.0,44.003
7.278,124.27,836.03,24.52,67.0,7.68,8.761
5.804,82.28,729.63,24.16,94.84,30.61,6.153
10.095,215.68,1060.07,35.25,86.52,27.82,112.486
3.99,329.71,630.96,17.31,78.24,32.96,0.589
7.984,105.54,908.5,36.46,55.32,14.35,31.578
8.726,83.45,918.64,17.31,42.87,33.62,30.042
13.357,63.34,1272.75,28.7,91.81,29.23,243.952
5.149,256.51,706.59,16.68,45.58,8.72,7.734
8.088,273.91,917.07,33.08,48.4,5.26,4.462
12.409,275.89,1185.29,27.83,41.14,9.05,4.727
3.532,56.13,606.66,18.31,87.39,13.38,4.285
5.704,63.05,711.17,17.75,53.65,7.01,6.418
7.152,0.21,825.29,26.52,83.94,21.24,42.586
7.443,189.02,835.4,39.05,91.88,26.55,37.969
11.243,270.59,1085.09,28.09,62.42,29.15,148.523
5.276,215.93,688.33,24.19,56.41,16.28,16.576
7.11,113.24,800.69,19.97,40.88,9.42,13.549
12.517,284.59,1195.16,33.73,75.7,5.49,1.495
5.498,158.05,673.36,27.17,65.65,18.9,18.758
7.574,18.48,883.52,38.69,89.34,6.59,7.236
8.116,139.16,882.8,31.34,63.84,20.38,57.842
8.248,336.23,901.03,36.72,66.37,32.66,29.122
4.825,357.16,677.44,18.65,79.11,11.56,10.736
8.732,8.69,909.99,25.09,83.92,13.55,33.035
3.56,186.12,549.75,18.08,64.11,6.08,2.937
11.572,262.32,1193.88,29.16,43.7,16.34,42.424
10.267,158.35,1082.93,33.06,54.69,7.8,7.561
7.223,141.98,856.9,16.05,56.66,22.08,42.282
7.593,297.33,864.56,18.79,70.09,5.02,5.951
3.729,309.18,629.25,21.64,66.55,34.44,0.455
13.173,177.65,1273.7,17.0,65.28,34.38,244.265
12.357,344.04,1225.44,21.45,70.72,14.92,30.033
10.314,189.62,1019.37,31.69,85.94,29.19,116.591
11.561,88.31,1127.93,35.37,63.86,14.02,27.383
13.7,356.87,1287.78,16.28,72.54,29.72,275.309
9.105,304.02,955.09,20.47,92.59,7.96,8.919
8.964,130.68,954.55,33.56,63.06,9.87,15.095
8.293,334.23,934.45,16.66,57.27,29.45,45.314
4.695,170.34,682.73,15.76,91.57,31.37,2.104
8.41,344.98,933.93,29.71,62.29,23.32,68.989
4.814,57.31,686.32,23.18,60.73,28.89,3.756
3.093,194.53,604.97,27.32,45.08,24.44,1.092
13.91,0.75,1319.67,19.44,47.34,25.57,196.899
12.094,128.61,1189.91,29.3,42.22,6.17,1.653
9.411,355.75,995.4,30.36,85.18,16.73,56.388
13.928,38.71,1250.55,29.83,73.85,13.53,12.279
3.714,218.22,599.1,21.5,75.39,23.19,3.043
10.579,11.53,1053.93,36.3,76.58,15.76,45.598
8.598,105.72,941.05,32.64,62.06,34.54,24.553
6.403,117.58,791.08,21.02,48.18,22.63,27.339
4.295,38.76,680.45,26.22,48.21,25.63,4.355
9.372,258.71,950.46,25.88,46.74,21.56,77.465
9.464,337.48,1007.84,20.24,66.03,10.74,18.132
3.727,11.3,614.79,36.33,53.87,24.75,3.118
7.372,255.29,821.02,23.09,47.31,17.67,40.792
6.463,329.58,833.13,29.16,78.49,33.63,5.976
7.574,175.28,878.85,39.71,48.15,23.12,48.243
13.528,326.63,1274.5,33.02,62.98,26.34,205.047
11.802,134.29,1165.83,15.07,66.55,11.33,12.235
6.658,237.12,751.23,33.41,67.77,34.81,4.801
9.737,220.4,1020.68,25.87,92.24,26.57,103.207
9.018,193.97,950.56,33.89,42.45,23.81,86.524
11.71,170.83,1175.68,36.96,91.1,11.93,15.195
6.467,212.72,785.7,26.23,56.52,11.88,19.154
12.948,91.49,1290.1,21.63,69.19,18.48,55.682
7.367,154.8,844.15,38.97,84.13,21.4,46.935
7.584,180.63,852.11,38.81,83.7,23.01,48.407
3.563,355.99,589.39,20.34,76.37,12.05,5.347
13.882,201.87,1305.66,23.21,69.98,7.39,2.068
10.115,340.77,1037.77,15.52,47.14,24.72,115.989
10.39,149.61,1062.35,37.65,51.23,32.95,92.872
6.404,195.24,836.01,28.72,43.77,30.59,10.535
3.037,86.24,617.35,34.47,83.69,8.4,1.767
7.964,43.72,879.11,34.15,82.87,25.04,53.728
6.061,29.98,749.83,34.73,59.43,33.35,4.702
10.978,327.93,1104.58,30.51,93.32,9.87,8.969
6.763,187.95,851.9,32.24,50.68,15.54,29.233
6.742,140.14,762.9,33.92,45.7,11.37,17.61
5.092,229.5,768.15,34.34,81.13,11.8,11.173
10.227,328.64,1018.22,27.36,82.4,10.97,17.418
3.462,163.05,643.49,15.09,59.55,24.46,1.789
7.571,301.51,906.19,39.24,87.41,22.84,45.861
9.176,41.94,1014.15,18.39,67.19,15.22,41.693
9.874,11.69,1003.8,35.88,57.44,13.8,34.736
12.445,19.77,1208.88,22.51,93.02,16.39,44.216
4.683,122.38,658.78,25.3,44.09,14.25,11.229
6.298,8.18,766.27,39.53,58.03,32.94,5.126
9.632,306.57,1002.97,24.06,45.23,31.65,74.914
5.009,76.43,682.64,35.01,52.73,21.51,12.35
8.954,309.33,925.04,35.29,70.19,13.92,32.553
9.076,107.12,1021.37,37.38,81.38,17.61,52.411
10.237,96.86,1077.72,16.3,43.78,8.2,6.835
8.247,168.92,907.78,24.03,69.81,21.84,68.172
11.735,29.52,1102.45,19.21,75.67,23.93,141.634
3.185,78.63,614.74,32.7,49.32,20.29,2.06
13.886,1.9,1306.24,28.07,55.03,10.63,4.075
9.023,21.37,974.41,20.28,76.68,15.33,45.429
7.45,212.68,856.88,37.77,55.82,8.74,13.308
7.622,233.4,854.83,27.44,93.78,12.59,25.01
4.41,66.37,643.54,31.02,46.6,6.21,4.077
13.98,268.16,1312.38,33.28,77.62,33.78,290.027
9.32,234.67,995.63,32.93,85.65,11.19,19.365
4.588,260.75,650.3,34.64,87.78,24.79,6.025
10.483,159.63,1069.13,20.04,74.93,31.1,118.619
12.439,238.43,1178.27,27.25,92.2,18.0,60.005
4.745,281.3,655.95,35.84,81.16,8.31,6.392
6.159,102.04,727.03,19.43,82.3,6.96,7.322
7.999,109.15,925.28,20.61,51.05,33.91,17.663
5.966,172.93,762.66,25.95,47.34,16.54,23.655
13.851,198.63,1289.23,31.05,47.96,12.64,10.564
4.087,310.32,620.51,27.91,57.06,33.71,0.575
4.178,323.56,689.96,21.3,53.44,30.68,0.872
9.319,332.8,985.7,38.05,74.51,33.76,47.069
6.601,248.27,815.27,28.85,71.24,8.25,10.308
6.37,275.1,752.98,21.28,84.25,25.1,20.565
13.567,203.48,1235.32,23.92,60.9,14.74,20.558
12.436,128.48,1169.11,33.97,69.29,21.87,116.609
10.587,37.15,1081.24,37.4,52.72,17.37,60.687
13.956,26.14,1286.38,32.02,93.68,27.14,231.553
5.403,34.87,652.61,21.41,90.5,24.29,12.514
12.788,321.52,1211.12,17.34,90.8,12.51,13.497
9.582,268.71,981.64,38.46,53.27,10.01,13.164
11.331,262.32,1164.98,38.16,66.93,31.62,134.711
4.101,181.33,667.47,20.73,71.66,33.04,0.59
11.287,200.26,1149.81,19.11,80.64,25.02,150.096
5.118,296.03,718.13,20.86,42.49,10.93,11.551
6.245,22.06,814.09,26.24,74.03,26.72,17.735
7.033,272.37,793.54,34.03,85.91,30.01,17.518
4.75,136.11,694.79,19.28,41.93,17.61,12.913
3.933,56.71,581.9,16.83,62.83,9.99,5.651
10.851,256.94,1115.03,37.1,69.2,33.86,94.722
9.442,118.82,961.56,26.33,85.58,11.47,19.854
7.94,61.97,876.2,35.92,64.48,32.79,22.513
11.781,300.82,1155.08,19.91,56.25,7.73,3.383
9.395,286.78,986.37,18.17,42.96,30.72,66.699
9.161,142.06,976.28,31.24,79.18,10.39,16.767
12.634,287.62,1228.8,21.01,42.79,7.23,1.713
8.929,30.08,954.97,28.13,45.14,29.84,64.838
3.484,176.58,596.56,35.95,47.68,7.68,2.661
4.626,159.25,701.57,25.55,74.86,18.83,11.291
10.495,357.39,1069.51,23.44,41.82,24.95,133.717
3.266,291.46,574.26,15.76,57.74,22.58,1.12
3.909,68.55,622.34,38.83,45.4,16.15,5.755
11.662,269.45,1164.62,30.12,79.56,25.17,147.878
11.742,181.45,1165.38,22.25,56.07,9.44,8.083
10.35,194.4,1055.38,22.18,68.72,29.73,119.977
6.179,223.8,796.0,16.06,60.87,5.79,6.139
9.591,1.01,989.32,21.53,53.51,15.84,50.601
8.675,190.81,941.15,25.13,70.97,13.08,31.364
5.506,115.79,743.49,31.53,60.14,16.26,17.194
3.461,257.14,592.03,30.63,42.92,30.68,0.968
9.141,222.51,946.34,34.66,40.93,33.16,44.594
13.171,66.52,1257.86,16.61,54.73,16.75,38.933
12.184,44.74,1213.53,28.89,69.11,12.76,17.437
12.426,63.88,1222.31,38.71,67.41,16.34,39.463
11.402,190.2,1130.54,16.6,54.73,25.9,164.387
9.81,106.25,997.45,19.27,71.43,17.23,55.113
4.745,87.38,645.44,25.49,79.43,20.85,10.363
5.353,111.45,746.5,34.46,44.52,13.75,13.794
13.804,140.36,1291.1,23.87,81.27,6.27,0.0
7.436,82.47,847.15,31.89,58.7,33.78,11.874
13.026,8.38,1218.57,17.12,60.75,13.72,18.951
9.333,293.3,990.22,27.63,90.49,16.05,45.997
9.117,180.35,937.1,19.46,94.03,18.97,70.579
12.149,22.15,1172.82,32.21,42.06,30.59,206.721
5.627,329.93,703.85,20.22,82.08,12.73,16.75
6.466,255.2,796.99,24.87,52.2,7.84,9.573
9.598,189.44,969.87,33.03,83.31,10.96,18.085
9.526,227.11,979.54,19.95,51.92,11.77,22.37
12.706,307.73,1243.97,33.08,92.59,20.15,84.705
11.342,117.88,1095.72,24.73,65.39,21.58,110.703
12.504,321.06,1237.02,15.27,50.17,5.88,0.0
4.174,280.31,587.31,17.8,47.03,12.33,6.247
7.15,170.02,821.63,32.57,54.51,8.59,13.492
10.973,149.58,1101.55,15.08,74.16,28.76,153.119
4.473,20.86,676.02,22.78,43.9,28.16,3.524
6.155,194.12,721.33,20.65,61.84,22.6,23.889
11.322,146.62,1151.75,19.27,79.76,20.18,93.217
3.809,162.47,657.72,23.38,63.0,25.86,2.919
12.43,105.82,1194.4,27.99,62.4,23.91,143.949
11.558,121.5,1095.34,27.31,61.75,6.39,2.926
10.631,41.94,1080.17,18.22,82.92,10.79,14.802
13.893,187.29,1302.76,20.08,61.48,31.14,305.52
3.3,55.44,574.05,26.39,57.62,10.27,3.442
5.405,323.1,701.63,23.89,84.96,22.16,15.534
8.339,305.08,945.56,25.61,70.88,34.52,21.308
12.145,104.54,1165.3,39.08,46.37,28.81,192.847
13.837,280.89,1326.84,23.57,53.06,27.1,206.834
8.815,146.68,939.72,20.3,75.48,8.07,9.785
7.076,248.8,752.29,15.45,85.22,22.43,33.067
3.713,104.17,596.45,29.35,91.42,12.66,4.815
11.881,145.03,1182.32,29.95,71.5,23.73,146.329
11.889,313.05,1131.89,31.42,85.67,27.38,176.703
10.435,273.99,1045.71,36.36,44.93,28.51,115.905
9.372,229.24,968.16,29.22,48.08,28.17,84.788
12.761,205.01,1268.07,34.81,87.13,8.25,2.762
12.231,290.55,1186.07,20.58,82.93,21.92,114.459
13.567,19.72,1258.99,30.56,41.26,24.21,165.668
8.029,150.37,903.99,37.29,75.31,21.85,59.512
13.942,82.12,1269.52,30.17,57.92,24.51,149.829
12.884,187.28,1272.02,31.43,70.86,13.54,18.081
3.034,124.09,609.85,25.19,76.5,21.99,1.525
7.776,10.78,843.47,35.11,83.12,21.34,53.902
4.613,237.93,643.05,17.34,70.28,23.91,6.51
13.158,77.99,1283.16,29.04,84.48,31.47,245.507
11.431,290.6,1138.57,22.84,58.53,30.3,161.322
11.549,143.52,1142.41,18.72,72.32,13.16,22.223
12.889,307.67,1226.46,35.81,49.03,25.03,173.855
8.653,216.14,950.85,37.68,61.41,34.39,27.589
7.259,72.74,808.09,17.03,50.63,29.7,21.221
3.28,340.32,566.97,24.38,43.08,23.9,1.664
3.805,265.58,624.29,16.36,62.43,10.88,5.732
9.407,159.59,987.47,25.28,47.9,13.39,32.242
3.185,178.3,587.3,26.07,55.48,18.47,3.852
4.537,145.16,639.62,36.58,76.93,21.66,7.939
4.013,314.08,672.97,33.12,85.43,34.46,0.0
9.22,335.69,1035.05,16.67,82.78,25.24,84.98
5.891,349.31,761.87,19.96,64.96,32.94,4.479
6.937,335.02,798.86,20.07,90.37,32.82,11.113
8.107,73.77,896.84,39.9,89.92,9.9,14.474
7.178,78.79,859.79,25.55,85.38,19.03,38.878
9.007,351.52,912.65,24.4,50.47,21.36,78.789
6.378,213.32,776.83,33.15,49.28,30.92,9.948
6.234,15.48,772.14,35.44,63.71,18.55,28.136
10.503,299.52,1112.92,24.96,69.38,27.23,123.32
8.496,184.82,945.71,37.88,44.13,31.35,39.929
12.837,212.04,1233.45,35.68,45.63,34.21,227.86
4.888,196.61,678.35,33.36,67.02,12.02,10.562
7.686,297.48,907.33,36.87,69.66,10.32,15.387
10.497,114.64,1063.89,15.73,52.59,5.69,1.728
11.642,211.9,1107.66,32.98,63.58,18.61,68.608
10.701,144.96,1041.69,38.45,52.98,9.4,9.934
11.716,131.43,1188.06,15.06,69.73,10.41,10.041
9.921,118.04,1008.74,18.98,94.57,5.44,2.655
6.686,355.99,792.82,38.43,77.77,7.19,8.83
10.164,337.34,1029.4,16.82,71.38,18.7,76.562
9.536,14.2,995.36,29.77,82.49,23.27,101.056
6.177,196.82,775.43,15.4,48.71,14.93,23.522
3.373,217.86,513.84,33.24,76.43,22.95,1.736
10.605,182.65,1087.96,22.3,47.15,27.06,139.444
8.634,226.63,907.15,31.18,55.6,18.74,59.948
11.913,328.65,1150.3,32.38,64.28,31.86,187.701
7.418,140.58,851.25,19.9,82.3,23.47,45.127
6.024,280.89,712.88,39.09,43.49,19.85,20.944
8.854,138.41,977.66,18.75,74.3,26.56,73.375
4.693,300.27,627.55,23.0,71.72,28.72,3.261
8.854,245.36,933.76,15.02,75.4,16.06,43.608
10.651,317.89,1075.1,31.59,87.73,26.83,134.508
6.651,164.39,828.69,15.96,77.02,10.28,16.352
11.211,306.89,1084.88,21.71,50.04,16.82,53.856
4.544,297.53,660.29,30.28,50.21,25.51,6.308
11.133,304.83,1117.37,34.74,85.67,21.39,110.494
12.917,206.13,1225.78,17.58,62.27,32.48,254.583
5.053,274.14,719.93,33.06,91.27,16.67,14.425
13.655,61.87,1270.71,38.65,52.19,23.24,131.661
10.551,36.8,1098.38,36.51,91.68,16.08,48.851
3.282,232.5,603.58,27.97,92.59,5.47,1.965
6.525,175.6,796.34,32.0,85.37,23.84,28.571
4.32,243.15,654.71,27.81,71.73,19.44,7.979
8.327,16.88,898.99,28.04,78.76,6.13,6.169
12.224,75.67,1159.94,22.69,57.89,14.83,29.457
4.179,262.42,645.9,24.15,88.74,30.38,0.737
8.77,85.73,1007.12,25.66,86.84,12.97,25.888
12.313,250.97,1229.46,31.08,46.0,6.06,1.288
6.892,164.39,842.79,30.39,92.14,19.19,37.833
3.662,263.7,597.2,18.29,66.29,30.34,0.927
8.795,308.32,962.66,23.71,48.95,29.27,61.677
11.903,154.13,1163.69,16.46,57.85,28.77,189.881
7.948,159.19,867.76,22.47,49.22,15.12,38.254
11.149,240.95,1053.21,28.53,58.67,28.9,142.11
6.491,256.56,834.77,30.34,49.78,32.31,8.507
13.644,292.47,1309.79,25.7,58.28,31.47,285.003
3.472,288.58,575.15,24.31,52.63,33.75,0.0
4.442,315.85,667.44,37.08,85.49,7.08,4.067
3.061,122.37,536.81,15.84,51.23,10.46,2.456
4.104,109.17,604.43,36.28,68.86,34.85,0.76
8.397,179.85,925.75,36.26,94.48,24.12,68.497
7.852,341.8,907.78,31.08,48.23,20.46,54.847
11.126,60.38,1136.1,24.22,51.5,29.16,151.257
4.902,195.61,686.61,35.41,80.54,11.01,10.448
4.575,302.82,681.45,15.18,56.77,5.24,4.124
3.988,88.11,615.56,21.56,48.81,5.73,2.684
4.816,169.8,635.17,27.97,44.79,32.0,2.046
8.281,115.51,893.12,33.67,59.98,16.37,42.764
12.49,339.17,1156.22,23.14,74.02,25.09,174.313
7.989,323.87,868.64,28.84,80.13,10.45,18.289
7.835,43.53,876.41,26.72,43.48,28.62,38.695
11.011,333.29,1153.73,31.38,93.16,14.77,34.542
4.898,207.59,680.14,29.17,73.81,33.66,0.263
11.061,287.79,1090.47,31.43,72.18,21.52,103.974
5.601,59.96,732.0,31.33,78.64,31.84,4.718
5.235,200.14,670.11,22.7,62.98,27.11,7.622
12.708,78.79,1244.5,35.21,55.94,12.83,14.064
5.793,291.87,741.45,34.37,73.62,18.4,20.934
12.074,309.82,1175.36,25.97,50.27,6.66,2.575
5.711,324.39,726.16,26.71,68.99,19.71,21.397
12.849,117.68,1239.8,29.49,70.71,9.48,4.566
11.936,270.99,1126.33,17.46,83.63,30.89,175.574
9.028,62.38,931.7,37.08,54.59,33.19,40.142
12.733,186.7,1205.8,27.65,71.29,27.2,220.841
10.754,133.99,1065.04,27.86,50.16,6.83,3.873
12.216,270.22,1186.71,39.94,82.27,14.06,23.044
13.148,232.35,1233.3,35.37,87.04,6.99,1.468
12.187,58.68,1219.12,20.25,80.04,5.69,0.869
4.641,207.79,645.84,34.48,80.14,5.72,4.215
6.331,172.07,792.58,31.34,80.42,10.89,16.919
3.054,149.61,548.48,26.75,51.57,34.02,0.0
4.597,17.43,665.92,18.77,48.35,25.6,5.754
10.704,165.72,1110.1,26.66,76.31,27.38,144.276
3.982,40.58,626.1,25.07,47.12,26.65,2.692
7.911,260.28,891.6,31.54,90.9,10.94,17.059
9.853,262.69,999.38,15.93,71.45,21.08,85.021
10.264,163.92,1049.88,36.92,84.62,27.93,120.735
6.102,36.17,750.66,22.11,83.44,9.22,11.246
6.709,3.15,818.26,31.62,94.01,8.86,12.579
12.24,212.9,1221.47,32.52,60.17,30.19,203.878
3.726,267.16,611.55,31.38,84.29,22.89,3.861
4.41,250.04,703.86,27.41,40.94,8.56,6.476
6.03,152.59,745.72,23.98,57.97,32.72,5.521
5.332,9.74,713.6,38.54,88.85,34.7,1.396
13.232,152.09,1253.29,24.05,48.91,6.81,2.073
9.59,22.15,956.92,32.97,93.02,5.67,4.384
5.51,45.53,743.31,22.03,75.76,12.83,15.184
12.505,298.0,1207.24,32.11,75.31,13.56,20.627
5.747,44.89,716.5,30.4,89.94,32.43,4.404
10.038,132.68,1057.42,37.33,56.95,25.31,112.165
13.978,133.91,1301.23,25.63,49.49,8.19,2.329
12.204,90.4,1139.62,25.85,46.08,28.92,185.802
8.656,13.94,947.0,15.67,90.13,8.01,9.277
7.385,274.84,821.0,17.25,48.9,20.51,41.736
11.936,241.27,1200.78,26.19,48.15,34.23,155.937
10.747,166.84,1062.83,19.89,42.33,18.86,80.102
5.521,28.69,705.67,16.19,87.86,13.27,16.41
6.303,288.37,810.45,19.37,78.72,10.45,14.048
8.849,190.12,934.42,23.88,63.42,5.89,5.63
4.325,1.97,655.74,19.97,76.91,17.08,9.166
12.048,331.0,1146.19,25.99,53.98,29.7,206.009
3.868,210.65,604.18,28.12,85.69,5.96,2.89
13.778,145.07,1270.78,25.64,57.08,27.65,251.123
11.746,18.21,1162.28,29.71,76.66,5.59,2.135
10.206,210.8,1080.07,28.6,91.78,27.72,119.546
12.437,227.19,1196.11,21.74,40.17,6.97,4.026
11.629,15.23,1148.24,30.26,67.6,29.9,180.548
12.039,334.53,1204.25,24.88,73.34,24.44,160.604
5.185,212.51,679.06,32.13,84.75,13.78,14.707
7.52,137.52,859.53,17.49,51.9,19.4,47.037
5.928,83.99,769.79,19.35,57.73,34.01,3.876
10.367,214.24,1082.12,29.57,90.16,5.44,2.95
10.826,327.99,1122.83,19.13,63.69,5.79,2.781
8.14,185.61,908.63,35.5,69.73,6.65,7.599
4.742,239.53,664.69,15.69,84.18,32.93,1.093
13.302,339.74,1237.8,34.98,52.94,22.15,117.977
9.55,318.58,1006.78,34.5,64.67,34.28,50.062
13.588,263.14,1329.87,28.44,74.43,20.25,72.92
11.969,306.5,1180.61,39.26,91.04,9.15,5.539
11.336,162.46,1063.84,37.0,59.58,22.13,112.812
7.844,182.47,904.75,25.94,40.63,12.79,28.579
3.515,170.75,615.42,26.83,45.15,16.41,4.121
3.936,214.44,630.33,17.29,75.64,31.73,0.844
10.418,212.55,1010.44,34.79,72.99,9.51,10.904
10.988,141.16,1118.53,38.58,76.87,6.5,2.798
3.474,127.67,597.38,32.83,54.23,17.71,3.412
6.901,15.85,828.29,37.49,75.33,31.81,13.168
10.6,200.95,1116.05,23.33,60.76,22.43,116.52
12.449,237.11,1163.4,31.03,49.99,32.79,195.968
10.722,101.89,1079.27,30.25,61.11,23.35,119.571
3.282,163.1,605.15,22.81,43.56,8.07,3.14
4.566,353.24,672.14,23.89,81.8,21.28,8.694
4.376,180.91,652.95,29.35,83.41,20.98,8.562
8.52,221.07,927.82,37.01,47.56,34.72,24.276
11.282,160.26,1110.7,29.39,63.37,14.0,30.499
5.359,298.69,710.7,29.66,81.62,27.66,7.001
9.597,293.35,999.94,39.96,88.02,11.4,18.751
10.917,322.0,1110.79,23.54,93.96,21.69,111.273
4.038,119.68,652.14,35.75,41.21,13.35,7.876
6.323,52.07,777.34,18.11,45.35,10.8,15.571
6.181,10.17,808.99,29.18,62.11,19.53,27.424
13.027,269.11,1234.15,34.31,46.97,27.59,210.454
9.935,196.81,1044.17,38.91,80.12,21.53,93.669
4.066,28.66,670.45,21.77,68.43,30.19,1.175
9.848,330.88,986.48,30.66,92.1,21.15,89.588
11.852,89.63,1136.16,39.38,61.77,32.91,151.34
7.193,112.45,828.66,37.31,44.97,14.41,28.557
10.259,39.83,1043.89,30.34,79.73,25.62,122.985
8.255,130.07,903.45,32.42,60.98,7.11,7.612
3.865,245.8,571.06,16.55,85.79,29.23,0.916
5.279,113.18,730.1,25.27,79.01,12.8,14.08
7.096,20.09,802.42,27.14,42.7,14.03,28.021
4.495,190.93,649.11,29.51,49.84,16.25,11.186
12.517,282.79,1174.25,33.51,70.62,6.5,1.928
11.681,94.37,1134.53,15.36,83.48,15.93,40.9
11.319,122.37,1124.04,37.31,71.42,14.57,32.079
5.428,281.25,752.67,35.13,41.59,16.09,17.061
11.788,315.32,1162.04,34.58,86.99,26.02,171.895
3.596,142.74,595.63,23.35,73.45,25.84,2.017
10.428,57.7,1041.51,19.67,49.62,28.95,128.002
7.71,317.29,839.73,32.35,66.07,23.4,51.139
7.292,37.32,865.36,19.42,79.0,34.17,11.046
8.537,344.36,923.8,28.34,68.44,27.81,62.673
13.774,5.41,1255.33,26.86,68.39,34.75,301.708
4.406,314.86,674.93,19.32,72.75,28.57,2.362
3.15,288.69,547.79,26.15,94.68,9.92,3.249
11.932,27.41,1190.32,33.26,90.57,11.86,14.619
11.357,172.34,1101.32,20.7,59.01,27.58,168.987
3.529,199.48,576.69,39.34,74.96,20.42,3.967
6.407,44.43,734.37,28.94,81.31,15.86,25.634
11.277,342.01,1097.54,16.18,77.17,16.02,47.487
10.174,121.87,1050.71,18.64,50.82,33.33,77.694
4.696,256.65,638.65,26.19,82.34,34.31,0.245
10.504,223.48,1024.37,35.39,44.67,27.92,127.477
5.672,105.65,729.46,31.04,80.82,31.03,5.068
9.106,136.62,930.14,19.24,44.0,24.65,84.378
3.669,304.85,599.6,30.17,61.29,14.87,5.725
9.989,11.95,1034.34,30.22,83.61,20.09,90.395
4.593,224.69,665.16,20.74,86.63,30.74,1.883
12.495,283.62,1194.24,33.51,68.31,19.23,71.681
6.153,325.8,777.37,36.06,58.99,32.5,6.237
13.511,94.19,1276.37,25.69,85.42,15.85,28.428
3.726,217.0,599.15,20.44,78.75,25.59,2.206
11.312,288.16,1107.6,31.74,53.25,18.69,72.079
8.526,237.99,940.51,36.85,80.44,17.77,51.306
9.45,185.22,989.34,18.88,88.77,34.8,44.029
6.46,208.36,785.1,18.32,66.36,9.13,13.028
7.145,13.11,802.04,17.24,80.09,16.44,34.731
5.779,96.41,723.06,37.61,85.74,9.88,10.399
5.59,204.48,766.67,17.58,93.67,20.0,18.838
7.311,294.09,877.14,38.59,71.16,20.44,41.279
3.543,208.11,624.25,38.1,49.23,5.45,3.184
5.53,320.03,705.94,15.41,78.04,8.44,9.329
13.01,182.85,1192.68,30.78,76.93,19.43,74.621
7.249,4.03,811.81,17.09,56.25,13.66,28.486
13.09,84.68,1219.06,28.83,91.07,7.55,1.365
8.614,17.05,936.06,27.06,63.16,24.25,72.56
5.145,111.36,721.63,36.66,72.38,6.05,4.36
5.184,278.31,689.44,15.42,85.94,16.1,14.706
11.971,339.65,1154.96,38.81,72.36,5.59,1.711
10.579,156.93,1059.7,39.31,76.76,5.39,2.811
10.12,329.81,1078.6,22.48,44.76,34.79,65.159
5.473,101.59,749.99,35.19,69.79,32.67,3.177
9.506,278.07,1039.29,26.74,68.75,27.81,85.326
7.729,197.36,843.94,22.36,47.75,23.65,51.999
4.752,218.5,642.21,34.62,69.04,20.6,10.314
9.988,42.59,1001.57,28.23,77.52,7.18,5.297
3.337,289.03,594.97,25.72,59.97,31.9,0.0
3.257,214.09,606.16,18.16,91.88,27.92,1.506
6.944,305.74,830.0,30.78,71.75,5.44,5.431
13.756,199.19,1304.53,15.15,91.9,9.18,2.581
3.801,165.95,635.27,23.39,57.29,18.71,5.545
10.767,241.55,1047.07,18.45,56.32,7.9,5.217
10.403,300.52,1031.39,28.79,55.42,33.2,86.854
7.793,63.73,863.13,18.52,91.87,18.48,47.591
11.923,317.39,1158.46,37.84,54.54,8.96,5.337
12.056,124.78,1180.99,22.34,66.74,28.39,193.344
4.391,304.17,616.93,18.54,86.45,26.31,4.46
3.199,264.35,615.21,16.58,61.96,17.3,2.514
13.457,165.37,1281.29,20.28,47.48,10.33,4.804
4.793,201.6,676.48,23.2,79.66,7.67,6.635
8.722,340.32,928.2,35.42,50.05,12.21,24.666
4.499,151.09,695.46,24.74,91.37,16.19,9.922
8.296,21.21,894.58,23.79,70.94,7.74,8.685
9.318,350.9,992.69,30.26,86.41,29.49,78.151
3.948,66.93,617.77,17.02,88.41,29.51,0.833
11.733,19.17,1157.25,29.24,50.98,17.91,66.718
6.453,5.29,766.13,38.92,54.1,7.6,7.761
8.546,282.67,918.94,29.04,58.0,9.23,13.679
9.242,168.6,995.55,29.83,71.52,8.95,11.519
5.828,344.36,739.44,34.15,62.74,28.79,8.24
8.661,50.85,942.85,26.85,84.26,32.05,40.627
10.979,25.46,1077.4,21.45,42.5,23.32,133.759
5.44,65.94,762.9,26.71,56.32,26.85,8.631
7.816,188.65,891.41,37.03,53.31,20.9,53.989
7.462,98.28,842.6,28.64,42.14,21.44,45.149
13.887,358.72,1262.85,37.27,91.2,34.03,297.243
6.497,82.03,758.62,38.03,83.88,17.18,25.951
4.517,17.08,638.24,23.35,64.5,6.5,5.163
6.961,223.15,809.81,23.81,60.03,10.48,17.065
12.071,213.86,1172.01,28.52,58.33,19.8,89.459
10.698,263.02,1086.28,31.65,73.0,7.5,4.924
4.101,280.41,633.78,38.54,45.21,14.86,7.263
6.244,339.27,770.17,32.05,42.97,5.71,5.893
10.888,133.54,1125.64,20.85,84.97,7.49,4.637
4.948,0.23,666.44,17.07,47.44,28.82,4.484
9.225,313.89,937.53,16.49,48.68,32.57,51.733
3.868,39.96,634.0,20.36,79.57,34.0,1.261
10.201,247.1,1038.99,21.49,74.85,13.48,29.543
13.514,177.23,1284.6,34.12,78.73,21.52,106.37
13.238,254.99,1268.02,29.75,60.14,27.53,217.004
3.723,3.5,555.55,24.82,92.66,28.19,0.366
3.134,248.41,529.05,29.47,40.17,31.35,1.205
7.712,182.33,903.2,32.47,81.82,23.81,51.735
13.008,343.95,1195.1,39.76,58.52,33.8,226.01
6.951,273.59,809.82,21.09,60.56,15.84,29.856
3.777,21.36,575.11,39.09,71.32,16.93,5.467
7.713,329.04,836.47,35.61,43.23,19.33,47.901
3.485,250.36,582.94,21.04,66.34,26.5,2.098
13.521,238.4,1213.31,29.26,55.89,16.25,29.536
5.475,1.0,730.77,27.27,60.73,14.84,17.873
5.398,227.84,722.74,35.71,44.01,12.65,14.733
12.887,66.11,1229.93,17.64,69.55,10.6,7.054
13.417,252.88,1244.91,18.74,83.41,7.09,2.318
11.11,11.5,1072.32,16.0,89.23,15.69,44.407
3.062,275.15,539.59,28.53,90.24,9.54,2.646
12.931,31.82,1266.92,24.81,52.1,13.45,18.429
10.462,344.77,1063.61,38.09,65.11,21.69,98.551
13.802,162.41,1317.13,36.43,87.34,22.81,129.742
7.658,60.3,873.05,16.16,92.43,31.47,23.265
11.771,318.51,1140.44,18.54,60.35,18.86,76.668
8.097,8.88,890.34,29.9,40.06,15.33,40.505
4.783,256.93,618.17,28.77,49.95,7.97,6.549
11.748,261.2,1185.96,19.27,59.39,20.67,91.782
13.008,260.2,1195.21,32.16,71.1,20.09,80.073
5.326,133.71,693.76,28.76,44.49,27.49,7.392
10.593,169.36,1063.24,32.6,45.18,6.51,4.056
13.917,122.28,1308.51,20.91,69.42,11.48,5.65
9.022,135.16,916.9,38.57,67.97,29.11,63.136
6.037,346.12,785.26,22.77,42.94,10.04,13.844
11.294,58.5,1094.73,16.35,70.32,23.76,131.083
12.226,82.31,1181.09,31.56,48.55,19.62,81.176
6.066,76.11,750.61,18.29,81.21,17.64,23.795
13.488,129.56,1280.19,30.06,50.8,23.82,153.517
3.144,13.0,599.36,20.2,42.79,11.57,3.148
4.443,258.1,687.74,27.45,86.78,12.31,9.049
10.896,14.91,1109.76,34.42,47.19,6.41,3.775
5.788,70.93,718.78,32.05,85.37,11.92,15.422
12.11,164.49,1199.04,23.9,89.67,8.96,5.902
3.781,8.25,562.4,19.05,72.9,25.57,2.851
11.165,169.08,1118.66,24.45,73.45,27.47,164.118
8.84,42.96,973.62,34.63,54.5,29.64,57.393
3.736,139.36,609.38,19.06,71.21,8.56,4.045
8.355,180.39,885.64,24.17,70.64,30.24,45.613
12.982,165.78,1203.92,33.83,89.0,32.9,248.604
3.925,184.37,610.17,24.84,59.89,27.89,2.228
5.802,236.17,782.23,26.02,63.73,23.14,17.965
5.074,80.9,680.41,25.42,40.47,18.61,13.634
4.424,60.82,666.33,18.37,88.51,9.41,6.945
5.381,147.94,695.69,18.44,85.58,25.86,10.803
5.932,54.47,712.58,31.98,86.76,21.01,20.631
8.423,355.08,919.1,38.76,73.97,9.43,13.11
5.641,112.01,703.06,35.52,44.65,12.91,14.817
5.211,121.98,777.95,20.99,47.37,33.42,1.36
13.715,67.2,1265.14,24.14,43.17,12.82,10.679
5.225,293.49,747.06,35.22,53.25,30.45,4.098
8.819,146.04,930.52,24.35,79.53,26.83,75.735
13.078,202.94,1207.44,21.71,58.2,31.85,260.12
11.772,96.57,1110.66,34.3,89.58,15.81,36.108
5.639,133.46,688.21,26.8,87.15,22.84,17.173
8.531,346.42,928.16,16.59,51.47,15.3,42.488
7.069,192.78,883.12,37.71,71.5,32.51,11.565
6.37,31.51,764.96,23.54,81.82,33.2,6.016
9.333,142.95,995.83,36.11,49.99,18.6,66.093
13.789,49.22,1307.25,24.2,79.46,16.54,33.019
13.264,102.93,1232.64,39.94,92.45,12.43,9.829
12.87,338.75,1216.4,35.41,56.55,26.55,209.031
3.614,203.97,605.33,20.5,82.37,25.42,3.304
3.199,192.3,610.72,32.16,46.71,32.59,0.0
4.563,43.29,708.83,24.21,70.19,13.43,10.529
4.721,130.59,692.17,39.24,55.36,32.18,1.167
11.773,93.51,1147.12,36.1,75.78,19.92,83.257
10.071,58.9,1065.12,31.2,84.87,28.9,105.322
12.628,295.33,1177.35,20.56,64.46,17.01,46.25
6.563,67.79,826.82,26.7,46.13,6.4,6.553
11.395,252.1,1133.08,35.38,84.75,32.83,135.852
7.042,233.67,843.05,31.46,42.51,30.69,17.072
4.96,46.09,655.8,22.73,57.59,8.6,6.723
3.291,108.4,613.77,39.19,78.08,27.89,1.511
8.82,225.92,963.71,17.17,94.64,10.94,18.806
9.847,126.38,1037.49,18.85,82.66,23.03,103.496
5.051,261.45,671.31,36.4,83.13,33.99,1.911
6.875,321.57,818.95,31.48,51.73,24.2,33.513
11.479,159.37,1096.72,32.48,50.46,5.04,1.554
6.999,170.53,847.37,32.34,89.19,11.77,19.832
5.493,153.66,712.76,27.68,93.46,6.47,6.525
13.737,16.4,1287.13,19.69,73.39,20.17,81.111
4.742,307.27,657.94,24.53,45.43,7.99,6.67
10.093,342.77,1072.91,39.51,52.22,23.96,109.066
5.012,32.27,705.36,36.48,76.64,26.22,6.613
5.884,309.43,731.24,34.48,66.32,8.93,11.186
5.308,349.15,746.32,20.42,78.0,32.59,3.63
8.592,228.51,957.29,33.86,56.06,34.71,24.681
12.439,203.79,1176.23,32.93,76.58,10.36,6.922
13.542,145.81,1212.7,24.43,85.16,11.33,5.722
10.217,324.08,1051.91,21.06,89.34,28.96,113.627
3.733,233.19,592.09,28.29,54.94,8.14,3.592
5.599,174.8,771.64,22.88,87.12,24.6,13.837
6.564,4.88,777.29,31.5,52.09,6.72,8.244
11.63,239.03,1117.33,20.73,85.55,6.9,3.127
11.035,284.67,1059.72,16.13,57.51,33.1,110.11
10.257,132.58,1076.51,25.7,79.62,32.55,91.29
6.764,154.18,843.52,15.42,91.33,22.77,33.204
5.327,115.57,723.55,28.68,59.68,5.02,5.043
4.508,91.3,691.3,25.86,48.71,24.56,5.394
4.057,262.43,656.2,17.25,56.91,27.56,1.771
7.73,340.79,860.29,25.09,69.26,21.99,53.947
8.755,77.62,935.22,19.12,66.98,23.06,72.516
11.475,47.47,1192.55,31.3,77.12,25.86,150.633
13.602,192.52,1246.2,26.88,69.96,33.08,302.814
13.348,246.58,1253.18,37.5,78.41,7.75,2.132
11.47,118.37,1109.31,19.71,92.46,24.11,134.944
4.999,44.89,733.47,16.14,46.66,28.24,5.163
8.349,136.13,863.46,39.83,70.97,19.4,55.471
10.821,0.43,1068.76,25.52,70.87,24.96,144.664
7.788,144.33,925.64,29.31,72.62,7.67,8.984
11.978,138.84,1212.81,23.69,77.98,5.99,2.074
7.474,127.08,898.06,32.48,65.86,34.25,11.826
9.216,221.93,1004.02,39.07,64.28,24.5,87.902
4.511,250.54,645.32,20.57,51.32,26.57,3.441
4.972,125.92,673.53,19.04,48.86,13.99,13.029
13.862,307.2,1269.38,30.35,90.39,22.1,108.84
6.689,141.65,785.58,38.07,62.77,14.91,27.101
5.879,324.41,742.97,38.08,80.99,7.19,8.141
12.864,220.32,1189.3,24.89,91.04,12.27,11.882
10.763,308.78,1089.47,21.89,64.8,31.31,130.323
5.902,189.3,738.3,31.9,76.16,6.43,6.863
6.61,151.25,867.97,30.14,66.24,25.07,23.963
8.865,277.39,950.49,28.06,87.2,8.11,9.631
3.088,321.92,555.51,29.28,47.1,19.36,2.346
3.477,117.66,598.85,37.48,68.52,28.53,1.499
7.076,170.14,844.35,29.64,87.25,6.29,7.536
6.06,155.82,782.52,22.61,91.09,22.0,24.348
12.053,50.92,1177.66,33.43,59.57,27.02,186.903
8.076,309.05,885.74,36.61,69.08,22.47,58.112
9.908,302.25,982.74,39.1,70.55,32.68,70.797
9.704,339.98,1004.1,21.53,59.83,14.82,42.509
7.267,30.47,808.31,20.57,69.81,13.9,29.272
5.019,298.37,723.8,18.94,76.89,10.85,10.79
8.033,65.92,914.26,25.16,76.08,18.52,51.156
9.374,181.6,950.53,32.33,84.05,29.94,77.373
3.359,284.93,565.42,39.71,75.81,22.07,1.311
6.086,271.17,767.53,38.98,48.41,24.88,17.244
8.36,320.14,939.68,16.61,54.49,30.24,42.95
3.643,82.22,611.84,34.85,85.91,29.45,0.705
9.705,100.92,1010.32,24.77,49.96,27.62,93.778
11.347,71.63,1108.55,18.34,94.67,9.09,6.716
4.479,144.46,667.56,39.79,51.85,11.58,8.276
5.79,168.64,731.04,16.69,78.07,18.69,22.118
13.261,3.85,1217.76,36.4,47.81,27.53,226.477
6.467,323.51,783.94,16.42,55.29,33.25,6.747
4.903,83.1,689.6,29.54,82.33,5.87,4.387
5.979,330.44,729.79,34.81,42.57,33.4,3.928
11.795,291.42,1179.43,34.93,90.45,9.89,7.782
4.797,286.94,719.04,22.32,88.46,26.67,5.377
13.079,93.22,1241.28,37.08,65.44,32.52,230.339
10.064,248.75,1068.94,23.03,54.32,23.02,104.862
12.485,333.24,1169.01,16.25,59.79,32.61,211.306
4.695,243.95,675.58,30.72,58.67,9.67,7.713
9.587,288.96,970.25,29.62,77.85,13.45,30.506
5.802,182.57,709.56,33.49,92.09,18.54,22.079
11.464,27.47,1136.19,19.66,47.15,20.93,107.457
13.626,15.11,1233.68,32.42,94.04,27.28,220.892
3.55,329.88,621.96,39.4,44.07,19.54,3.199
10.629,287.26,1052.82,38.31,72.9,23.58,117.328
5.77,127.79,751.98,29.95,80.44,8.06,8.814
4.931,325.91,685.32,38.63,81.16,10.45,10.243
3.236,308.58,586.93,18.74,46.21,25.55,1.888
5.867,316.47,783.46,24.56,92.7,5.05,4.507
8.935,70.38,906.84,39.4,56.19,5.56,4.538
8.524,186.68,920.01,27.71,71.91,5.62,5.72
4.828,309.67,655.17,30.35,60.76,23.36,8.724
12.625,68.21,1169.96,32.05,67.33,16.92,42.58
9.981,75.31,1021.33,38.69,72.88,10.55,14.927
13.134,170.7,1234.01,34.87,48.8,17.55,50.741
12.744,125.74,1240.89,17.09,84.52,22.18,123.271
13.202,54.33,1303.05,22.15,43.92,28.06,215.054
5.402,54.59,709.67,22.94,81.66,18.08,17.456
8.096,259.27,919.08,18.85,62.47,24.92,52.913
13.494,15.39,1265.82,24.42,58.44,24.39,178.526
9.063,34.95,942.5,20.12,45.88,6.21,4.875
5.999,192.4,783.4,36.27,78.74,7.51,9.297
12.356,33.97,1175.63,35.72,83.02,24.88,170.322
12.718,256.04,1184.98,28.46,87.84,34.74,193.148
6.277,3.04,762.1,34.09,46.04,6.75,8.31
6.402,110.01,829.84,18.34,86.03,10.33,13.624
13.209,329.6,1201.34,27.45,75.11,20.62,92.335
11.535,345.51,1162.9,30.95,55.5,28.25,172.755
4.306,156.72,657.39,18.23,56.29,26.45,4.197
7.797,52.14,877.1,16.88,50.07,13.53,29.393
9.729,191.48,1005.2,34.9,46.2,32.51,67.76
9.252,310.27,996.81,36.65,44.95,29.76,69.568
7.469,219.39,853.77,39.42,55.27,9.83,14.966
10.681,39.92,1094.87,28.74,43.14,5.63,2.505
10.57,60.51,1106.99,15.05,40.3,21.18,94.074
5.127,142.57,683.62,36.82,40.21,10.38,9.966
5.687,190.61,765.86,20.87,79.04,9.86,11.663
7.597,291.71,867.59,19.27,82.81,18.53,44.186
8.874,155.59,998.56,35.57,81.6,10.32,15.914
9.114,320.23,998.99,37.05,67.59,31.48,54.354
5.242,293.24,671.01,25.19,81.08,31.5,3.018
13.598,328.7,1286.87,33.75,82.24,12.43,10.627
9.074,347.45,980.62,17.72,93.52,28.73,75.171
5.212,81.22,675.62,30.22,45.45,34.12,1.306
6.843,67.26,841.53,33.43,80.06,26.25,26.106
11.407,338.75,1101.14,15.49,92.4,24.52,146.951
7.647,226.49,923.5,24.26,72.01,21.15,48.923
4.105,235.51,608.83,21.66,82.37,18.34,6.847
7.507,165.83,886.08,27.58,46.09,30.6,24.826
10.076,194.77,1051.51,22.47,76.34,34.72,67.12
12.041,54.24,1192.95,24.77,60.28,16.53,46.771
4.879,313.16,674.23,29.37,45.18,23.5,9.434
9.525,320.8,967.86,19.06,57.94,23.85,94.715
3.099,159.96,564.2,22.45,47.51,13.04,3.433
8.227,275.34,918.45,25.3,72.46,18.14,50.518
9.806,174.4,999.13,29.06,70.43,25.39,109.892
5.804,126.7,736.47,30.45,71.4,20.27,21.626
11.83,288.71,1134.38,36.17,46.19,18.75,70.57
13.381,123.61,1264.17,24.97,71.98,16.42,35.243
11.54,192.13,1138.72,21.63,57.38,24.2,151.207
11.868,315.3,1194.69,23.17,49.4,9.92,6.81
4.535,165.13,651.25,24.92,55.94,30.2,2.053
4.971,192.47,688.1,21.32,68.6,31.32,2.585
9.304,68.38,945.87,31.64,42.26,21.23,78.146
5.607,214.2,730.76,26.84,85.84,15.43,19.131
13.827,85.16,1303.45,18.73,92.81,6.42,0.0
5.341,244.68,685.72,33.01,81.79,31.08,4.031
9.561,232.22,987.13,15.43,93.25,21.74,88.229
11.44,68.97,1170.67,25.96,69.77,17.96,59.827
9.264,180.96,992.42,27.0,79.66,19.16,73.487
7.559,231.39,864.03,15.87,46.21,31.66,20.378
4.352,83.13,658.94,37.97,56.67,22.86,5.673
3.476,174.22,532.7,31.63,92.51,29.56,0.24
7.116,108.32,836.11,15.97,47.8,32.3,12.784
9.724,157.03,997.26,26.94,57.35,33.17,66.813
4.989,219.24,664.99,23.29,51.85,18.19,13.595
3.323,179.61,539.27,27.01,61.38,14.77,4.045
9.57,216.28,1008.92,23.16,45.3,11.76,22.261
3.067,298.96,556.22,39.24,55.81,9.99,2.485
12.118,323.81,1145.15,16.41,80.76,33.4,183.403
13.236,24.48,1281.68,32.93,65.98,24.0,156.292
8.096,56.54,882.52,34.31,69.48,15.4,38.077
6.531,243.04,775.69,28.85,49.4,25.44,23.488
6.809,256.61,835.07,22.82,62.33,16.05,29.609
3.924,23.96,621.49,23.4,42.87,14.26,6.989
4.02,161.37,626.66,22.68,65.94,15.7,6.976
4.553,157.81,658.22,28.22,80.88,28.68,2.789
8.074,128.31,883.97,22.51,84.32,13.68,30.933
12.914,73.14,1210.86,23.33,66.86,8.74,3.417
5.396,29.93,719.23,34.69,77.86,32.55,3.598
13.784,153.76,1272.2,15.94,66.09,32.41,300.001
3.751,285.99,651.86,27.0,66.14,18.04,5.166
6.476,22.53,782.72,19.54,64.48,24.83,25.85
13.192,262.42,1235.55,27.07,84.32,21.94,111.263
4.181,152.95,654.28,26.96,56.09,27.06,2.397
7.87,136.4,877.34,19.06,84.5,14.31,33.09
5.309,142.58,737.95,29.69,71.66,17.9,16.618
13.688,122.92,1290.39,30.24,71.63,8.36,1.387
8.855,199.48,934.23,26.99,71.76,32.93,41.572
10.798,58.94,1058.63,32.61,69.72,32.14,116.816
4.872,106.13,684.79,21.92,91.58,27.53,4.387
12.91,241.2,1198.23,33.1,72.06,31.31,236.996
12.063,320.34,1152.69,23.21,79.05,33.36,185.63
11.161,303.33,1078.08,16.28,47.89,26.93,151.978
9.701,322.99,1018.66,36.14,86.12,21.21,87.232
10.032,326.63,1054.4,26.3,44.51,22.42,105.421
6.292,347.58,788.88,38.14,84.6,11.18,15.508
8.46,314.59,914.97,28.08,61.52,26.78,62.642
10.02,75.57,1038.54,27.57,81.36,7.46,6.027
5.703,354.99,729.08,27.29,69.63,22.29,20.378
12.763,8.16,1250.04,34.87,76.12,22.19,120.904
12.305,300.02,1177.05,26.13,71.74,30.84,212.178
13.171,210.67,1285.37,20.53,83.41,14.39,21.673
8.551,270.31,931.17,33.86,65.56,25.07,62.037
5.147,242.4,713.37,15.5,80.94,22.53,12.136
3.115,345.07,583.13,28.32,86.91,24.39,1.295
6.467,43.65,818.41,33.09,42.32,29.79,13.056
11.774,308.01,1126.48,32.93,42.35,13.98,27.375
10.861,74.37,1074.22,16.74,58.88,19.89,82.015
7.17,144.74,826.63,37.88,44.34,22.99,39.28
9.252,75.23,969.19,21.05,74.03,21.34,77.008
13.73,351.57,1241.85,36.04,63.66,18.51,55.938
5.709,234.24,740.16,36.52,85.12,10.58,13.122
6.814,315.8,783.88,17.53,55.96,6.28,7.411
4.474,182.9,606.89,21.0,66.74,21.34,8.305
7.64,275.66,887.46,24.46,40.26,20.64,47.391
7.155,91.76,830.85,16.72,78.76,8.15,10.086
13.991,166.26,1310.07,38.72,74.9,29.54,287.626
13.11,147.45,1248.17,21.64,93.64,25.08,181.957
9.015,48.73,979.33,39.5,40.45,17.67,57.373
13.27,183.28,1240.1,17.56,74.86,20.87,97.385
9.369,213.11,957.99,34.86,90.96,6.35,4.962
8.448,93.65,946.9,33.9,90.46,25.76,57.941
3.04,62.53,550.61,27.64,81.99,18.63,3.206
5.966,115.16,743.07,39.02,46.15,28.01,10.299
8.914,321.39,906.03,18.39,67.0,5.64,4.905
13.646,290.18,1288.11,39.0,94.18,30.17,247.731
12.028,279.24,1162.13,34.14,41.93,20.12,88.284
8.75,23.4,906.13,27.34,70.16,33.85,33.185
5.447,84.25,675.72,25.12,81.85,7.83,7.676
10.892,217.82,1106.28,30.57,46.2,29.78,142.261
12.607,348.96,1220.39,19.66,47.02,10.01,6.943
3.435,94.31,619.83,31.38,49.37,23.34,1.324
10.966,128.2,1096.14,26.55,40.4,6.7,3.601
10.592,248.21,1056.7,35.97,54.97,16.14,47.37
11.589,302.47,1103.63,31.08,43.27,7.96,4.564
9.977,52.0,995.96,33.77,69.92,27.06,108.772
8.221,267.99,893.95,39.57,87.61,10.32,15.408
3.859,178.56,607.61,22.46,47.93,31.7,1.04
10.103,77.03,1040.82,25.48,45.93,10.77,15.597
7.208,155.38,826.12,32.19,51.83,16.98,38.069
10.639,61.14,1106.23,38.36,48.33,28.38,127.873
5.601,321.57,715.95,25.35,47.45,33.75,2.507
9.417,3.59,1001.4,26.62,73.27,12.3,26.264
6.669,287.26,769.94,39.14,41.43,7.68,8.911
11.279,12.46,1141.1,26.29,48.81,16.42,52.977
3.454,183.35,568.84,37.11,76.03,5.75,2.616
12.06,113.84,1168.26,38.05,82.54,34.96,145.347
4.221,60.19,634.23,35.19,93.04,12.71,7.654
5.694,19.37,738.42,39.46,85.38,28.6,8.171
12.926,66.12,1251.77,18.61,75.64,11.44,8.984
9.465,271.92,1030.91,18.55,80.29,22.5,82.015
6.356,296.39,796.9,34.95,66.1,11.25,16.694
5.009,230.96,715.55,23.83,45.19,7.37,6.317
8.122,294.6,915.46,33.01,41.33,33.44,22.141
12.099,129.27,1184.22,28.5,46.16,22.25,126.254
4.215,343.83,674.66,28.43,90.72,21.21,7.027
7.451,272.68,831.47,22.14,73.37,19.37,42.257
7.708,316.37,893.61,39.52,77.1,34.97,12.534
12.986,180.07,1274.2,21.73,65.09,18.15,58.849
10.231,351.51,1066.02,39.42,46.02,30.39,107.129
4.437,157.39,648.24,16.09,62.2,33.0,0.06
11.454,339.26,1127.25,20.04,73.44,10.92,12.725
6.586,82.97,790.18,28.51,68.04,6.17,7.687
4.735,80.64,669.52,39.14,62.56,26.43,5.249
3.107,23.73,502.26,19.16,80.89,9.45,2.894
3.16,324.96,566.66,15.04,51.45,5.55,2.249
8.709,89.52,927.03,22.29,79.29,8.34,10.134
3.053,185.82,570.33,29.29,82.8,8.57,2.736
11.782,8.33,1119.87,38.87,86.77,23.83,147.047
12.024,49.99,1166.03,27.36,91.36,20.96,102.529
11.507,261.63,1108.61,33.5,73.98,26.99,159.709
6.302,356.04,799.61,38.77,91.85,19.4,27.668
5.838,88.18,773.96,16.27,90.67,20.45,18.616
10.527,89.65,1097.35,17.97,45.32,7.47,4.066
4.057,317.66,603.33,22.96,76.42,12.77,7.117
8.514,273.32,944.89,39.07,57.0,12.79,25.309
12.327,4.33,1189.96,24.08,57.82,5.9,2.157
6.538,339.64,760.65,30.18,53.77,30.9,11.04
7.751,53.38,910.5,16.34,43.22,26.63,43.91
11.911,254.28,1103.74,28.48,45.04,24.58,143.14
8.647,214.73,969.08,34.18,93.25,9.22,13.766
8.84,180.29,944.98,16.75,54.41,11.82,24.138
13.04,229.38,1253.63,19.82,57.14,34.87,227.306
3.191,106.08,575.3,18.99,45.21,21.55,0.921
6.652,197.62,771.95,32.17,91.6,34.24,5.493
6.805,6.44,817.55,31.64,89.07,18.94,36.293
4.902,19.94,710.93,25.66,41.29,20.67,12.534
8.041,10.66,929.03,33.09,81.01,8.81,13.841
11.085,333.08,1129.56,25.68,59.3,12.93,24.822
8.856,134.73,952.36,27.44,63.62,29.45,61.469
12.803,328.84,1210.4,33.85,57.16,14.16,21.115
4.955,51.96,699.56,26.0,94.32,29.76,3.144
3.277,223.93,531.57,23.32,40.38,23.78,1.754
5.255,263.48,710.34,27.3,48.19,17.66,16.385
8.403,147.54,923.19,19.23,91.71,8.79,11.438
8.047,342.98,848.83,24.86,94.28,26.11,52.357
7.262,126.39,851.37,32.47,62.01,34.51,9.779
13.52,223.7,1285.57,26.05,94.88,30.69,270.626
5.965,224.48,738.45,26.83,85.64,24.17,18.454
6.978,13.14,795.08,39.37,45.99,19.5,37.827
6.315,52.41,787.5,20.88,87.53,14.22,22.394
7.612,266.01,875.81,24.46,48.38,28.72,31.925
7.761,91.0,857.4,33.46,59.6,10.16,15.811
13.669,237.57,1297.24,21.91,55.57,8.03,1.103
10.813,177.5,1057.9,19.89,70.27,5.08,2.15
10.356,84.06,1061.32,20.63,77.24,30.92,100.324
11.869,260.65,1166.94,28.21,55.25,34.79,138.825
7.457,311.82,889.02,15.46,86.57,10.45,15.243
4.771,316.14,666.28,22.78,76.11,10.59,10.201
12.495,42.65,1198.51,25.04,57.1,5.13,0.457
13.406,178.8,1278.72,17.51,80.15,34.62,262.936
5.229,22.49,661.26,32.47,45.78,23.69,11.836
13.037,17.82,1252.38,17.24,55.18,32.57,253.218
8.223,42.04,908.67,17.67,77.94,19.0,54.86
10.175,149.38,1024.95,34.52,45.77,32.82,83.383
11.366,338.37,1122.96,32.09,73.93,20.22,96.629
4.084,233.29,637.38,36.14,74.99,15.94,7.144
3.104,43.37,566.15,20.15,64.07,26.19,1.522
3.249,332.14,586.75,28.95,77.18,5.1,1.596
4.514,168.47,597.84,34.01,79.33,8.17,6.141
3.302,248.49,588.89,17.78,73.86,31.81,0.232
10.445,316.48,1060.04,29.7,94.33,8.62,8.8
5.178,121.99,658.49,20.67,64.61,31.99,2.994
3.077,287.38,554.2,28.68,77.06,15.56,2.638
12.538,180.18,1192.48,15.37,75.82,28.95,221.032
4.484,315.48,666.14,39.1,48.92,6.14,3.97
13.926,216.89,1308.09,34.09,70.33,24.99,176.7
3.219,288.3,533.6,32.06,59.61,12.38,3.796
12.347,329.18,1199.51,24.12,81.17,14.66,29.146
11.094,301.94,1102.58,37.37,85.29,32.83,122.926
5.393,131.03,691.41,39.48,92.52,31.78,2.566
4.722,305.47,634.57,32.57,78.22,22.34,7.985
6.174,307.9,824.96,27.58,52.12,27.16,14.857
9.608,291.42,1005.2,35.35,57.4,16.05,47.9
3.784,171.46,583.74,24.12,84.41,13.72,6.162
10.842,88.22,1099.08,31.69,91.46,21.5,97.578
4.028,117.31,619.11,35.5,88.43,12.79,7.35
13.93,176.61,1240.99,35.51,72.19,14.6,17.743
5.715,121.31,762.65,33.61,90.29,7.29,7.823
7.939,177.36,854.28,35.18,47.37,19.93,53.177
4.083,130.42,600.53,18.87,86.97,29.36,0.822
8.08,81.75,905.59,24.58,48.44,27.14,47.428
13.899,277.81,1309.95,25.57,65.44,18.25,48.178
3.3,73.29,545.23,35.67,65.51,27.64,1.489
8.288,358.17,910.57,33.82,66.46,19.6,59.823
6.376,82.18,740.18,15.4,50.21,30.22,10.494
8.536,116.75,961.02,26.48,49.96,14.97,38.609
11.476,141.99,1142.97,28.2,93.97,20.49,98.282
6.303,16.45,814.88,25.42,53.79,16.32,27.019
5.276,172.16,714.87,16.69,85.92,26.8,8.727
13.636,144.32,1263.3,25.44,47.61,20.87,94.58
10.942,300.92,1091.16,30.18,62.35,12.9,23.625
13.104,188.39,1258.23,24.83,77.37,28.41,253.099
11.552,93.49,1088.69,23.67,41.4,28.16,158.304
8.217,207.98,885.85,33.56,92.63,17.87,52.976
5.831,3.18,734.61,19.8,76.09,27.1,13.088
8.502,317.46,927.35,27.5,58.65,7.31,8.989
10.749,9.94,1090.45,35.78,68.98,11.3,17.066
7.427,301.43,869.51,26.39,51.34,33.31,14.255
4.619,37.18,681.63,34.04,85.98,19.7,9.487
9.674,348.74,1010.54,17.67,49.04,31.49,77.047
7.091,104.02,826.16,35.93,62.23,10.27,15.23
4.139,152.94,641.21,29.46,51.4,5.89,3.622
4.982,148.76,678.11,39.03,71.28,34.38,1.049
5.928,244.3,782.26,21.72,85.59,31.05,6.595
7.956,318.07,894.57,33.99,90.69,32.72,22.844
7.902,280.27,906.7,37.2,77.69,10.95,17.865
5.032,300.65,679.47,19.59,90.43,8.39,7.798
11.892,57.57,1213.78,21.97,64.4,5.16,1.191
5.445,202.62,716.25,33.54,81.59,31.43,4.136
9.774,220.59,1009.06,39.67,57.88,23.14,98.035
4.399,252.26,638.84,39.78,67.13,31.84,1.041
4.297,139.54,673.95,23.7,42.63,17.88,8.628
4.38,154.96,640.34,25.49,61.73,30.89,1.793
9.083,109.34,963.76,39.43,72.35,22.59,80.792
3.257,260.2,570.91,27.64,70.04,27.45,0.846
13.931,271.27,1300.75,36.16,41.19,26.45,196.253
4.136,345.54,652.92,36.11,72.73,32.12,1.54
11.543,340.02,1153.87,37.05,53.1,22.17,122.43
3.381,81.06,585.89,37.47,59.17,5.2,2.432
4.845,128.71,717.04,16.02,84.53,15.32,11.67
13.708,40.87,1270.45,37.12,52.44,26.54,214.963
12.872,81.37,1195.11,25.12,67.74,25.85,180.082
5.29,69.71,735.21,34.39,50.6,16.82,16.689
4.795,153.63,652.41,15.18,69.56,21.15,11.28
10.096,44.08,1036.72,35.79,83.38,31.39,91.443
3.633,280.83,625.8,33.78,61.61,23.44,2.238
13.465,42.45,1274.81,21.07,67.3,14.27,19.642
7.089,57.62,790.55,37.66,61.12,24.23,33.495
9.23,324.61,988.52,23.55,94.23,16.87,55.324
3.836,82.47,562.1,27.04,52.77,30.65,1.444
6.015,114.66,775.57,31.69,67.98,8.09,8.976
12.963,252.44,1191.04,37.26,63.41,5.79,1.259
9.282,57.0,975.24,33.55,69.32,13.11,30.276
5.102,253.85,711.83,16.57,78.01,14.53,13.17
5.98,259.13,771.19,18.49,72.0,30.24,7.909
8.692,158.98,958.93,37.93,65.35,34.21,29.972
7.118,266.85,860.15,36.5,48.43,26.25,29.588
5.798,287.24,752.83,23.03,91.25,27.08,10.808
13.66,108.9,1246.7,28.57,67.1,29.89,263.121
5.181,75.23,675.28,20.86,49.36,15.63,14.335
6.938,222.3,814.01,16.43,58.72,33.8,7.947
6.024,318.03,768.39,23.34,67.69,20.91,23.711
12.125,194.93,1133.49,39.32,57.64,9.05,5.748
11.674,6.48,1167.21,27.7,61.88,10.05,9.816
6.357,78.01,781.42,34.5,88.12,22.57,25.002
4.857,57.25,681.21,19.59,59.27,15.58,12.14
11.754,336.18,1176.42,25.14,81.63,21.57,117.476
5.076,273.77,745.98,37.02,75.54,28.79,4.852
5.703,98.47,701.2,22.19,71.54,23.16,15.597
10.206,141.99,1060.78,35.79,64.39,12.87,26.691
12.141,123.37,1165.05,35.98,92.96,7.0,2.768
12.195,232.93,1215.73,15.47,52.74,7.53,3.369
5.416,133.46,732.22,20.02,74.06,18.91,18.231
3.955,213.08,680.94,24.56,40.32,32.95,0.852
4.579,174.91,615.48,15.93,62.0,27.45,4.436
12.14,19.76,1161.97,39.39,87.87,20.77,102.448
13.333,3.72,1265.87,29.31,52.55,7.7,2.4
12.088,237.25,1185.81,36.43,77.03,10.95,11.16
7.514,4.48,858.67,38.42,73.95,18.06,44.567
4.509,72.02,673.29,17.48,59.19,32.46,0.832
5.163,64.32,672.94,26.75,89.21,17.61,15.017
13.104,11.39,1240.97,36.47,51.46,23.71,157.741
3.495,99.88,576.96,25.71,43.82,20.35,3.848
7.855,359.28,872.06,35.9,67.19,13.99,31.992
5.01,317.59,675.48,22.18,52.06,7.33,7.441
8.458,78.85,933.59,23.63,82.95,16.66,45.185
5.811,205.3,775.4,39.94,49.1,16.09,20.26
5.479,303.14,759.48,18.42,70.77,10.19,11.202
8.673,264.22,941.75,21.66,75.91,15.17,38.922
8.509,121.4,943.16,37.14,66.49,16.72,46.823
6.064,115.66,772.16,29.75,40.88,11.61,15.29
8.87,94.27,973.37,25.68,56.76,27.11,67.648
6.23,164.02,769.15,38.9,68.74,16.89,27.037
7.127,195.2,866.38,26.28,75.85,12.69,23.535
7.555,168.25,866.96,31.99,61.32,29.27,31.721
13.611,24.17,1296.2,31.48,88.52,20.53,88.414
9.698,12.08,1022.92,16.5,64.9,30.29,86.781
3.122,186.13,534.23,23.36,78.36,16.55,2.557
6.191,85.03,823.38,25.3,88.53,11.84,15.768
5.728,96.12,745.54,25.62,68.01,24.34,15.618
10.325,8.01,1061.7,25.11,78.55,32.99,92.904
5.013,66.03,721.33,25.26,87.17,28.28,4.437
9.757,277.6,997.6,26.3,75.59,27.8,97.351
10.439,291.0,1067.02,16.17,65.89,14.14,33.395
11.945,250.7,1133.63,32.34,87.77,16.99,49.444
11.161,113.37,1145.85,39.86,57.75,14.08,28.518
4.519,298.24,638.07,32.36,43.23,27.95,2.666
11.413,196.22,1150.56,25.04,79.78,10.6,12.108
3.673,25.1,651.5,34.08,71.78,5.44,2.446
5.108,291.45,662.84,29.53,82.17,25.19,8.416
9.233,193.14,999.95,18.99,46.6,33.97,45.322
11.464,278.14,1125.14,20.83,44.97,21.02,96.054
12.046,110.87,1167.51,21.56,62.29,26.54,179.712
9.505,247.31,1033.0,31.62,93.49,33.73,49.885
6.327,356.24,771.56,30.04,41.06,23.31,27.175
7.604,9.64,832.74,24.51,49.88,18.18,45.215
3.022,93.05,573.65,30.18,48.93,32.37,0.146
11.167,100.06,1095.21,34.66,84.64,25.81,136.625
12.042,27.12,1120.09,33.12,46.14,5.17,1.469
9.974,343.39,1067.33,21.78,52.2,20.83,94.014
12.501,273.1,1188.88,38.03,45.66,28.17,192.039
13.131,236.94,1244.05,37.53,75.97,33.18,244.8
11.522,41.2,1153.12,16.36,72.95,6.28,3.168
12.678,73.29,1159.0,27.83,69.67,33.83,196.451
3.721,57.36,632.86,18.76,49.11,24.54,2.327
11.474,299.85,1164.95,36.06,57.94,5.58,1.679
4.62,182.75,631.31,29.49,58.64,19.01,10.472
6.032,27.09,749.95,28.5,63.26,23.0,22.163
12.838,309.09,1219.53,19.29,65.97,5.99,1.308
4.468,6.03,624.09,30.62,65.1,34.83,0.0
7.634,242.11,878.02,37.06,55.43,16.44,39.862
10.161,231.09,1053.39,23.35,68.71,5.18,2.41
4.965,264.88,676.1,22.38,76.41,24.73,7.613
7.113,146.82,889.73,15.46,44.95,18.76,36.587
5.735,65.75,701.91,37.74,71.34,26.13,12.499
5.749,135.62,759.1,34.03,40.04,16.26,20.444
4.463,275.35,629.75,32.24,42.31,17.75,9.766
8.514,28.5,888.89,28.32,64.18,25.39,70.079
13.68,314.53,1301.63,35.68,54.96,9.41,2.784
6.875,258.07,797.52,26.29,67.41,26.37,26.252
7.522,359.66,886.18,39.02,52.7,18.91,45.847
11.53,349.26,1156.73,25.19,72.19,22.01,126.693
8.331,328.09,921.81,37.19,89.78,12.7,27.052
9.653,139.3,1003.69,19.14,62.59,17.51,61.648
3.799,163.33,631.76,38.29,72.09,16.31,7.06
13.838,327.13,1322.36,38.7,76.15,23.1,136.7
13.465,197.34,1260.84,20.38,81.33,16.99,39.765
8.662,255.64,962.11,26.27,50.3,14.03,32.846
5.718,189.07,757.56,16.22,92.11,29.39,6.668
4.052,72.05,626.5,28.2,50.43,34.73,0.106
7.427,10.56,921.12,37.42,55.93,25.95,36.963
13.229,52.85,1290.02,30.42,81.08,27.24,216.232
10.275,307.05,1032.56,36.77,80.21,8.55,8.049
5.245,292.15,686.06,27.39,48.38,8.97,8.322
9.506,194.45,985.41,31.11,85.81,28.58,91.216
13.338,48.76,1292.5,37.71,58.12,6.67,1.086
5.009,121.26,664.38,20.8,71.36,23.26,10.157
11.804,224.06,1107.61,21.53,89.82,22.05,120.264
13.744,279.64,1357.11,38.03,93.84,16.1,24.568
8.873,316.56,954.86,17.13,76.24,18.46,64.681
7.493,36.18,873.82,28.15,71.45,27.93,34.497
13.069,231.1,1257.54,34.28,86.73,33.18,241.814
8.398,43.39,935.83,19.08,52.4,24.81,66.394
6.473,145.69,754.34,15.32,67.29,7.2,8.33
13.896,125.86,1262.15,20.64,44.74,33.98,291.86
4.613,120.07,655.82,30.55,85.97,10.95,8.492
8.327,75.59,924.66,16.01,56.4,34.89,19.511
6.026,161.48,756.26,28.75,40.0,18.32,26.301
13.546,149.75,1327.57,18.22,52.4,31.55,267.869
10.61,169.36,1037.34,23.03,82.76,23.9,124.418
13.752,247.7,1317.69,36.33,93.62,33.83,274.902
4.831,193.76,628.87,23.68,54.74,6.11,5.92
11.953,201.0,1139.42,23.85,40.08,26.87,194.407
11.885,115.55,1151.33,35.88,54.33,25.07,152.893
5.738,239.91,711.91,38.05,42.58,6.52,6.398
3.124,88.5,542.55,35.72,40.69,8.52,3.531
6.039,6.61,768.18,34.03,73.23,10.35,13.4
11.847,8.69,1160.66,20.23,61.04,27.15,182.374
3.439,184.95,534.73,37.88,69.92,23.85,2.773
10.627,7.58,1085.42,26.12,69.73,23.24,127.848
6.717,349.5,802.48,24.55,78.06,11.11,18.185
5.604,259.5,757.9,18.3,43.05,14.0,17.648
12.35,181.13,1192.91,27.68,42.94,6.28,1.352
10.918,217.84,1086.49,27.07,93.29,25.38,143.063
4.292,251.74,657.34,17.32,86.15,34.37,0.0
12.522,28.39,1216.71,19.99,87.09,8.01,3.688
6.688,99.24,817.91,23.46,42.59,10.59,15.944
4.312,213.84,606.82,25.08,56.24,34.63,0.686
4.614,112.87,692.22,30.02,65.87,13.18,9.912
10.823,106.66,1114.82,33.16,92.72,31.75,115.937
11.498,330.67,1131.98,37.39,44.4,27.38,168.072
12.052,206.03,1130.48,33.23,71.71,29.12,199.463
13.976,47.62,1290.85,25.19,53.65,32.69,307.653
6.996,351.44,824.4,18.45,61.14,8.89,12.435
8.348,199.99,898.32,26.21,51.88,14.92,40.202
11.939,141.61,1158.86,16.04,61.77,6.32,2.244
11.04,319.36,1100.42,17.19,74.83,21.35,108.237
4.328,309.45,652.94,29.67,72.58,27.22,3.091
10.03,51.54,1011.79,18.38,73.46,28.02,112.505
8.061,133.57,899.56,26.69,72.86,24.48,59.229
5.053,141.27,681.53,16.24,79.41,34.01,1.469
6.837,293.3,795.04,27.32,56.24,34.44,7.534
9.496,49.34,1015.49,22.98,81.09,13.56,32.124
6.623,184.97,763.47,18.11,40.9,22.86,30.543
6.826,126.14,838.07,20.28,88.75,16.94,31.321
7.468,312.1,875.02,29.93,77.72,19.85,47.214
6.464,146.66,751.27,15.3,93.32,30.21,12.173
6.406,152.3,795.06,26.19,56.3,17.65,29.845
13.137,5.77,1270.61,19.92,83.99,5.82,1.239
7.119,71.66,818.86,15.11,64.27,7.7,8.661
8.468,33.8,917.49,25.58,59.08,8.87,12.831
5.812,27.02,726.88,21.13,57.95,26.29,13.87
13.655,263.49,1293.08,24.13,45.34,34.63,259.441
8.143,19.59,913.05,33.07,46.77,24.29,61.168
8.772,207.21,991.2,24.95,93.04,17.14,51.74
5.363,118.84,722.17,37.13,70.46,23.22,13.465
5.902,241.4,789.41,26.5,70.08,6.48,6.645
5.043,87.44,652.95,33.65,66.3,21.26,11.482
5.688,2.15,754.29,31.06,71.0,17.97,22.118
5.661,68.28,712.24,35.43,77.96,28.58,7.602
4.466,203.59,702.47,36.52,55.9,32.65,1.23
6.544,274.71,816.99,35.39,91.41,23.52,25.43
9.531,67.26,1002.95,19.13,66.04,9.78,14.524
10.93,312.29,1094.42,31.29,42.57,22.26,117.918
5.765,356.97,748.2,16.63,73.93,20.49,22.464
6.227,76.47,749.26,22.42,76.29,31.68,6.798
3.1,242.16,602.33,23.28,57.66,25.7,1.441
4.395,140.04,613.64,37.87,64.34,23.67,5.948
5.219,345.38,726.7,18.11,40.21,34.54,0.658
5.348,55.7,683.02,34.34,63.79,32.41,2.094
8.42,168.28,888.07,20.46,91.66,26.0,64.689
3.371,143.43,623.59,38.21,80.16,5.1,2.289
9.144,18.85,960.3,24.46,41.9,20.1,76.947
6.347,226.86,753.43,17.12,85.33,13.93,21.389
3.59,323.21,613.31,21.76,77.15,27.76,0.81
8.57,154.09,975.66,25.51,60.42,17.89,54.782
4.759,303.4,686.05,21.13,62.27,15.7,11.402
12.316,291.45,1185.52,25.09,92.54,7.13,2.998
9.31,96.22,990.88,29.88,75.51,11.53,20.773
9.458,277.23,1013.87,31.98,81.17,30.26,69.552
9.58,27.86,971.49,29.97,78.83,23.61,99.831
6.465,112.89,794.93,36.67,72.85,29.71,12.289
11.526,157.15,1139.52,20.41,47.25,31.8,170.651
4.116,36.3,658.18,32.97,72.21,24.53,3.694
10.266,327.68,1064.48,23.24,55.86,5.49,3.069
10.698,65.68,1128.35,26.26,80.77,9.12,8.362
5.124,212.97,718.04,28.28,90.35,29.8,3.976
13.221,58.18,1219.93,24.94,65.36,30.42,255.469
11.518,189.49,1099.07,37.72,47.08,24.47,149.17
3.636,236.62,591.17,39.31,55.96,25.93,1.893
13.862,71.97,1277.98,33.08,71.65,27.43,226.99
9.324,193.13,1021.33,36.75,54.91,20.46,78.27
10.554,224.47,1080.89,29.18,83.82,12.24,22.6
3.041,223.52,546.82,37.96,48.48,30.18,0.462
3.653,316.82,606.08,25.43,61.13,14.68,5.845
12.91,263.68,1222.74,32.11,62.35,32.8,230.627
13.417,116.09,1250.91,33.79,59.72,33.98,258.474
5.802,155.14,722.13,15.14,42.88,28.61,9.368
7.564,191.14,848.2,18.32,77.58,15.59,37.933
6.576,55.41,794.48,37.29,87.39,22.66,30.2
8.195,106.6,916.46,18.59,86.64,32.36,28.267
13.979,6.12,1322.15,34.39,86.01,26.91,218.061
7.979,345.0,859.8,25.21,42.51,13.03,28.045
13.079,184.57,1245.99,25.28,49.53,6.46,0.983
9.726,192.48,1040.24,15.76,73.48,11.38,19.359
10.348,4.36,1066.33,34.25,75.09,19.54,83.084
12.291,295.66,1198.01,29.4,66.78,9.59,5.769
5.956,75.51,776.8,24.73,54.87,6.27,6.41
5.251,271.26,698.0,24.44,78.02,34.51,1.951
9.303,179.38,982.59,30.98,52.25,15.1,43.896
12.112,274.06,1159.8,16.13,76.18,23.51,135.521
5.973,234.24,757.3,35.22,42.44,32.34,5.314
9.605,274.57,1005.71,23.3,55.42,10.74,16.365
6.434,14.71,773.14,17.41,80.93,20.98,29.882
8.063,219.48,887.46,38.89,46.25,17.76,49.776
5.94,327.26,784.31,28.07,48.74,26.72,14.094
12.23,115.2,1166.67,31.03,88.06,13.29,18.669
9.276,57.3,1006.82,31.17,52.09,27.1,83.98
6.967,197.51,836.9,32.91,81.62,19.42,39.515
13.209,75.52,1240.58,36.23,64.39,10.45,5.118
9.494,236.59,946.67,31.06,77.48,20.89,82.482
12.829,275.17,1218.43,26.72,67.54,16.44,38.739
6.98,122.36,820.11,22.81,74.26,17.61,35.847
4.68,48.07,641.29,33.12,52.1,20.08,10.324
9.372,353.05,973.28,37.1,52.54,6.08,4.406
11.938,274.65,1189.41,25.71,85.32,23.83,135.654
7.928,241.6,921.93,28.8,84.55,26.1,48.181
3.777,284.78,615.77,25.52,57.27,34.66,0.805
12.664,196.07,1194.73,30.61,42.19,20.43,97.295
6.88,23.33,796.88,27.35,43.19,34.63,6.803
11.383,225.79,1128.91,19.19,85.47,20.35,98.006
7.521,189.04,851.47,36.53,92.77,9.53,14.116
9.53,245.25,1005.76,19.51,91.46,23.96,91.405
6.671,31.76,821.87,36.96,70.08,28.67,18.511
8.753,139.31,931.83,31.39,81.93,29.25,59.501
10.137,175.84,1043.59,37.89,61.34,6.1,2.782
4.303,163.69,661.8,18.3,66.46,16.63,9.707
9.674,83.15,982.45,21.87,78.85,24.84,93.407
9.682,163.48,1036.32,16.16,79.26,18.81,72.606
9.756,310.41,1029.68,34.57,87.58,15.63,45.3
7.907,288.13,892.46,26.06,80.69,24.75,50.19
12.678,36.05,1194.27,23.23,74.77,18.2,60.904
12.956,128.69,1203.31,31.09,68.86,27.17,206.167
8.682,255.93,920.31,22.0,42.46,11.28,20.457
13.69,112.09,1334.2,22.71,66.59,8.07,2.126
4.676,81.66,692.08,31.2,57.75,34.71,0.823
4.252,226.0,629.52,24.84,91.39,6.12,4.097
10.028,316.2,1080.72,26.26,64.55,11.96,21.723
13.709,289.55,1262.71,30.69,59.64,34.29,275.13
9.32,105.64,994.81,37.87,94.43,30.69,62.392
13.492,293.19,1281.96,16.66,51.99,11.56,7.823
8.485,238.29,949.41,36.72,59.53,26.19,61.714
4.762,327.6,676.89,31.73,76.44,33.85,1.631
11.514,75.02,1160.12,15.94,71.07,32.65,144.906
10.281,231.31,1054.03,39.9,52.47,30.64,104.761
11.1,24.83,1072.66,23.67,80.64,28.91,156.43
3.264,167.96,550.85,20.18,56.04,12.64,4.389
4.944,44.04,651.35,33.58,71.48,32.65,1.495
8.358,266.66,894.28,38.08,73.54,15.1,35.971
13.431,323.12,1237.19,16.92,76.54,24.37,167.326
13.371,320.85,1253.05,17.47,83.33,19.39,72.54
10.69,21.09,1085.23,29.77,84.95,18.49,77.022
3.284,358.64,591.29,29.79,79.54,24.93,1.874
13.966,349.59,1336.73,34.27,41.58,24.03,161.109
13.662,269.68,1244.41,29.38,75.52,8.5,2.718
12.798,149.62,1218.45,26.31,46.77,17.42,49.466
13.478,0.54,1283.89,39.93,81.06,29.34,257.4
13.139,48.39,1213.91,36.23,47.04,13.06,12.766
9.472,14.26,969.86,37.49,51.48,11.62,21.721
7.631,128.91,891.59,33.51,45.16,14.82,32.555
9.992,99.39,1044.24,25.09,55.09,12.36,23.288
12.442,22.56,1162.99,22.6,61.75,9.2,6.073
11.899,292.88,1146.06,17.75,61.11,11.55,12.936
9.244,281.63,953.28,23.92,89.75,15.05,40.21
9.409,56.86,953.22,19.57,77.69,29.36,79.915
6.285,16.19,789.57,20.41,87.21,14.7,23.378
13.701,267.46,1278.67,23.36,43.5,33.1,273.519
13.654,280.62,1251.2,38.13,54.07,10.42,4.26
13.017,82.33,1236.14,15.02,65.79,12.58,12.505
6.973,136.07,816.11,33.47,44.6,29.88,18.247
4.637,33.41,636.2,21.52,82.99,22.69,8.32
6.485,22.87,812.94,36.87,40.44,12.32,19.792
8.451,156.76,910.27,17.37,50.69,20.06,62.153
3.658,260.31,613.29,28.4,93.08,7.53,3.633
4.013,23.37,592.77,20.72,66.48,33.36,0.85
3.163,287.44,600.85,16.94,65.09,23.93,1.613
6.521,108.43,827.31,23.27,64.98,24.55,25.08
3.025,310.94,557.32,35.55,76.11,7.16,3.144
13.363,64.51,1274.29,33.58,40.67,6.63,1.264
13.548,155.43,1322.59,23.38,75.59,5.57,0.307
6.591,299.14,834.48,19.2,80.75,5.82,6.523
7.497,13.2,857.5,22.88,54.09,5.57,5.414
13.814,144.65,1288.51,37.32,51.32,9.07,2.396
4.503,13.45,669.29,39.78,52.77,24.95,5.388
3.519,136.0,571.42,31.38,45.26,6.39,2.338
3.831,272.94,612.4,21.4,56.87,11.83,5.814
4.917,65.35,688.62,24.47,93.51,26.99,5.338
5.796,299.67,759.05,25.29,55.58,20.02,21.91
6.282,289.5,796.76,30.24,63.55,20.36,26.892
7.723,96.34,854.86,33.64,80.13,18.12,42.774
7.992,241.21,895.19,30.63,87.68,21.5,57.948
9.876,63.84,985.92,26.8,52.76,15.04,41.264
4.953,138.11,662.81,39.0,60.4,13.03,12.704
11.404,140.43,1146.28,18.94,83.31,23.59,135.303
7.582,108.05,852.67,21.67,83.05,30.47,25.32
10.678,57.33,1129.92,36.95,82.76,16.81,50.558
10.916,240.09,1080.05,23.45,70.87,17.23,57.808
11.381,317.05,1123.71,29.41,88.85,11.08,13.181
13.019,271.79,1242.08,24.71,90.81,19.24,68.978
4.723,164.76,710.55,31.12,91.37,21.41,9.446
5.471,97.72,693.92,38.5,55.76,17.87,16.773
10.356,9.41,1033.89,34.62,61.63,19.11,79.61
10.028,221.73,1034.24,33.8,81.74,7.89,7.134
12.465,242.57,1221.61,27.5,45.58,10.9,8.607
8.081,10.52,875.4,15.58,84.35,19.15,55.08
4.827,298.84,652.64,15.1,45.25,19.46,11.374
9.093,256.17,964.61,28.9,47.7,8.53,9.549
13.771,352.46,1291.44,24.96,50.81,18.26,52.032
5.023,231.28,726.93,35.96,81.18,16.66,13.74
10.728,124.01,1083.82,25.14,90.44,9.16,9.221
13.238,309.81,1275.22,29.72,89.46,22.18,119.307
8.562,239.38,907.78,39.84,46.04,16.5,44.305
6.213,165.66,760.43,30.51,64.83,31.67,7.221
5.466,118.31,733.16,30.0,41.81,15.5,17.361
11.507,9.91,1114.32,25.03,79.51,22.55,131.321
11.376,29.27,1119.64,20.66,54.97,24.98,158.875
12.166,236.44,1166.01,20.13,77.71,6.37,1.963
9.197,286.97,1023.43,21.63,80.06,19.81,67.195
5.382,26.61,718.83,21.28,69.94,13.49,15.839
10.199,212.51,1064.18,31.44,82.44,31.97,93.979
4.777,328.27,710.9,18.76,70.9,32.77,0.729
7.446,195.94,880.52,15.82,93.06,12.39,23.326
4.588,343.72,708.19,34.24,54.18,14.07,9.621
5.872,56.14,757.26,16.5,57.56,19.34,22.574
13.828,34.62,1335.92,35.93,91.05,16.46,30.987
3.878,283.39,638.76,17.47,78.6,11.1,5.803
4.488,253.95,657.76,29.57,57.02,9.06,6.508
12.968,240.84,1187.17,15.11,93.39,7.65,2.005
4.012,47.71,618.71,28.34,86.81,19.54,6.568
10.669,278.14,1045.97,30.19,93.34,19.73,80.071
6.24,154.33,776.78,30.13,53.14,32.54,6.301
8.492,221.28,951.11,17.78,94.22,13.59,31.784
5.745,54.63,756.97,23.71,88.23,32.6,4.1
5.396,18.5,703.87,29.92,63.83,17.2,17.951
5.786,123.98,744.86,19.18,57.77,14.36,18.445
3.826,50.02,631.18,24.08,66.76,19.0,4.475
8.971,253.72,982.24,21.9,68.91,23.14,77.311
8.574,353.51,944.61,29.95,93.96,34.71,25.404
10.708,122.66,1092.98,26.29,91.65,15.92,46.748
8.554,319.14,924.77,36.29,50.13,9.68,14.589
7.446,273.75,853.47,24.04,60.18,19.29,44.899
10.297,29.88,1042.87,36.48,75.97,5.15,3.706
12.003,183.33,1169.23,38.89,63.15,26.01,179.443
7.896,290.89,857.35,36.92,40.19,17.28,41.549
9.595,242.03,1013.33,39.71,84.23,9.22,11.301
8.189,60.66,880.51,27.54,46.12,9.84,16.008
5.523,198.8,719.02,19.52,70.58,19.13,20.136
12.53,189.36,1196.76,23.95,73.33,13.19,18.956
3.429,270.47,601.22,21.7,73.29,28.45,1.105
10.75,336.96,1107.0,23.68,41.63,10.83,14.25
13.639,339.72,1256.62,38.19,49.06,32.71,281.991
3.084,334.61,581.44,22.23,75.18,19.68,2.32
13.786,215.57,1309.12,26.61,53.21,30.54,296.618
3.261,108.04,566.5,30.55,90.05,14.04,3.334
9.746,313.77,1013.49,18.16,81.92,24.67,103.65
6.167,200.04,779.14,35.0,55.83,6.09,6.436
3.935,183.58,635.12,28.89,73.56,15.33,7.227
13.795,201.33,1315.98,32.76,41.37,22.56,124.725
4.269,52.53,634.19,20.55,76.34,12.52,7.35
13.095,86.24,1286.15,33.01,72.79,21.58,99.78
13.536,329.39,1255.7,34.61,72.58,21.34,106.402
6.061,207.33,740.97,33.41,85.88,24.13,19.9
10.584,129.34,1065.57,18.83,73.43,7.0,4.693
3.533,119.36,591.19,26.49,52.84,31.81,0.0
3.913,114.61,622.39,26.1,45.13,7.07,4.698
9.465,198.66,1013.75,18.5,52.1,19.37,75.469
7.383,220.96,846.05,31.0,86.69,28.22,31.288
8.488,327.38,947.49,23.08,88.2,10.53,18.238
11.183,324.34,1116.84,19.35,56.58,7.4,4.509
10.804,110.81,1108.22,33.0,58.81,8.24,6.139
8.88,113.52,976.02,22.04,92.62,30.02,56.003
9.194,136.38,957.54,19.05,49.05,27.89,81.024
5.438,51.98,715.73,34.87,77.16,11.67,13.478
3.908,230.41,609.94,38.04,47.66,5.61,3.261
12.11,217.84,1161.02,24.81,89.77,18.28,66.41
4.091,106.38,642.62,18.92,47.64,17.22,7.558
8.957,276.88,960.0,37.63,59.76,17.18,51.285
9.645,170.94,1008.21,39.76,40.27,15.65,47.298
3.363,77.56,557.49,35.98,72.25,28.41,0.724
12.035,2.73,1164.6,18.78,62.99,22.29,129.775
10.073,76.19,1001.05,30.47,66.92,5.06,2.749
10.107,66.17,1048.7,29.54,58.79,30.25,100.599
7.142,258.46,811.8,22.02,67.07,34.09,9.106
6.4,261.75,799.62,29.48,74.19,13.57,20.825
11.576,261.7,1143.46,39.44,47.52,24.53,146.486
8.156,329.78,894.47,28.36,44.15,27.02,55.02
12.217,159.82,1168.81,34.56,46.5,10.87,10.831
9.757,328.48,1039.55,38.0,76.85,17.62,61.346
7.708,21.03,894.84,19.42,65.9,8.75,12.353
11.621,57.64,1126.64,17.16,78.52,17.2,56.937
3.816,259.69,620.63,16.5,47.26,19.35,5.135
9.018,333.85,937.08,15.6,74.61,15.06,41.534
4.49,71.43,647.07,27.16,69.65,9.14,6.625
12.006,186.05,1119.18,22.11,68.19,7.51,3.93
6.147,54.8,808.71,22.79,41.19,18.61,25.754
6.703,327.0,817.68,29.24,69.58,12.3,21.021
10.67,74.58,1059.55,21.49,58.95,16.4,49.278
9.739,45.65,1009.58,26.97,93.04,24.77,104.0
5.219,245.88,721.75,25.32,71.36,11.31,11.402
8.762,14.85,977.38,17.46,55.11,29.11,59.132
4.8,154.07,710.45,22.32,63.71,31.15,1.442
7.057,289.97,820.6,27.2,94.64,33.87,9.503
13.005,176.04,1218.04,35.86,77.0,23.41,153.515
13.752,93.66,1271.72,26.03,56.14,29.42,257.569
9.355,254.94,974.8,35.76,41.19,5.17,3.65
7.546,46.66,841.1,29.19,57.98,8.3,11.121
12.003,19.53,1141.59,25.54,46.95,19.77,91.436
9.57,83.31,960.37,22.99,41.2,12.72,25.382
12.651,311.93,1194.33,16.82,71.65,24.7,174.133
12.911,66.98,1196.4,34.69,56.1,30.71,230.563
13.284,251.72,1310.06,33.25,40.34,26.69,185.465
8.1,315.8,891.44,24.34,87.52,18.77,55.819
5.24,233.9,670.18,28.24,45.15,33.41,2.126
13.835,51.85,1289.09,21.08,64.46,6.68,0.692
9.241,253.14,958.46,22.92,79.48,26.9,84.154
3.129,70.97,588.22,30.75,76.9,29.24,0.0
7.69,1.56,876.79,16.68,47.61,29.65,31.64
12.251,320.88,1163.32,33.0,68.49,16.63,46.546
5.784,347.29,743.79,28.58,51.25,18.54,22.392
9.339,8.26,1015.89,34.75,49.15,17.16,56.93
10.962,229.73,1116.73,32.43,60.97,12.6,21.324
13.091,320.63,1312.03,36.92,72.97,32.52,229.071
6.079,257.47,784.65,16.3,87.69,27.91,12.733
4.029,203.01,593.95,20.38,42.75,5.03,2.294
4.191,119.45,642.09,24.79,66.14,25.73,2.929
10.793,21.61,1054.44,36.94,51.92,24.17,129.464
11.011,12.86,1094.77,21.38,43.75,6.92,4.533
7.462,321.7,865.6,23.5,77.79,24.03,45.341
4.133,185.42,618.48,20.43,57.07,10.91,7.557
9.869,4.33,1012.7,38.05,68.4,8.3,9.081
12.249,162.29,1189.09,21.56,45.02,31.66,211.893
11.693,236.54,1132.72,25.12,73.35,11.13,11.888
10.719,156.94,1024.88,17.67,68.38,20.52,95.612
7.646,30.67,852.31,29.28,85.46,27.08,41.301
8.734,239.04,971.19,19.0,43.61,30.95,46.547
6.661,352.45,783.66,20.18,50.43,22.64,33.332
7.642,158.3,857.43,18.75,60.33,12.42,25.459
10.217,277.37,1016.83,27.73,55.53,7.83,6.933
12.96,252.14,1218.23,23.38,42.38,13.03,14.245
7.679,197.3,889.27,30.12,51.44,5.19,4.492
11.676,122.75,1162.06,18.94,85.42,17.9,65.034
9.162,233.05,944.79,21.38,43.83,6.84,7.017
6.519,314.92,807.79,24.27,56.49,29.11,15.635
8.138,68.56,877.43,37.88,69.43,31.58,29.294
12.266,230.01,1216.0,34.14,52.31,33.5,179.213
11.727,168.89,1185.76,38.0,92.26,20.04,92.149
4.542,46.18,673.52,33.31,75.89,28.41,2.885
3.676,159.33,618.51,17.07,44.03,13.36,4.966
5.128,243.05,721.29,27.22,88.86,24.76,9.193
12.336,249.03,1191.08,26.18,65.83,28.51,197.33
12.936,336.48,1205.68,31.95,72.04,26.29,203.229
7.78,277.88,869.27,25.07,65.04,26.7,43.978
7.154,307.69,870.83,19.87,82.84,16.0,33.302
4.776,296.68,657.49,22.04,47.61,15.94,11.454
11.584,224.69,1154.93,38.93,50.03,27.81,167.135
5.683,224.56,726.47,15.33,41.17,12.3,14.925
3.551,41.05,632.57,27.32,75.23,14.86,5.74
11.197,34.63,1133.38,16.73,78.99,5.92,2.318
3.36,144.48,555.06,29.01,79.48,32.29,0.0
9.577,310.87,988.77,37.96,51.18,26.41,98.462
6.94,322.0,796.37,30.0,45.93,7.74,9.6
5.774,87.29,712.33,37.41,67.79,30.59,6.082
10.467,86.42,1129.88,18.89,88.21,19.85,76.197
4.526,236.66,636.35,25.58,48.04,21.16,8.471
5.903,320.03,738.26,37.54,94.37,5.08,4.941
11.919,248.11,1185.2,33.37,76.18,6.49,2.328
6.346,268.66,754.43,34.75,57.58,15.14,22.376
5.293,51.57,686.52,36.94,62.04,31.37,2.646
10.657,71.33,1105.48,20.86,89.42,16.44,47.88
10.84,299.74,1094.29,20.02,40.71,6.13,3.071
3.577,295.47,581.68,29.72,43.63,5.11,2.55
13.346,307.3,1187.44,28.29,42.47,11.92,8.239
10.689,100.32,1064.14,23.38,88.44,25.49,128.019
9.838,82.84,1001.61,38.09,78.85,7.66,6.2
11.473,141.81,1084.7,28.34,75.35,9.21,7.151
4.508,228.67,698.64,28.0,59.18,14.09,9.735
8.048,251.07,920.32,21.41,65.19,26.53,49.81
3.81,298.16,590.74,39.95,42.0,11.36,5.9
11.577,88.02,1168.06,36.55,63.8,23.56,124.878
6.192,50.22,770.82,28.94,94.31,17.67,25.982
5.561,359.53,767.83,33.34,59.58,17.17,19.522
8.344,172.42,867.37,36.67,68.0,8.76,11.874
8.838,291.78,923.18,20.42,90.98,24.94,74.652
6.933,31.6,824.43,31.37,88.35,32.73,10.679
4.891,57.21,644.42,25.63,63.92,5.34,4.27
10.692,70.1,1040.59,31.09,44.71,10.07,11.774
9.053,230.7,966.52,31.9,79.28,13.74,33.204
9.421,291.03,975.09,29.14,45.84,19.41,73.187
4.675,116.18,658.85,30.08,67.28,10.64,9.224
9.127,345.45,1020.43,28.31,57.44,33.24,43.989
6.2,278.35,749.76,17.73,92.1,22.48,23.209
9.288,343.22,1014.35,18.48,92.65,15.53,43.502
4.021,191.84,653.64,17.01,46.28,6.18,3.679
12.603,129.98,1215.06,16.09,79.51,26.12,192.004
4.99,341.24,673.02,29.03,88.89,6.49,6.228
5.562,6.0,757.14,18.53,50.79,9.5,11.445
9.97,22.97,1047.49,27.68,85.96,22.15,102.743
13.659,144.54,1293.7,31.08,58.95,30.53,283.119
7.489,75.9,820.25,17.98,70.84,5.41,5.834
13.474,230.02,1265.14,15.5,47.49,16.55,35.624
10.816,50.0,1067.1,32.54,71.58,28.78,142.524
9.986,357.89,1057.6,32.43,57.96,29.2,103.21
11.389,109.83,1107.23,38.65,92.86,28.31,158.122
8.456,17.89,930.78,24.51,89.68,14.12,35.114
13.337,78.79,1237.54,23.26,43.61,21.47,103.917
8.901,296.18,968.43,23.85,88.07,13.03,29.662
5.181,106.8,724.01,33.54,52.58,21.41,12.851
7.719,57.61,852.04,25.41,67.2,13.99,31.158
6.445,55.53,758.23,36.52,84.63,5.14,5.178
8.587,219.22,908.75,21.09,82.52,23.3,70.261
5.403,298.48,743.61,21.3,53.41,22.91,13.899
6.709,192.81,811.75,23.9,81.97,6.79,7.825
13.94,11.48,1258.35,19.37,54.8,5.25,0.668
8.037,100.93,898.22,37.94,81.7,25.91,48.473
7.915,329.28,909.64,27.25,47.8,24.05,56.035
13.143,240.1,1238.15,39.24,40.26,17.65,48.187
6.686,357.41,830.62,17.75,42.11,5.15,6.029
13.917,8.34,1287.7,19.62,70.93,31.54,316.754
4.532,167.04,649.65,21.62,77.61,11.71,9.02
8.406,309.05,933.43,33.96,50.34,8.02,9.159
4.565,236.46,677.6,29.4,55.11,10.54,7.805
8.068,95.11,887.0,28.78,86.23,25.04,53.709
4.221,18.4,651.05,24.09,52.29,15.5,9.66
6.218,343.64,817.08,21.49,81.61,29.71,10.721
9.884,210.46,993.45,23.1,44.31,15.32,43.077
6.932,272.09,863.12,20.5,64.96,9.07,11.804
5.051,304.27,670.43,25.39,50.99,34.93,1.206
4.544,31.27,697.81,22.94,66.16,27.87,3.242
11.219,273.98,1113.0,21.43,45.58,12.73,20.583
4.304,351.25,677.37,31.38,61.57,6.78,4.741
9.281,30.18,985.68,35.81,53.23,23.55,89.242
6.696,26.55,802.95,33.62,91.76,14.9,27.631
9.771,212.46,1047.92,18.57,85.15,17.56,60.487
5.503,289.38,733.65,38.69,92.37,29.83,6.243
8.841,200.18,918.53,38.93,56.97,24.73,79.874
10.152,20.59,1020.98,24.23,84.88,30.77,105.041
4.592,63.25,661.33,33.06,45.89,28.01,3.958
7.857,167.96,880.18,30.16,43.52,5.73,5.645
6.138,93.15,757.78,37.38,68.67,12.46,16.126
12.712,134.1,1249.78,37.88,44.65,9.7,5.508
13.795,174.17,1277.03,17.97,75.34,25.5,200.098
4.262,242.33,691.85,26.69,46.96,29.27,1.051
13.007,76.91,1200.33,19.04,46.13,7.5,2.329
3.589,181.23,612.63,20.71,74.02,12.39,5.807
9.239,27.19,936.22,23.06,51.98,8.42,10.259
3.296,49.29,610.03,27.85,64.82,15.39,3.941
9.543,222.75,1005.27,33.22,60.52,14.53,39.047
3.114,355.75,529.23,15.15,82.69,12.32,4.017
8.438,220.65,915.35,37.18,80.96,6.66,7.367
9.539,181.08,1001.99,26.31,61.81,13.17,32.296
9.65,258.78,992.3,20.14,62.44,13.93,31.773
3.757,255.95,594.6,18.65,83.38,7.27,3.533
5.679,197.81,775.93,18.3,49.49,8.0,8.95
5.69,135.11,743.69,17.51,57.08,21.06,19.802
9.016,130.2,947.34,20.9,41.73,26.94,78.108
12.696,241.96,1201.81,28.07,79.8,30.23,226.617
5.613,203.52,758.13,31.69,44.73,12.37,15.243
7.184,4.55,828.54,33.73,72.59,19.46,43.38
3.508,8.33,579.65,18.24,54.13,34.0,0.0
13.047,164.43,1207.73,25.84,54.79,28.83,252.03
10.384,301.66,1026.47,23.02,49.92,7.43,5.831
4.211,281.19,642.77,33.84,74.22,12.79,7.105
6.997,217.98,801.27,18.54,61.75,23.0,38.323
7.989,179.47,888.25,20.91,64.54,27.66,47.451
8.511,149.5,906.96,18.53,63.41,9.03,12.68
7.419,298.51,855.59,38.09,64.23,15.9,34.986
5.282,35.44,688.85,28.61,86.86,34.78,1.464
4.825,50.32,679.55,32.18,91.02,16.42,12.15
3.757,106.96,588.58,24.77,60.97,11.55,5.405
6.265,244.79,782.96,16.79,65.14,10.22,12.944
10.38,134.85,994.52,22.39,52.47,27.11,115.368
5.279,332.31,708.96,21.55,41.5,21.16,15.886
9.219,213.54,983.52,37.56,90.98,28.38,79.947
5.545,10.19,698.54,28.53,66.75,17.05,19.304
5.497,303.46,749.65,34.14,71.72,28.38,8.424
10.776,341.29,1074.23,17.84,75.41,14.89,39.704
5.454,23.19,719.13,37.7,42.74,22.37,14.863
3.902,162.6,585.32,18.21,48.63,5.61,3.34
8.901,160.69,948.57,29.58,94.39,29.82,61.992
6.681,161.35,799.11,30.32,83.45,29.98,14.562
8.248,102.55,924.73,30.36,74.34,31.05,34.868
4.171,44.73,652.33,21.98,86.95,15.68,6.824
11.115,199.04,1166.88,28.36,45.61,17.98,63.899
8.418,227.46,915.52,32.12,92.67,12.3,24.554
13.925,72.04,1320.6,17.35,72.8,15.57,22.696
11.998,268.14,1137.72,33.83,45.68,11.54,11.454
13.052,182.56,1249.36,17.22,86.15,26.32,214.39
10.131,319.34,1075.51,16.34,69.17,8.41,7.937
5.279,296.39,692.82,27.49,63.43,25.5,9.676
4.889,140.05,671.3,35.06,78.01,30.13,3.136
3.846,221.01,658.75,28.17,54.73,14.31,6.508
9.623,20.26,991.27,26.91,48.98,20.48,87.723
6.662,80.97,810.83,32.37,89.71,22.93,28.855
9.446,273.06,985.11,18.09,66.5,23.11,89.726
4.695,327.88,705.07,34.43,89.06,7.09,6.094
9.602,266.32,1040.37,23.07,88.43,34.44,46.491
13.435,91.46,1288.67,27.34,63.15,29.57,253.567
13.906,254.4,1287.3,25.15,42.05,22.14,109.078
5.872,92.95,728.72,35.62,79.78,7.81,7.904
7.286,279.35,849.28,30.08,40.48,17.0,35.538
10.276,121.56,1015.86,38.95,42.54,14.18,32.285
12.701,208.55,1219.17,26.62,74.63,34.56,215.008
9.724,311.85,976.62,32.57,65.35,14.86,38.328
13.403,333.26,1276.92,25.46,67.95,33.89,278.304
8.175,336.35,924.64,26.32,66.3,11.79,24.217
6.231,4.03,752.61,38.0,56.81,27.05,15.994
13.396,33.86,1270.56,30.42,88.38,29.28,255.124
7.53,328.45,841.36,19.62,52.91,7.82,11.23
8.987,233.57,941.85,22.75,54.77,31.18,57.561
5.978,240.98,748.14,31.7,48.65,27.62,13.27
3.081,216.33,568.08,25.98,59.31,25.05,1.002
8.662,236.65,933.87,39.5,62.91,22.28,72.103
4.134,178.2,616.74,19.81,69.65,19.02,6.438
6.519,299.09,831.19,18.36,86.13,23.71,26.122
8.594,296.87,969.89,24.64,44.19,5.81,4.719
5.196,138.0,636.31,30.41,49.97,6.06,4.379
13.525,87.07,1218.81,24.56,60.99,17.7,41.689
4.906,60.44,659.46,23.67,52.74,7.79,7.13
3.72,296.18,581.85,34.56,50.55,28.79,0.22
11.618,110.0,1141.0,22.01,74.7,17.74,61.624
4.954,268.08,699.8,21.75,50.52,21.16,10.493
5.531,85.73,764.03,20.22,60.4,16.44,17.003
12.928,91.58,1245.48,15.93,63.91,10.27,4.891
5.74,202.33,755.26,24.59,74.11,5.62,6.164
5.959,122.41,716.39,35.82,71.77,30.58,8.158
9.97,336.94,988.08,35.17,94.38,32.63,73.25
12.279,311.63,1226.89,21.22,63.48,17.66,55.094
6.594,116.18,792.16,17.4,87.4,18.74,31.259
11.828,188.29,1161.12,15.11,81.91,9.09,5.969
8.595,163.92,932.23,38.36,94.23,17.06,49.583
7.15,346.63,821.43,25.74,72.4,5.49,5.807
10.709,164.73,1113.04,36.33,75.34,18.0,65.61
3.566,304.66,648.7,30.53,89.95,11.45,5.048
8.76,286.6,924.2,38.78,91.28,19.41,60.408
6.943,155.57,857.92,23.14,75.89,17.67,36.643
3.22,34.53,531.99,27.28,56.09,10.42,3.15
6.125,74.7,749.43,39.14,73.59,20.51,23.462
3.205,351.51,598.27,38.16,57.83,28.45,0.23
7.494,254.67,855.36,34.77,52.61,29.74,25.856
11.243,95.15,1156.96,19.45,70.85,21.11,97.908
4.846,119.21,692.44,26.14,56.54,6.67,5.6
12.484,309.34,1225.35,28.47,87.92,10.17,7.024
7.14,299.13,806.45,27.85,83.43,12.48,21.838
10.115,206.27,1030.23,33.97,62.4,16.56,54.884
6.554,126.29,805.74,15.47,86.19,27.92,18.032
7.832,208.12,895.15,30.03,44.62,5.05,4.281
6.233,331.44,800.41,36.49,48.11,18.79,26.66
8.766,273.24,939.49,16.22,51.89,33.36,33.465
11.221,77.63,1099.7,22.6,55.47,20.26,90.394
9.575,269.0,964.69,32.97,52.79,9.52,11.346
5.446,158.31,749.83,25.54,66.22,18.45,17.912
5.418,44.65,701.07,26.16,55.4,17.84,18.795
10.427,320.47,1038.69,24.7,91.88,6.23,4.024
9.757,327.42,1021.11,37.87,73.3,19.87,79.282
11.507,134.76,1133.85,21.82,55.78,20.07,95.884
6.677,211.48,785.53,36.21,64.54,29.77,15.379
3.302,271.17,549.69,21.0,61.41,5.75,2.448
12.593,8.11,1193.23,36.66,63.17,18.35,65.968
5.197,31.78,714.77,22.93,65.92,6.78,7.314
9.472,283.96,1018.39,31.08,42.56,28.89,78.73
7.099,128.54,827.78,27.66,53.32,12.32,22.96
13.815,288.18,1290.98,31.37,63.25,32.41,302.803
12.514,46.85,1163.25,25.29,94.11,25.13,165.534
3.148,344.87,604.93,21.51,41.59,7.1,2.492
11.092,293.38,1087.36,29.62,81.44,7.36,4.779
10.584,215.23,1109.53,29.19,80.46,7.6,4.336
4.12,319.22,575.69,27.56,81.19,17.05,7.849
3.842,262.86,641.14,26.76,63.38,24.44,3.244
8.622,240.81,914.46,22.02,65.39,24.53,70.318
11.602,138.02,1162.95,37.14,78.95,9.0,6.487
7.445,352.06,850.39,29.65,40.92,26.55,38.863
10.715,249.0,1070.35,15.09,49.93,32.25,106.6
12.409,113.6,1175.08,35.95,77.42,32.44,196.594
3.738,19.73,580.38,16.68,88.16,14.25,5.849
6.383,312.34,807.22,20.33,72.49,27.22,18.19
6.735,94.01,819.19,22.48,56.63,23.17,30.755
6.102,6.01,785.0,37.43,88.06,28.49,12.846
8.289,81.24,946.34,23.93,44.51,27.64,49.913
7.469,111.63,852.44,36.68,67.33,34.08,12.259
13.105,27.49,1226.3,31.86,40.48,13.03,15.121
13.391,150.63,1224.78,22.96,84.81,33.07,282.957
11.534,131.28,1113.14,19.19,46.54,31.3,163.206
11.874,20.84,1190.97,29.43,56.7,7.28,2.713
4.879,359.27,698.71,39.48,58.17,34.19,0.166
4.217,165.86,578.69,33.95,49.78,7.91,4.71
5.424,191.7,751.88,38.86,45.04,26.97,8.303
13.92,345.79,1282.04,16.63,54.2,26.11,211.62
13.802,62.3,1269.88,37.87,45.65,18.9,55.714
12.253,352.11,1182.15,36.17,86.22,6.9,2.198
6.458,169.99,823.4,19.83,44.99,7.64,9.801
5.744,119.64,776.52,31.03,59.93,14.62,17.412
3.429,21.2,573.17,22.68,40.56,26.37,1.457
12.831,221.99,1206.46,37.2,62.4,28.04,216.568
6.517,146.44,793.09,35.99,63.77,34.64,4.531
6.339,281.91,769.47,33.55,50.11,33.16,5.507
12.435,215.26,1191.94,23.53,43.03,23.54,153.852
11.071,37.07,1094.49,25.48,45.76,24.22,139.264
10.59,33.58,1091.03,16.47,81.46,20.79,94.864
4.457,239.1,641.65,18.35,80.7,29.73,2.219
13.176,54.7,1223.95,17.09,84.58,10.11,5.742
11.604,300.84,1157.71,29.21,60.98,23.94,145.431
8.462,287.87,957.78,32.71,81.02,9.17,12.507
11.796,228.01,1109.95,38.42,74.85,21.54,107.866
8.015,253.25,930.61,18.95,41.68,32.39,23.847
5.941,122.26,764.77,27.33,47.08,33.18,3.536
4.592,125.87,660.73,22.38,50.24,25.31,5.445
8.629,333.18,958.0,31.06,78.86,20.48,70.221
3.175,136.84,578.03,22.2,41.58,12.86,2.761
7.604,129.1,823.98,22.51,66.24,25.78,42.724
9.677,122.78,1032.41,32.95,41.28,34.16,51.838
9.429,118.97,994.29,24.8,77.83,16.67,54.117
9.897,127.59,994.32,35.13,52.13,32.8,70.353
7.871,316.83,914.46,23.69,78.35,29.89,33.426
3.815,140.17,649.13,38.97,62.92,30.3,1.655
3.253,31.75,579.75,17.44,79.98,32.66,0.669
8.302,212.08,945.43,31.64,64.6,23.46,63.404
5.358,6.0,708.22,23.23,81.8,20.63,16.008
11.774,275.51,1181.55,33.25,70.81,14.24,26.246
9.48,271.25,987.22,21.49,84.49,12.0,20.645
7.845,201.89,908.21,29.71,88.55,11.45,21.373
3.619,203.18,592.48,33.22,46.94,29.23,0.326
5.814,183.79,703.19,27.93,84.81,30.04,7.196
6.649,247.96,777.29,18.73,89.0,24.87,26.56
10.299,314.15,1039.23,18.97,89.84,27.8,116.525
4.219,78.6,609.33,21.14,51.53,15.29,8.292
8.887,107.29,984.04,38.55,63.23,20.07,63.887
9.719,143.72,991.27,23.1,70.34,13.42,31.705
6.58,206.94,786.98,23.37,44.36,33.13,7.976
6.546,124.06,755.92,34.68,58.14,26.0,21.135
8.374,193.48,928.36,26.43,55.2,24.08,69.162
13.678,138.88,1260.21,37.18,91.07,8.61,2.511
11.23,42.41,1112.85,30.43,67.12,23.39,136.058
6.912,114.59,771.99,34.19,82.83,23.34,32.734
7.847,215.59,890.41,20.94,79.74,33.66,18.43
6.861,181.55,803.57,19.59,85.93,6.13,7.202
11.345,117.82,1130.93,26.88,75.16,8.79,6.989
6.088,194.92,756.13,33.63,56.79,16.45,24.657
9.086,204.38,963.39,28.0,53.97,7.48,8.115
9.971,182.21,1043.7,15.84,40.45,21.61,102.531
3.792,307.56,610.08,36.76,64.12,20.81,5.388
7.403,268.87,851.56,17.61,59.03,5.47,5.807
5.696,55.53,691.85,24.82,73.83,32.94,3.745
12.072,145.04,1192.34,32.51,67.27,11.19,11.571
13.177,306.92,1275.99,22.47,71.54,26.32,205.348
12.031,125.65,1149.65,26.11,74.46,15.93,39.911
3.468,353.2,625.17,36.99,92.21,30.49,0.361
10.139,236.29,1026.75,28.93,87.35,31.24,93.09
9.039,32.16,960.99,18.97,50.03,16.12,51.62
8.255,184.32,879.0,22.21,61.75,29.97,43.407
12.143,298.85,1145.75,17.05,82.97,8.0,3.388
8.554,164.19,897.39,24.37,43.77,13.97,34.305
11.728,217.45,1192.64,19.13,51.33,23.6,142.462
4.956,273.36,664.26,34.0,68.45,19.28,11.589
7.84,156.37,906.05,24.48,57.56,15.85,40.295
6.333,220.59,766.88,31.22,78.96,34.52,4.0
7.751,169.47,849.83,27.32,58.5,33.52,18.229
10.985,298.82,1120.1,21.64,73.69,33.4,111.918
10.633,107.44,1049.76,17.81,51.58,34.82,78.411
10.304,39.52,1002.58,38.74,75.39,27.99,116.463
9.76,94.62,992.92,31.58,85.03,19.51,70.299
4.902,339.33,673.84,26.71,67.53,15.28,13.812
10.13,263.24,988.94,27.19,45.24,16.22,46.229
5.354,239.47,650.54,18.79,87.34,15.49,14.844
3.194,279.09,582.15,33.75,83.22,22.93,1.22
12.162,130.37,1165.1,27.54,75.95,31.94,200.33
8.84,327.27,956.39,30.7,46.47,11.4,22.035
11.097,283.36,1095.84,30.95,64.42,12.55,20.967
11.876,358.95,1155.58,26.11,79.4,25.08,181.322
8.381,291.37,911.79,35.51,53.51,26.41,59.782
9.291,358.09,1004.17,27.96,51.92,28.0,85.738
3.408,166.13,589.85,19.77,85.36,15.44,4.684
10.456,237.26,1060.89,15.98,45.77,18.8,70.962
11.696,97.1,1140.58,15.84,69.86,20.87,96.297
6.452,35.23,788.62,37.6,48.59,29.31,13.424
5.6,197.88,695.42,34.79,72.2,15.59,19.105
5.177,154.24,691.26,40.0,60.24,20.82,13.772
7.483,176.06,839.56,26.36,47.31,7.56,9.819
5.35,288.3,706.3,35.51,81.43,10.69,10.936
9.64,327.88,992.84,22.75,67.09,17.97,68.228
12.362,332.24,1186.9,22.84,79.17,28.06,209.447
12.729,342.25,1229.77,21.7,92.98,34.2,226.115
10.343,239.11,1056.57,37.85,77.04,23.87,116.153
12.278,201.86,1117.52,18.83,85.34,15.28,31.383
13.434,240.98,1285.7,20.93,80.12,26.23,191.817
11.799,50.94,1106.7,27.66,82.0,8.11,5.121
11.913,242.0,1169.89,38.92,83.82,24.73,154.16
6.545,57.26,757.14,24.44,90.78,21.4,29.593
11.866,52.83,1133.22,23.33,74.03,27.76,195.036
7.967,95.08,879.64,30.73,60.76,16.24,40.041
12.009,100.86,1201.78,38.11,46.02,20.97,97.881
12.35,325.83,1203.99,23.57,51.76,33.99,194.599
10.559,51.98,1060.86,20.15,85.4,22.79,113.89
7.89,342.44,921.7,25.72,56.55,13.38,30.481
8.463,28.9,935.18,24.55,47.4,24.86,70.147
5.682,87.46,749.45,21.67,43.28,10.07,11.465
5.278,140.1,726.98,19.89,67.95,13.73,14.628
12.987,16.64,1217.96,29.33,94.53,8.25,2.453
8.978,279.17,940.43,24.43,80.73,24.63,79.861
10.579,23.64,1062.1,25.4,92.72,21.37,106.127
12.301,142.11,1140.63,16.23,56.49,11.67,11.884
5.488,297.76,697.99,19.05,86.47,12.7,13.733
7.723,107.46,913.89,29.72,44.58,25.54,44.376
5.538,245.42,735.82,24.67,90.14,33.96,1.628
10.912,270.25,1123.31,31.13,52.62,34.94,89.035
10.757,214.63,1126.71,32.07,46.79,21.76,107.898
4.098,142.96,625.09,28.62,71.88,13.32,7.742
4.297,119.56,625.82,21.17,72.91,9.16,5.812
12.621,342.94,1220.25,25.04,40.19,27.05,218.049
11.324,198.15,1119.44,27.75,60.18,30.95,163.27
13.209,83.49,1251.75,34.32,60.24,13.94,17.882
10.507,223.76,1015.12,17.07,62.45,14.79,37.45
3.929,112.14,624.9,37.96,60.76,15.35,7.297
3.286,58.65,577.27,17.04,42.59,32.33,0.033
5.69,31.24,710.99,23.26,68.23,21.99,18.436
3.131,79.4,535.02,35.2,87.43,19.79,2.505
12.427,251.73,1140.49,19.81,59.0,31.8,195.577
6.338,46.65,792.05,37.75,78.43,16.76,26.795
8.95,83.47,950.62,30.86,70.54,16.56,48.449
5.848,272.18,699.31,26.34,85.8,18.07,20.722
3.667,139.6,645.47,20.61,57.85,32.94,0.058
11.789,163.82,1171.32,30.88,86.31,19.17,79.838
5.6,81.95,689.6,19.43,71.91,26.76,10.222
6.667,271.77,826.12,27.5,93.9,28.38,17.297
6.324,101.13,763.29,28.33,42.38,18.16,28.172
11.822,303.73,1116.53,28.54,94.5,30.35,182.487
4.784,18.53,693.61,29.86,86.68,22.39,9.323
12.787,288.99,1242.0,25.34,46.46,34.8,208.398
8.199,110.4,906.43,26.24,55.95,18.84,53.078
8.629,284.49,918.21,18.79,61.31,15.14,38.328
13.376,244.91,1244.61,33.96,71.9,25.56,182.219
8.813,125.59,925.07,25.42,86.36,22.92,78.036
13.144,343.39,1246.4,32.95,62.42,17.29,47.929
9.026,12.16,938.1,34.19,64.36,22.88,83.875
8.152,272.47,910.72,20.13,71.08,11.68,20.912
8.153,66.15,869.44,33.64,81.73,7.56,8.907
13.41,273.34,1237.28,39.71,46.78,10.62,5.056
11.723,146.47,1155.42,39.17,75.92,11.95,15.979
10.529,279.47,1023.23,16.3,47.87,12.57,20.719
7.17,283.5,868.75,35.36,88.93,16.34,30.944
13.834,93.09,1272.25,20.66,90.44,8.92,2.582
6.751,193.57,800.24,24.79,82.82,20.18,36.454
5.667,257.54,747.99,16.21,83.2,20.93,17.996
12.108,121.08,1166.96,28.29,82.89,33.86,175.696
9.949,275.28,1038.15,28.01,40.54,14.33,35.309
4.575,288.78,594.2,23.1,93.59,34.12,1.515
7.017,288.26,857.29,26.99,87.28,24.13,33.533
7.913,142.88,877.38,31.97,42.31,10.06,15.32
5.74,27.06,795.25,27.01,89.61,32.11,5.007
9.162,347.2,978.93,38.06,92.33,21.2,77.439
8.192,188.81,890.32,27.1,90.58,28.93,46.77
3.839,288.52,615.58,35.14,71.21,29.52,0.739
8.213,239.95,892.08,24.81,56.52,27.81,51.199
8.961,182.36,965.74,26.78,41.07,20.81,78.504
6.434,246.52,770.55,18.75,41.17,24.68,22.863
3.04,260.34,565.5,27.23,56.37,13.26,3.003
8.481,49.5,940.13,36.62,43.75,17.45,50.656
12.619,115.03,1192.39,33.49,82.9,25.42,176.682
7.92,99.28,887.08,35.63,52.64,21.04,51.881
11.437,105.25,1129.26,28.57,91.64,34.03,127.426
8.585,177.63,940.28,37.55,77.88,24.33,74.279
7.689,286.42,887.13,36.61,58.46,9.04,12.379
8.34,96.44,907.11,31.59,58.82,18.81,52.126
4.052,15.94,588.09,17.67,63.78,19.5,5.912
4.455,222.27,699.44,23.76,71.43,9.64,7.302
10.962,127.02,1122.26,20.96,78.78,5.11,1.976
5.955,233.08,746.96,19.94,66.21,32.28,5.414
6.78,347.28,805.37,30.79,60.46,17.88,35.354
5.321,217.57,714.36,26.09,55.53,28.63,6.465
6.677,337.08,868.22,22.57,87.26,32.44,8.843
6.289,291.85,784.86,35.67,72.06,23.04,24.333
8.688,196.35,905.53,32.33,49.78,34.04,29.152
13.064,261.94,1197.96,20.89,90.82,19.4,69.024
12.701,92.84,1197.93,19.78,56.81,14.13,20.805
12.864,186.8,1204.47,19.12,93.6,15.13,29.297
7.467,255.96,881.9,22.68,89.19,30.05,23.687
9.747,205.69,1045.28,34.07,52.45,24.22,101.98
4.379,169.52,619.79,36.6,92.86,22.03,6.317
3.104,23.69,548.17,32.48,66.56,31.37,0.285
7.461,250.03,871.02,39.23,85.83,9.61,14.067
3.364,148.53,581.34,29.99,42.92,13.05,3.601
12.132,350.84,1186.07,37.81,77.33,33.33,187.689
4.25,165.64,655.43,35.49,61.78,33.8,0.364
6.611,205.77,779.33,34.7,88.33,8.78,11.237
9.714,80.2,1030.43,39.47,73.6,29.03,86.069
4.799,207.08,711.48,30.93,85.87,14.69,11.943
7.59,149.56,869.14,32.34,83.31,15.59,36.784
12.493,7.16,1234.67,19.22,63.72,18.95,72.642
11.573,144.97,1156.96,15.26,79.58,22.24,124.922
10.735,229.02,1038.34,25.81,86.33,24.35,130.31
6.312,162.58,773.21,27.22,86.31,24.76,22.823
3.577,331.59,569.65,19.4,53.67,9.31,4.579
10.759,22.02,1089.01,25.82,92.27,22.13,114.459
9.842,110.08,1002.06,20.78,71.6,30.61,85.193
11.133,241.87,1101.23,36.63,83.52,19.06,76.146
10.633,120.37,1078.28,19.95,85.5,11.64,17.927
3.217,173.3,598.97,21.93,53.67,6.51,2.047
13.843,152.32,1283.75,17.54,49.83,12.6,10.416
9.969,193.94,1038.12,19.77,85.04,15.41,46.481
6.566,26.14,804.07,16.2,53.67,5.85,6.597
10.796,131.63,1038.98,23.91,69.39,33.68,100.886
5.935,359.16,790.06,16.31,48.35,25.25,16.032
13.409,141.58,1287.26,16.78,72.66,30.68,275.89
4.448,83.73,622.39,35.02,41.96,22.59,6.434
12.289,296.03,1204.71,33.32,88.73,27.29,186.674
11.021,111.62,1133.62,39.02,91.24,31.23,125.943
4.211,249.12,623.63,36.46,57.27,32.95,0.658
7.755,83.02,890.99,38.97,74.75,12.38,22.982
12.239,155.01,1204.55,33.62,47.38,31.18,202.921
10.228,321.04,1080.04,32.9,53.06,5.02,3.394
7.794,26.34,867.34,16.04,48.46,16.56,43.52
11.895,240.35,1174.21,25.5,64.5,25.58,166.583
10.62,152.08,1071.14,37.82,67.79,8.28,6.43
3.865,102.43,636.61,33.86,80.3,23.0,2.927
8.342,184.84,911.42,27.52,45.4,28.98,51.185
12.854,236.32,1198.76,24.65,53.37,20.25,89.131
10.785,264.19,1067.6,17.21,84.95,22.88,113.462
13.923,225.98,1338.89,31.52,61.0,21.09,89.858
4.763,172.31,711.5,28.1,40.66,9.7,8.167
3.02,229.79,574.75,28.85,77.03,9.63,2.627
5.125,75.88,658.38,25.5,40.98,26.36,7.124
3.317,192.05,526.85,16.24,62.02,27.81,1.184
9.424,355.91,979.16,24.28,75.28,21.46,91.409
7.528,321.01,806.76,21.51,66.44,16.37,36.557
8.666,150.43,924.09,24.31,87.76,8.03,10.573
7.675,127.56,885.0,16.14,76.79,11.22,18.944
6.34,333.41,762.24,17.24,42.68,22.66,26.472
4.612,259.11,689.29,18.37,69.11,27.75,3.381
5.353,277.39,715.92,32.59,66.52,7.98,8.304
8.446,200.6,930.73,17.71,83.05,13.5,31.659
8.285,55.33,906.44,36.3,47.9,16.25,43.121
11.999,121.33,1147.66,15.59,43.18,5.94,2.355
13.929,259.17,1280.91,31.65,72.24,30.4,272.51
7.416,164.97,850.14,28.01,66.31,11.44,21.518
5.224,285.68,706.47,22.05,68.94,5.9,5.042
3.874,80.42,680.76,18.93,56.9,19.75,4.177
13.71,100.07,1307.35,25.94,71.25,34.71,268.624
7.546,139.49,867.06,27.8,67.31,23.17,49.284
7.154,52.3,830.72,18.88,82.79,9.98,15.226
5.748,46.67,712.2,37.42,55.78,18.55,21.491
12.328,343.24,1166.42,19.61,44.33,6.3,2.351
5.886,332.29,783.77,36.27,49.13,5.36,4.52
3.764,144.92,617.77,16.09,69.82,22.37,3.977
8.366,199.2,893.94,34.28,66.73,16.45,45.8
5.131,29.84,684.88,18.51,61.5,29.36,5.156
12.436,108.99,1201.52,18.88,47.96,21.66,110.298
5.762,195.92,742.79,24.82,79.83,18.86,23.362
6.302,14.96,816.78,38.58,86.07,5.95,5.413
4.677,244.45,706.67,30.78,84.67,23.13,7.133
5.734,206.55,734.94,15.16,44.69,28.64,10.093
12.607,204.43,1225.09,33.61,85.7,23.47,143.552
11.07,304.92,1060.26,24.46,76.18,26.79,144.816
7.501,198.8,877.39,34.43,55.92,7.35,9.111
4.026,272.02,654.54,27.89,46.1,24.0,2.865
6.433,341.56,783.24,23.55,44.73,24.09,26.403
7.894,211.41,909.79,15.06,57.15,5.04,4.902
11.193,285.26,1091.1,35.17,89.65,29.53,146.854
8.046,76.56,905.67,15.54,45.75,32.31,24.599
5.989,170.57,724.96,38.66,48.39,22.99,22.074
11.696,163.8,1182.23,21.69,52.24,12.97,20.403
9.801,209.02,1076.19,38.03,68.89,12.41,23.221
4.172,82.35,629.81,33.69,94.94,23.9,4.555
13.598,25.49,1295.5,35.84,40.93,18.53,58.293
5.571,23.53,668.2,31.15,42.5,12.24,14.284
10.54,13.03,1048.05,15.67,69.36,17.21,61.754
4.041,115.96,622.64,24.9,61.37,18.22,7.12
13.456,144.0,1239.36,29.99,88.22,22.52,128.616
8.707,97.78,978.18,21.31,43.81,17.16,49.063
4.172,355.76,592.66,38.03,65.08,18.34,7.736
13.447,275.48,1245.12,20.55,66.43,10.92,5.764
5.222,356.48,745.01,15.92,69.03,18.27,16.662
9.311,273.2,982.2,35.8,94.6,32.66,49.951
5.949,105.74,737.61,38.62,84.56,18.43,22.796
5.502,83.99,700.65,31.55,56.67,26.04,9.961
6.767,338.44,772.72,20.72,94.21,29.56,16.888
10.996,129.67,1098.68,37.67,88.2,25.84,139.677
9.442,64.84,997.55,30.66,93.9,8.35,9.646
11.137,171.94,1124.75,35.79,52.94,22.04,117.823
6.338,153.93,740.94,37.83,55.02,32.87,6.239
5.157,268.65,651.95,29.0,59.19,34.09,1.167
5.68,223.82,715.27,36.64,76.24,7.77,8.587
10.714,356.77,1082.49,38.97,55.04,27.95,142.199
13.092,140.59,1219.02,38.43,63.67,8.04,2.964
12.6,296.91,1216.11,26.56,46.89,9.09,4.458
3.269,251.09,594.39,29.69,73.68,12.89,3.594
6.325,75.11,769.13,29.81,78.17,13.88,21.54
13.749,232.52,1308.68,24.02,40.27,12.12,8.039
10.276,171.16,1024.5,36.0,45.45,33.61,81.071
9.415,54.33,995.25,23.05,73.24,5.72,4.239
13.163,140.19,1300.3,16.34,42.64,29.57,241.712
10.339,269.94,1061.63,17.08,57.97,22.56,101.871
5.118,92.85,676.56,21.31,82.42,9.18,7.89
3.965,83.16,583.24,16.17,80.69,10.8,5.469
12.391,239.76,1228.38,24.39,71.51,33.5,195.646
13.045,295.17,1256.16,36.32,66.29,7.21,2.87
5.901,94.46,777.54,18.12,77.19,23.84,17.03
9.909,148.57,1013.19,37.53,59.95,23.18,106.138
4.391,25.86,652.31,39.78,70.08,11.4,8.043
3.898,261.8,606.08,24.94,55.81,23.89,3.386
13.722,80.4,1282.19,15.73,50.43,23.83,144.942
9.683,152.48,1001.3,19.73,90.22,30.43,84.717
7.78,5.38,870.76,21.1,52.39,22.15,55.542
5.509,64.69,673.74,23.58,83.36,24.05,12.808
7.426,163.52,832.7,17.54,60.93,12.8,25.359
12.303,204.36,1192.81,36.14,49.1,23.45,148.913
11.378,92.93,1167.32,32.09,55.31,27.41,147.998
7.721,253.25,911.05,28.55,67.9,7.23,7.49
11.615,80.12,1115.87,16.16,54.16,14.61,29.801
8.497,30.66,897.24,23.35,78.64,25.83,66.092
11.48,327.54,1102.3,32.47,49.18,23.29,135.546
4.889,128.28,677.95,17.45,48.36,16.71,12.795
5.589,60.59,754.59,25.31,88.75,5.67,5.314
4.603,116.64,697.89,22.42,69.44,15.34,10.661
9.812,204.4,1005.37,27.24,82.33,28.9,96.407
5.151,299.01,691.02,39.42,86.9,21.93,12.738
10.078,52.58,1043.18,33.0,54.82,25.26,114.744
13.864,346.74,1278.8,26.4,52.01,15.65,26.064
13.536,166.69,1249.44,25.78,45.69,26.91,233.412
4.764,74.88,633.64,34.91,69.87,5.96,5.371
13.425,251.79,1262.29,29.45,49.14,9.18,3.978
8.13,346.16,942.99,35.96,49.42,25.49,57.755
8.739,72.98,929.37,19.29,64.28,27.87,59.617
6.197,125.62,805.99,19.6,65.96,30.35,9.277
9.055,49.58,1000.01,26.75,85.63,9.8,14.743
9.744,154.76,1005.84,37.2,74.61,26.94,105.19
6.6,119.53,848.88,32.11,41.07,5.97,5.802
4.263,109.29,658.15,28.44,54.08,10.19,7.02
10.591,4.63,1082.48,25.46,94.78,6.15,3.928
11.204,190.42,1093.55,15.07,89.74,31.31,144.132
10.037,71.1,969.84,26.42,84.38,28.03,97.885
4.557,344.41,687.0,15.75,73.34,11.63,8.54
7.642,323.95,832.06,25.66,61.2,14.17,31.175
5.736,308.93,739.03,21.36,55.31,16.69,22.285
7.795,95.01,860.23,26.61,41.68,27.03,41.204
9.076,35.95,955.55,33.22,45.22,33.36,43.68
12.131,61.18,1194.36,15.09,47.13,14.54,28.102
3.2,219.54,593.26,35.15,73.84,26.92,0.796
11.501,43.98,1105.16,35.91,78.96,25.89,161.892
4.465,285.55,622.09,28.82,42.64,34.52,0.543
10.127,228.95,1034.81,20.88,90.67,30.52,95.8
6.367,358.22,794.35,19.36,58.69,15.92,27.095
11.487,31.3,1140.12,37.87,82.7,25.57,155.837
12.183,166.68,1181.62,32.6,70.37,7.47,3.292
7.897,191.35,885.05,15.47,53.09,29.07,40.709
8.87,287.11,906.36,15.17,81.76,17.95,53.769
11.792,305.84,1185.63,22.74,89.56,11.61,15.035
13.53,118.25,1266.0,32.3,56.23,10.43,4.349
6.586,285.64,766.02,29.09,64.36,34.48,5.407
3.971,245.02,625.25,34.63,94.42,26.26,2.08
11.345,168.38,1121.4,39.29,64.32,25.48,161.073
3.965,140.06,657.82,28.74,93.84,22.11,3.547
13.027,14.03,1201.03,33.91,88.3,10.45,5.223
11.542,72.51,1132.67,32.73,72.73,20.42,93.847
5.995,155.74,724.88,33.71,47.14,20.49,23.82
9.792,81.82,1005.47,32.17,90.64,27.21,101.546
11.225,262.99,1061.85,29.31,81.53,30.37,139.926
4.393,37.85,642.53,37.66,58.06,28.49,2.655
12.339,76.05,1216.72,31.92,81.15,31.48,193.967
4.601,131.58,682.06,31.07,91.89,20.38,8.998
4.154,278.27,610.14,21.46,52.92,12.28,6.847
10.829,322.76,1089.07,15.21,40.22,23.46,129.92
13.782,305.88,1281.32,38.57,75.94,18.88,58.163
12.907,237.4,1277.07,36.74,57.03,18.56,61.223
9.397,298.2,952.67,33.6,47.45,13.54,29.4
5.555,276.69,747.0,35.76,94.64,33.1,2.968
11.07,89.81,1111.45,29.49,90.58,14.88,35.518
9.893,255.83,1037.65,29.19,42.98,22.17,91.845
7.721,182.26,881.35,22.86,67.91,14.9,37.514
10.326,287.05,1035.17,16.8,66.23,34.73,70.902
10.449,175.97,1096.86,38.88,51.58,7.94,6.549
10.554,167.75,1098.97,38.93,45.17,10.8,14.515
10.233,231.09,1052.51,15.07,67.93,9.46,11.564
5.171,256.18,722.76,23.04,40.75,22.64,11.632
6.741,343.42,805.92,23.33,82.12,27.95,21.486
13.582,334.69,1282.87,32.08,61.59,14.41,19.836
10.381,119.17,1074.61,17.97,74.27,6.61,4.863
4.536,46.07,646.9,21.7,66.8,14.89,11.434
3.367,87.49,554.02,23.92,60.25,6.26,1.073
13.802,13.23,1311.78,25.28,65.86,14.28,17.812
13.307,285.47,1258.58,29.09,83.96,9.8,4.09
9.061,89.74,947.3,31.57,45.13,26.97,72.497
11.643,303.39,1096.68,23.12,64.07,10.07,9.436
4.644,352.23,649.73,31.23,76.09,13.88,10.784
7.612,250.19,866.59,21.21,40.24,29.34,30.627
6.741,119.87,801.13,18.15,62.43,19.99,33.462
8.36,194.02,923.41,35.05,57.14,9.11,13.066
7.509,355.02,856.88,29.41,73.03,6.06,7.773
8.715,249.94,916.3,35.62,62.02,29.59,54.097
4.563,345.56,675.68,37.24,70.95,9.49,8.172
9.207,134.83,1010.21,23.43,41.29,6.11,5.692
10.076,329.76,1071.43,15.59,79.67,10.18,13.525
3.614,210.25,621.95,20.22,57.01,19.27,4.607
4.799,41.22,653.82,19.56,44.06,27.65,3.976
11.997,211.74,1164.93,30.88,86.15,32.6,182.689
11.615,219.38,1144.42,17.81,86.76,9.79,9.052
13.116,15.16,1264.26,16.39,70.76,24.57,169.495
7.889,100.7,879.27,26.35,42.98,19.73,52.456
8.956,320.09,967.21,34.73,88.99,10.81,18.388
4.747,237.68,682.79,35.76,81.1,34.9,0.744
7.635,207.69,846.69,16.33,56.01,20.1,50.297
6.564,266.63,810.93,21.77,62.46,25.78,22.119
3.214,153.57,588.19,35.76,54.59,32.5,0.787
13.993,63.68,1282.94,26.53,64.92,19.84,69.853
12.968,93.91,1225.52,26.04,84.58,14.54,22.02
8.149,279.16,925.77,16.32,63.87,20.0,55.259
7.991,331.66,849.31,28.64,48.53,9.09,13.072
11.763,52.79,1138.8,25.03,79.58,12.71,18.766
7.813,0.47,844.91,19.9,67.1,6.0,5.445
7.259,258.2,855.15,28.57,40.58,33.91,11.271
7.416,110.02,872.95,26.8,87.85,9.33,12.841
9.409,68.73,991.25,18.08,49.58,21.7,82.671
6.971,353.87,847.37,31.81,54.85,7.54,8.863
9.643,351.76,1032.45,28.91,54.39,32.93,65.13
4.303,0.42,601.54,27.86,79.82,8.08,6.214
4.876,172.63,725.65,31.22,79.85,6.75,5.99
5.487,152.87,700.27,28.7,60.51,25.98,11.27
10.129,105.72,1049.61,17.08,42.95,32.79,78.578
9.277,0.18,1005.85,31.91,42.8,15.86,49.11
10.992,4.26,1090.55,16.2,59.14,25.58,152.091
13.233,82.67,1315.73,32.07,49.66,10.16,5.319
12.913,169.44,1192.47,37.61,83.48,25.23,179.304
10.193,309.63,1025.28,23.34,52.65,31.01,99.997
13.865,269.34,1278.83,21.36,81.8,25.35,177.745
9.771,267.12,1009.45,31.72,49.12,8.39,8.937
11.564,76.03,1147.57,22.29,91.76,7.79,3.26
12.879,67.56,1212.03,26.46,82.95,18.32,59.408
7.661,270.57,860.42,33.54,82.43,21.01,45.971
11.179,324.18,1087.65,34.18,40.26,28.0,157.764
11.892,164.81,1144.9,29.97,42.55,26.71,188.106
8.678,28.38,922.98,21.82,73.68,29.58,56.653
6.712,144.28,794.57,22.08,42.48,14.92,28.526
9.214,207.92,963.46,25.92,50.05,9.36,13.628
7.855,212.82,881.07,17.43,46.41,26.03,48.967
7.091,249.47,810.0,16.77,69.38,20.35,39.021
9.093,358.37,977.71,23.04,52.23,29.8,70.89
7.533,180.03,825.32,20.24,85.03,24.53,45.888
10.625,306.51,1083.09,15.21,81.76,30.75,118.747
5.912,124.62,755.0,39.2,67.24,30.55,6.942
6.262,297.44,797.29,35.57,68.44,28.75,12.263
12.509,258.57,1201.73,18.52,43.53,34.15,186.665
5.809,262.38,760.5,22.0,56.78,12.44,15.677
8.012,37.33,864.48,33.03,90.54,31.39,27.766
3.887,154.72,569.94,26.45,67.45,15.32,6.473
4.585,299.58,686.48,19.52,64.53,32.58,0.969
8.703,222.72,914.46,29.74,69.8,13.8,33.391
6.623,92.87,818.67,26.3,56.22,8.47,10.63
9.714,358.24,1004.39,33.05,71.97,34.84,51.046
13.086,248.85,1232.3,39.06,63.92,34.73,217.67
13.867,209.31,1287.08,21.28,89.27,9.6,3.259
6.067,351.88,741.76,22.16,56.2,28.65,11.637
6.844,42.78,777.4,37.18,93.97,9.08,12.554
4.455,331.77,679.1,36.7,43.42,24.72,5.115
6.688,90.84,807.54,15.76,57.38,8.94,11.755
4.436,228.84,657.81,22.49,53.64,25.26,5.426
11.893,328.89,1182.26,32.89,89.96,24.46,156.426
6.127,164.36,795.56,36.86,63.01,8.15,9.05
9.881,75.49,1040.25,32.46,67.03,19.65,74.383
11.341,17.09,1114.31,24.88,44.27,23.68,142.068
8.617,184.9,914.19,24.42,59.45,7.4,9.56
13.231,59.49,1255.85,36.36,77.44,33.14,253.802
13.064,188.39,1293.35,28.51,63.8,30.03,247.205
9.748,140.44,1013.95,38.06,73.31,20.05,80.084
4.72,249.36,687.51,28.32,55.76,6.33,4.615
3.872,79.28,564.66,31.86,84.8,18.81,5.008
11.719,271.67,1161.77,19.19,81.02,17.98,60.439
7.198,157.13,877.01,22.32,83.32,21.35,42.013
4.498,340.11,661.31,32.56,82.78,18.88,10.168
7.166,10.46,865.98,21.08,40.35,21.83,42.506
12.143,157.55,1144.87,17.0,80.89,11.83,13.995
5.441,229.58,722.6,23.67,87.85,26.13,9.078
8.284,123.16,884.31,25.63,50.61,30.54,38.084
7.982,231.95,881.73,34.18,43.08,15.69,39.903
9.424,78.6,997.36,38.54,82.68,29.75,75.022
4.872,123.98,699.7,38.11,64.65,9.9,8.312
5.8,274.79,715.8,39.27,58.21,20.64,20.171
10.991,252.13,1044.54,20.57,71.84,18.74,71.002
3.425,37.53,522.53,25.39,93.41,15.79,3.943
9.422,229.55,979.5,36.61,61.99,16.73,52.411
11.654,314.55,1162.19,24.5,40.56,25.14,160.874
12.876,268.61,1236.01,25.78,81.04,23.71,148.813
3.776,248.32,590.01,22.09,73.13,25.68,2.67
3.319,237.32,567.12,25.58,48.89,14.38,3.817
12.243,243.9,1178.1,21.98,48.78,5.72,2.063
9.107,116.29,965.74,16.48,47.08,33.66,40.204
9.335,10.42,973.86,17.93,79.67,27.78,88.387
4.582,80.58,711.26,23.9,70.23,21.44,8.357
13.98,13.75,1288.97,31.84,92.07,18.71,55.911
12.215,71.18,1162.64,25.09,41.16,9.97,6.775
11.436,25.52,1099.11,22.97,60.95,16.04,45.982
10.665,209.29,1042.85,37.45,59.44,23.35,119.844
7.079,132.42,808.68,37.28,57.83,16.6,33.202
9.195,227.35,940.6,26.08,56.52,30.2,69.487
12.873,201.29,1220.48,30.61,91.81,30.6,243.806
12.866,51.63,1258.79,38.33,91.83,24.36,151.73
8.507,278.94,936.13,16.86,75.76,23.87,66.01
5.035,107.77,686.97,37.69,67.03,6.8,5.272
5.25,284.22,680.68,31.62,66.05,12.86,13.48
5.227,184.64,720.86,34.37,47.78,26.86,7.772
10.515,87.11,1103.1,33.09,45.04,31.34,107.265
6.143,265.24,770.34,19.32,51.02,24.32,19.355
11.737,7.94,1138.43,21.26,49.68,32.04,171.81
6.979,298.96,811.31,19.12,66.3,26.22,29.679
6.105,294.23,801.19,30.19,53.91,12.1,17.429
4.692,108.9,617.49,15.2,70.45,28.45,2.506
5.243,108.94,704.33,39.08,93.76,16.01,15.566
3.755,77.16,586.51,34.18,74.29,17.83,4.246
7.576,66.83,874.46,20.98,85.07,5.78,6.079
4.82,31.07,693.13,32.4,51.21,7.77,6.831
9.513,109.91,1004.55,15.86,73.99,21.35,83.088
8.811,25.28,954.52,24.5,62.67,8.51,11.116
9.295,243.4,1003.19,36.72,41.99,10.77,17.754
7.318,202.17,834.23,35.42,51.38,27.81,31.338
12.691,225.37,1251.88,27.23,94.54,25.87,183.011
3.761,174.33,586.18,15.28,76.04,7.77,3.082
4.267,182.22,618.46,34.07,55.98,8.36,6.653
10.944,281.42,1094.57,15.57,88.8,12.9,23.725
7.047,10.01,786.63,27.33,54.09,15.35,31.541
12.09,178.54,1141.01,23.67,78.68,18.78,78.118
5.487,297.18,685.72,33.9,51.49,24.86,12.397
13.556,181.38,1296.69,16.92,75.88,28.08,240.013
6.47,319.97,851.0,33.88,93.71,27.79,16.048
9.307,136.48,960.45,34.29,43.32,5.41,4.337
9.532,101.14,1022.81,37.85,87.45,23.14,86.71
12.474,49.29,1192.34,34.15,52.0,8.24,3.611
10.493,188.25,1008.29,15.22,41.45,13.23,26.763
3.534,151.51,591.66,21.24,51.89,27.58,1.328
6.714,192.43,793.73,27.27,55.69,21.56,34.202
9.854,234.39,1014.7,21.09,58.43,19.79,77.815
4.564,306.33,646.86,23.13,69.8,21.51,7.867
6.714,98.77,816.81,22.91,87.86,31.82,11.204
13.503,281.42,1253.29,39.1,90.56,27.53,211.681
7.712,195.36,849.36,37.72,70.13,21.88,52.165
9.984,52.33,1027.98,21.01,40.93,12.66,26.284
7.005,112.03,785.66,25.53,83.98,33.31,9.608
5.923,141.44,770.24,27.28,44.86,18.72,24.166
6.797,60.72,829.2,26.06,61.98,14.06,26.124
8.642,39.93,961.24,34.41,53.92,21.32,70.444
10.774,256.08,1110.56,32.58,89.04,8.55,7.129
6.376,330.28,810.33,36.49,88.26,9.99,13.968
11.234,7.97,1097.25,23.32,58.69,15.52,43.212
5.84,266.95,727.95,27.52,53.57,30.48,6.449
11.567,304.43,1181.81,20.79,64.86,10.95,11.703
12.65,243.6,1258.64,30.8,57.31,15.63,31.745
7.513,152.64,867.43,15.22,94.59,33.66,13.919
10.079,49.56,1040.95,27.41,48.24,29.0,112.52
8.187,96.14,947.29,18.14,45.44,18.35,46.454
12.595,74.76,1176.89,34.95,52.75,6.66,2.384
9.39,301.58,992.61,30.77,41.18,5.88,4.241
10.877,206.49,1069.6,25.16,90.53,7.09,5.013
7.53,249.54,862.8,21.49,89.04,13.25,26.348
8.805,90.68,993.14,21.8,87.94,6.02,4.708
10.601,62.18,1063.24,27.18,71.37,31.29,112.947
4.365,292.07,637.75,29.85,59.55,17.83,9.724
6.622,49.75,784.52,17.11,80.8,25.94,23.207
6.891,156.64,822.47,26.87,49.27,17.45,36.001
13.232,320.04,1321.54,37.2,79.51,11.14,7.333
6.366,208.78,776.22,34.58,78.34,14.39,24.247
4.293,147.35,652.5,20.32,52.54,26.97,3.551
9.666,258.64,1017.75,32.17,77.59,5.38,3.515
9.118,340.54,962.31,18.14,79.17,18.45,67.7
13.472,265.56,1296.6,20.99,87.1,33.2,248.282
6.319,101.46,797.73,32.47,86.93,24.11,22.974
12.785,88.28,1231.47,32.84,82.56,31.76,210.005
5.222,76.78,681.87,19.22,69.42,17.16,15.406
8.411,357.68,944.51,18.12,51.45,14.77,38.225
6.013,164.28,785.09,32.77,45.27,8.9,11.316
11.016,354.46,1160.51,35.89,87.59,25.25,133.385
8.739,214.03,984.58,16.82,79.68,8.62,11.111
13.877,42.93,1292.52,22.52,62.07,7.45,2.146
4.134,209.71,610.04,27.62,43.32,14.1,7.885
11.046,108.71,1096.21,37.96,51.71,20.49,88.661
9.013,234.55,969.49,23.41,79.07,25.07,91.121
13.675,201.44,1271.69,35.97,80.04,21.81,111.427
12.761,227.71,1231.01,23.52,49.49,27.53,215.748
10.998,199.77,1098.65,15.77,93.29,22.15,114.366
9.441,221.22,1022.97,31.65,62.66,15.82,47.081
10.908,73.18,1077.44,39.82,85.59,6.9,3.423
6.382,272.87,814.83,31.72,47.35,29.87,11.545
5.078,357.49,695.08,26.81,85.76,5.64,4.194
3.513,88.55,560.61,28.0,43.34,17.51,3.595
10.85,274.94,1088.84,33.79,91.66,29.02,132.256
11.739,254.27,1128.39,29.27,88.91,13.14,20.706
4.7,250.29,621.19,25.88,79.74,33.02,0.874
4.936,147.54,674.34,16.48,66.11,29.36,4.745
7.345,158.99,844.63,25.68,61.73,22.94,45.603
4.762,37.07,650.84,39.95,54.93,30.77,2.302
11.871,69.78,1166.73,23.35,47.28,34.25,154.371
7.369,357.01,865.07,20.64,51.92,33.56,12.979
5.813,61.86,745.86,38.16,92.38,32.32,4.349
11.348,359.67,1119.58,26.54,82.64,26.97,176.831
5.498,31.15,740.52,27.87,48.07,27.34,9.668
7.049,45.05,831.4,32.7,51.01,34.5,7.47
3.68,287.48,554.45,36.01,88.39,17.25,5.501
13.238,69.88,1263.32,27.31,52.68,20.98,96.565
6.904,144.09,821.15,34.33,82.39,28.6,21.821
12.403,78.88,1193.53,31.85,50.24,6.06,1.183
11.909,258.29,1157.98,35.61,80.33,21.3,103.257
9.425,51.33,1031.16,20.19,91.46,5.33,3.851
5.173,83.96,680.81,34.04,77.55,29.32,3.925
5.316,101.14,732.0,24.97,82.13,19.61,16.074
9.022,331.89,987.99,21.73,52.05,26.33,83.341
9.889,270.99,1053.39,32.18,46.25,16.57,48.981
3.182,351.81,579.48,30.7,56.27,14.07,3.39
12.152,51.87,1159.14,24.19,76.61,23.62,147.772
4.731,104.17,652.87,23.08,79.23,24.43,6.482
13.899,216.91,1306.55,28.06,59.95,8.98,3.304
13.912,76.82,1268.57,35.07,42.09,23.22,125.269
13.051,243.7,1246.72,27.95,51.97,5.69,1.716
4.815,213.79,647.86,24.35,71.99,28.94,2.538
11.573,245.14,1163.65,33.19,47.03,31.31,160.363
11.101,188.64,1082.15,30.95,82.21,34.71,110.385
8.436,169.57,896.4,36.77,85.59,12.4,25.486
9.155,129.01,1003.14,30.39,88.98,10.56,16.872
4.613,169.09,638.35,19.22,45.67,12.26,10.63
10.447,106.18,1065.12,29.32,94.22,23.45,115.467
13.086,104.05,1222.22,20.03,70.96,17.44,47.659
7.79,238.51,906.86,24.2,44.1,5.94,6.36
4.646,306.78,675.7,15.39,48.06,11.12,8.378
10.386,79.72,1053.02,33.57,49.23,18.84,69.75
10.918,297.66,1085.94,19.25,80.13,13.04,25.049
5.352,352.69,723.52,25.65,61.53,6.0,5.3
3.114,197.54,555.85,25.77,79.6,11.24,2.611
12.447,55.53,1155.97,22.74,90.82,31.6,210.339
9.907,71.17,985.1,26.73,59.66,7.74,7.764
13.909,286.19,1312.23,34.67,73.9,7.9,1.545
7.563,329.5,823.67,34.28,76.13,8.22,11.72
6.141,270.44,712.02,35.37,79.37,30.06,8.933
5.804,177.75,747.43,20.34,92.82,21.47,21.695
3.627,277.56,637.41,37.3,79.13,5.9,3.496
6.649,157.23,813.41,37.96,44.83,31.82,10.998
11.142,159.32,1089.84,29.84,90.73,18.35,72.63
5.701,95.05,702.96,16.08,85.07,20.1,18.531
7.346,268.89,817.09,16.44,53.19,22.75,40.066
10.404,100.95,1086.7,35.06,92.38,13.95,31.161
12.624,129.0,1213.81,28.21,72.72,29.61,229.689
10.546,140.0,1095.1,35.56,67.74,6.35,4.009
6.631,111.72,822.03,30.55,61.0,29.07,15.944
5.331,144.85,709.35,26.03,65.28,24.71,11.01
12.695,153.37,1175.18,19.66,46.37,12.13,13.758
9.32,245.01,959.45,32.47,93.85,20.08,72.106
13.188,25.25,1292.09,29.08,75.14,8.68,3.323
8.732,79.78,905.71,20.42,47.21,24.85,68.919
3.014,293.37,604.76,27.89,57.36,10.02,2.646
6.726,307.65,847.55,19.83,68.53,5.93,6.905
5.028,105.95,702.63,23.85,65.61,16.24,13.939
3.603,269.16,585.91,31.35,44.98,22.35,3.58
5.087,144.42,712.1,34.61,60.55,22.27,11.727
10.39,266.29,1029.2,29.83,85.83,7.44,5.071
7.764,237.7,899.49,16.92,40.43,33.44,17.352
9.572,73.44,1031.76,19.07,85.96,26.46,91.813
11.596,336.87,1148.33,24.14,66.97,17.68,64.698
4.691,212.76,670.54,20.19,47.73,15.59,11.535
13.579,15.15,1275.97,36.79,87.28,6.56,0.946
13.912,76.75,1322.43,36.82,44.02,20.66,78.33
6.836,55.62,805.81,26.22,69.75,25.72,28.756
12.859,353.39,1222.09,37.63,83.39,24.49,163.606
13.085,358.08,1264.61,29.8,85.66,19.71,80.289
4.026,39.66,604.37,28.86,42.64,31.98,0.239
10.339,47.43,1057.81,31.7,75.48,30.31,115.504
13.188,70.44,1267.8,19.55,59.64,19.86,75.993
10.927,48.84,1108.38,25.73,48.29,24.88,142.29
9.6,199.79,1048.77,32.19,78.56,30.37,79.689
12.696,253.4,1187.35,30.83,71.39,34.01,206.359
6.952,123.76,839.44,17.23,47.75,17.67,35.128
8.708,145.78,930.19,21.85,45.68,5.4,4.166
5.806,286.65,735.25,25.18,42.34,23.34,17.787
12.977,92.4,1234.76,35.11,70.35,14.77,23.732
6.085,315.1,725.34,15.75,62.22,27.21,13.556
12.115,328.22,1164.03,15.87,85.52,15.21,33.694
7.754,200.7,897.17,32.11,75.07,24.62,50.405
8.358,51.0,939.97,39.57,44.3,5.48,5.434
9.823,163.55,1031.12,36.48,75.78,30.44,89.647
10.419,225.76,1050.34,22.19,62.34,23.02,116.649
6.799,16.16,809.32,24.77,87.12,34.41,7.255
7.409,168.99,870.77,22.34,79.17,32.2,17.698
4.482,281.63,676.67,32.16,47.12,7.54,4.083
11.344,139.3,1082.14,34.22,69.71,14.25,30.678
8.743,97.22,915.25,38.53,88.19,28.58,55.403
7.544,234.17,879.09,18.12,60.33,19.73,47.679
10.522,16.13,1121.97,16.57,60.02,11.19,15.617
10.885,53.11,1094.33,18.7,49.86,29.83,141.267
7.293,12.18,811.53,28.02,80.98,23.01,43.43
12.664,162.94,1251.52,17.7,92.57,5.25,1.285
6.96,263.57,857.21,20.69,50.96,20.45,36.148
7.086,148.94,817.16,23.23,92.84,9.48,13.982
4.644,261.22,677.89,32.78,40.36,31.35,1.792
5.98,92.93,761.96,33.6,79.9,25.95,14.312
11.787,101.17,1177.27,15.77,89.68,11.67,12.952
10.641,288.13,1027.3,19.92,86.36,22.75,108.266
8.984,248.1,971.04,22.59,81.6,32.92,42.888
4.62,33.38,699.86,27.3,91.72,20.51,8.811
8.525,235.13,916.64,39.0,84.22,14.32,34.167
13.708,123.77,1282.93,26.58,82.48,11.51,6.486
6.657,181.42,824.38,26.29,55.52,8.82,12.221
5.345,252.82,739.22,27.56,92.27,34.76,2.076
12.064,53.67,1185.59,22.77,81.13,14.81,31.727
3.744,167.74,606.77,28.16,70.64,6.38,3.581
5.745,121.11,765.43,20.76,80.49,9.77,12.615
13.857,158.9,1286.84,26.82,60.88,8.86,2.609
9.006,178.25,952.25,23.02,78.3,24.95,86.545
3.612,170.15,612.86,20.19,77.62,16.7,4.597
6.959,68.25,831.8,24.29,81.25,24.7,32.873
3.379,302.9,577.08,32.8,91.73,11.6,5.293
9.991,43.84,1050.08,35.13,44.49,22.73,101.482
12.54,137.5,1180.76,22.65,78.93,11.41,11.684
9.547,220.44,989.56,26.97,84.59,11.81,22.253
5.673,99.59,701.25,29.52,64.8,19.02,18.575
4.015,270.0,616.22,33.66,83.55,22.99,4.494
8.46,266.0,900.78,28.57,59.58,7.06,7.139
8.838,182.37,901.0,35.95,66.19,34.88,28.719
11.899,47.1,1139.94,24.16,72.49,18.69,74.276
13.754,79.05,1278.7,18.19,89.67,32.59,277.203
5.358,57.66,700.51,19.66,87.9,32.88,3.048
7.829,104.34,859.64,20.17,46.47,27.13,43.871
12.934,78.6,1190.75,24.91,65.48,19.89,79.21
3.07,6.48,601.15,25.07,62.61,17.07,3.005
3.041,348.11,597.82,24.44,79.44,30.57,1.615
4.322,348.14,666.88,34.69,75.48,32.84,1.294
12.446,181.24,1152.47,36.63,69.55,27.88,204.587
4.47,94.11,655.19,34.76,72.93,13.98,9.181
11.572,231.78,1158.14,39.96,63.7,32.0,160.196
7.41,347.98,842.98,15.81,55.02,10.45,17.892
5.776,329.09,750.35,20.14,58.7,31.35,5.172
9.187,40.49,991.69,28.02,57.01,7.94,8.609
13.636,65.27,1280.22,15.73,61.38,7.65,2.228
11.329,6.83,1124.06,28.98,79.92,23.78,146.988
8.819,29.94,935.84,25.27,58.59,34.55,31.777
9.077,225.15,984.66,24.31,91.26,19.99,74.733
11.302,331.7,1131.83,20.21,86.92,15.09,39.765
8.462,175.99,901.81,26.53,68.58,11.29,21.868
11.671,153.05,1159.97,20.22,82.66,22.87,135.885
9.433,79.22,1026.64,35.35,70.55,28.98,75.977
4.971,283.18,684.86,36.37,50.56,29.34,3.6
12.345,41.39,1205.31,36.65,41.82,8.19,3.861
6.387,348.13,805.46,22.7,50.09,19.98,32.209
4.719,26.85,713.56,39.82,73.2,20.74,10.413
7.332,288.08,869.31,24.61,85.06,26.12,34.256
3.204,302.13,558.09,39.52,76.23,34.44,0.009
8.293,190.91,889.25,38.05,60.98,18.85,55.514
5.543,162.75,720.93,39.45,72.12,10.44,12.202
5.13,65.23,726.78,22.64,77.1,16.61,15.081
9.225,353.13,956.85,37.4,90.11,24.94,87.517
11.282,131.05,1131.55,37.88,64.42,19.67,88.272
3.078,41.63,612.67,23.39,77.28,25.28,1.751
5.262,291.01,772.89,33.25,86.75,17.72,14.588
6.744,183.02,798.45,32.2,87.71,6.89,7.767
13.207,188.55,1275.59,31.84,66.09,34.59,247.239
8.267,298.78,941.31,38.01,72.51,32.47,27.004
13.921,147.86,1304.89,21.79,67.29,19.7,72.1
12.236,236.83,1167.28,37.13,82.09,31.16,202.033
5.902,120.52,736.82,26.11,80.78,22.5,20.781
5.916,159.34,723.95,16.96,59.45,13.25,18.007
7.877,90.99,873.32,22.99,41.98,28.24,38.134
5.655,178.26,728.62,30.01,40.31,27.44,9.703
9.723,113.34,1008.23,20.67,74.31,18.23,66.078
11.962,100.68,1193.31,36.67,41.79,16.24,40.806
8.853,71.54,937.95,28.34,90.87,23.21,74.867
5.724,216.3,793.26,22.57,80.72,29.34,7.781
3.321,79.71,583.4,20.23,93.22,5.04,1.863
12.679,78.63,1223.63,35.27,78.86,6.38,1.126
11.119,50.81,1071.52,24.02,52.68,17.96,66.19
5.223,104.89,670.77,24.86,55.46,34.93,1.532
13.493,141.87,1277.25,25.8,42.05,9.09,4.214
8.343,296.0,942.99,29.26,66.1,28.48,50.843
10.796,272.85,1094.3,22.09,84.86,10.37,11.963
8.382,16.17,935.59,35.1,46.06,16.75,47.991
13.744,94.45,1273.41,37.03,66.17,10.89,4.838
5.597,300.43,735.38,25.68,54.5,30.87,5.531
7.083,254.09,834.96,26.83,72.45,29.26,21.431
6.783,272.66,852.7,31.03,50.09,5.87,5.96
7.438,190.03,865.61,23.35,81.59,30.38,24.992
10.696,244.87,1098.66,17.99,48.8,16.97,57.76
4.043,78.63,601.85,17.74,50.32,24.34,3.676
8.73,107.13,997.17,31.8,78.49,12.45,23.632
7.523,180.2,792.05,15.22,90.42,19.68,43.213
3.728,16.15,595.52,35.07,62.25,5.9,2.945
7.7,14.7,882.3,15.9,65.03,24.36,51.545
7.855,263.07,903.25,27.81,50.8,30.24,30.24
6.864,76.7,808.59,38.24,58.07,31.04,14.003
12.654,223.27,1198.29,26.98,68.27,31.01,232.335
9.095,294.9,912.17,21.12,76.48,12.37,24.697
13.43,154.09,1229.9,33.61,57.91,33.44,263.368
13.932,319.95,1365.75,28.77,76.24,22.63,110.376
3.264,358.51,555.02,39.29,41.85,5.15,1.762
10.846,123.22,1126.37,25.58,74.37,9.77,10.514
12.167,233.63,1148.92,37.47,73.39,16.43,42.614
5.408,345.38,719.03,35.56,49.08,16.99,19.21
5.912,1.16,744.22,21.12,64.21,15.6,22.463
11.856,302.97,1160.06,35.11,77.54,8.52,5.288
12.53,226.06,1224.03,23.93,45.14,5.66,1.226
4.408,28.22,731.77,38.68,47.7,30.63,1.818
13.266,45.47,1282.84,37.71,56.55,5.98,0.338
5.613,348.37,693.12,37.74,59.06,11.53,13.634
8.678,159.65,965.05,35.61,73.0,20.76,68.398
11.233,97.52,1099.57,32.92,75.09,8.15,5.802
12.438,192.88,1207.26,27.15,87.28,9.14,5.823
13.25,306.7,1269.66,29.67,87.74,31.12,261.896
7.016,168.13,787.54,25.47,69.03,15.1,30.854
6.723,14.77,771.24,16.34,68.23,30.57,13.469
9.826,304.19,989.65,21.55,67.6,15.16,42.893
12.07,274.39,1167.33,27.81,55.49,30.36,181.387
11.108,183.75,1088.06,18.41,54.04,12.12,19.848
6.657,159.7,774.54,36.27,72.76,23.04,31.778
11.799,336.3,1102.99,24.21,58.3,20.23,94.24
10.83,239.06,1073.23,26.17,82.68,18.56,76.262
8.463,177.54,890.31,24.3,88.06,8.52,12.324
5.385,161.06,723.38,36.29,80.52,22.88,14.014
9.773,6.13,1002.96,16.55,55.68,34.5,57.104
9.022,111.79,1008.39,32.2,62.88,30.36,55.209
4.161,153.49,641.62,19.94,71.0,19.66,6.564
4.694,131.04,708.4,20.52,89.59,17.93,10.787
5.899,264.33,762.17,15.52,56.56,34.57,1.526
8.399,244.63,939.96,24.93,50.85,16.03,44.081
4.245,225.94,680.35,21.91,67.3,6.68,3.959
6.112,131.23,744.55,28.89,83.47,15.09,23.294
12.139,332.51,1147.04,35.04,92.7,34.1,174.078
5.362,134.28,699.06,39.25,76.19,17.44,16.138
8.599,201.78,1009.34,34.56,59.59,27.31,58.391
4.008,180.99,631.16,33.98,42.79,16.12,7.997
6.626,169.76,777.42,23.03,48.73,22.49,31.841
5.454,200.16,672.47,37.18,82.81,31.11,3.203
10.351,151.28,1107.0,28.09,92.56,21.39,92.947
10.109,8.8,1045.27,17.2,60.27,22.92,107.699
4.021,132.99,616.9,20.12,42.4,23.33,4.396
5.088,244.03,679.17,20.93,51.94,22.62,11.268
5.034,0.88,667.05,31.73,52.99,10.09,9.672
10.204,342.74,1023.77,28.99,73.82,33.17,84.296
8.717,270.97,908.56,25.31,64.9,13.19,28.428
12.277,48.64,1173.81,15.2,52.79,13.82,22.8
11.171,145.71,1106.09,22.3,55.3,13.24,25.332
3.33,166.72,580.41,28.97,82.16,22.98,1.38
7.775,86.26,841.05,29.85,75.82,21.49,48.703
7.88,307.71,874.38,21.82,71.16,24.91,53.582
6.366,341.95,815.1,24.6,73.54,26.09,20.804
5.743,291.73,735.28,23.26,64.04,23.45,17.282
3.113,54.93,564.4,24.47,83.67,33.16,0.0
11.857,96.58,1083.92,38.88,61.37,20.58,85.702
13.546,43.82,1299.12,39.66,50.01,9.38,3.984
10.315,233.97,1048.14,39.37,75.51,9.12,10.201
12.936,81.56,1211.16,20.19,66.73,34.44,212.91
10.43,23.16,1043.01,27.87,67.06,20.62,101.02
6.595,180.52,782.53,16.29,54.6,25.59,25.968
13.047,117.2,1215.76,34.39,76.44,28.72,222.266
7.09,288.41,884.31,27.56,70.89,15.12,28.735
12.347,47.44,1178.33,24.89,81.17,12.66,16.344
9.618,77.34,980.62,25.36,52.33,8.22,8.624
13.583,127.85,1277.59,37.07,83.98,9.53,3.64
13.788,183.64,1306.97,26.08,65.08,6.52,1.259
6.584,227.37,763.14,17.32,93.41,5.65,6.793
6.744,134.66,831.39,17.53,52.31,6.49,6.881
3.963,94.72,632.14,19.69,50.21,31.04,1.4
8.234,152.39,932.61,32.76,51.26,25.76,58.173
3.524,100.49,596.81,20.18,70.14,34.45,0.165
11.804,221.62,1175.6,16.94,85.29,8.81,5.81
3.897,96.22,624.95,26.48,86.12,22.41,2.947
11.433,130.27,1130.72,29.96,58.36,10.41,10.939
9.781,154.52,1026.69,38.94,84.1,20.11,85.779
5.131,112.36,646.09,36.68,74.51,26.59,6.837
4.359,14.45,676.38,16.92,72.74,9.2,7.429
7.416,211.56,862.67,22.19,84.2,13.48,28.963
7.917,347.91,899.64,18.87,55.59,13.46,30.713
11.798,64.66,1161.88,25.62,59.33,11.04,11.469
3.951,148.98,606.44,23.9,68.06,18.61,6.683
6.649,53.92,819.7,26.42,47.64,23.87,29.633
8.204,20.68,960.24,26.37,57.27,15.69,40.954
11.232,303.11,1087.48,32.13,64.01,5.08,1.853
8.086,27.37,896.32,16.77,49.78,16.49,44.658
12.565,215.58,1174.92,35.25,93.45,22.23,125.433
5.526,250.65,704.67,20.78,74.63,27.02,9.755
10.709,348.59,1069.87,36.77,63.02,18.27,72.168
6.265,52.3,795.5,17.71,69.04,16.88,26.324
5.916,269.96,735.78,34.6,74.54,22.21,18.686
4.57,12.43,679.06,16.72,82.61,14.14,10.398
8.549,280.46,940.43,17.46,73.37,15.95,43.148
5.726,352.99,723.61,20.08,53.1,16.05,21.87
6.329,167.57,803.1,36.76,40.16,8.59,9.979
11.482,94.88,1121.77,26.27,64.69,28.59,162.692
3.118,348.0,571.6,21.74,43.38,26.0,0.584
9.846,198.65,1056.11,32.0,84.27,23.83,101.372
9.219,169.45,953.18,26.23,86.23,8.25,9.809
7.165,160.0,796.21,15.92,73.24,34.04,9.82
11.517,86.03,1154.74,34.09,43.81,15.89,40.837
12.078,30.23,1186.15,24.46,82.3,7.21,3.746
9.477,358.21,1027.89,24.39,75.4,29.5,85.011
10.95,15.54,1055.16,23.76,79.46,31.1,133.12
12.108,352.48,1188.54,23.35,51.14,24.92,169.656
12.377,356.57,1190.58,36.63,40.37,5.37,1.562
8.918,233.29,951.5,25.63,75.89,22.43,78.003
12.007,147.84,1184.12,34.0,93.8,28.63,188.497
12.01,23.35,1193.81,29.03,68.19,5.79,1.155
9.67,338.14,999.56,20.51,86.11,13.35,31.296
9.289,293.25,997.44,16.68,65.7,9.08,11.51
10.593,240.04,1091.03,28.18,58.96,25.71,127.805
8.08,296.38,931.58,36.28,83.17,18.92,51.335
10.674,182.35,1051.53,37.02,45.53,24.68,130.706
11.088,327.15,1087.19,22.65,41.55,14.54,35.461
9.541,140.52,1044.8,34.95,77.72,9.48,12.104
6.895,293.74,806.32,36.11,93.4,32.82,10.012
12.173,336.15,1172.46,31.57,83.84,23.29,140.377
6.869,17.53,816.11,23.92,63.34,26.67,26.547
7.577,170.24,873.56,24.08,46.64,26.81,41.836
5.884,161.74,731.18,39.51,67.45,34.55,2.465
13.214,240.0,1237.67,38.63,76.0,16.19,33.896
9.649,212.49,1010.27,33.79,49.76,7.41,7.131
5.202,250.93,691.19,37.3,63.42,29.3,4.483
4.231,32.06,646.69,25.51,72.19,25.35,4.499
5.342,27.47,717.8,34.12,66.31,16.8,17.916
4.459,287.22,655.69,33.09,66.26,14.94,9.997
7.659,61.8,880.79,18.39,77.15,12.61,23.522
8.546,40.95,951.48,28.96,62.18,13.71,32.146
7.052,162.74,852.44,29.26,49.09,7.48,10.027
10.093,183.85,1044.99,23.39,91.3,13.31,29.781
10.933,303.84,1080.48,24.34,81.69,33.96,105.611
10.62,178.18,1090.76,27.06,86.48,7.22,5.414
4.381,108.46,630.57,22.55,57.56,25.87,4.52
3.756,118.95,647.11,23.79,87.14,9.74,5.686
9.808,185.6,975.74,33.33,50.35,18.52,68.305
6.876,150.37,821.14,37.05,54.11,21.08,37.267
12.789,284.76,1198.11,39.41,84.36,16.99,42.359
11.349,82.02,1115.38,38.07,75.38,6.81,4.026
10.885,5.63,1089.97,18.65,66.77,23.67,130.433
6.837,302.94,863.67,18.76,90.65,28.99,18.08
8.554,315.82,964.82,30.37,73.62,11.42,21.0
4.712,305.11,611.77,30.69,53.5,11.3,9.217
6.374,181.01,770.06,30.85,45.54,30.65,11.256
6.295,133.0,803.59,16.33,45.09,30.25,10.253
12.667,58.09,1200.17,19.68,85.77,17.49,52.569
4.789,328.33,665.33,39.04,85.68,16.68,12.661
10.801,61.06,1132.04,31.59,71.33,7.5,4.911
7.893,239.91,934.54,20.73,61.17,29.04,34.988
13.185,299.95,1245.11,21.48,77.68,6.52,1.136
11.706,333.48,1177.12,28.14,94.19,28.21,182.801
4.192,68.36,635.88,18.34,54.29,10.32,6.253
13.039,59.56,1216.83,30.83,66.82,6.25,1.519
9.681,157.0,1002.14,31.61,44.72,13.09,28.501
5.109,242.68,701.97,25.87,59.78,15.22,14.348
13.344,288.04,1240.49,16.68,89.76,21.56,98.394
7.832,220.54,851.77,31.67,79.99,26.12,46.914
4.954,289.08,706.53,29.82,49.36,24.29,7.544
4.129,101.93,629.22,29.26,90.08,8.3,5.22
3.075,30.27,550.36,35.39,92.88,22.32,1.257
5.085,43.56,726.66,36.37,62.67,29.87,4.677
12.029,10.99,1187.99,26.26,88.95,20.18,98.915
6.33,110.6,804.57,30.46,67.68,15.92,24.902
6.27,26.68,807.8,28.56,65.48,12.42,18.911
7.241,319.29,863.23,23.17,73.37,33.7,11.831
10.632,207.62,1078.12,39.9,93.17,8.41,7.492
10.201,321.27,1038.29,17.46,43.39,8.07,7.738
7.429,316.02,856.59,34.19,88.8,12.52,24.311
10.868,4.45,1129.3,18.13,88.48,16.84,53.749
13.369,171.58,1259.79,17.04,53.35,9.18,3.492
5.716,300.61,740.04,33.94,53.92,29.0,8.502
11.949,170.67,1132.81,15.74,82.5,24.55,155.273
9.979,238.0,993.57,29.75,69.44,17.8,60.605
7.347,169.12,885.29,16.3,69.65,19.6,42.877
4.475,14.3,644.32,31.26,49.82,5.61,4.969
12.158,251.62,1210.96,37.06,60.37,29.43,191.381
11.298,257.29,1112.39,27.33,90.45,34.24,119.734
6.791,65.82,769.73,23.66,88.69,34.66,6.284
9.519,74.65,960.52,19.45,94.89,27.6,87.032
10.846,209.13,1076.58,22.98,50.19,21.54,110.88
11.745,184.06,1162.03,19.77,60.97,9.99,9.673
12.176,197.74,1208.59,25.66,41.17,6.19,1.396
4.987,315.51,691.76,23.81,90.27,20.63,12.395
9.623,208.37,974.95,16.77,44.44,10.61,16.985
3.89,68.82,610.16,21.24,78.89,29.45,0.694
13.817,358.8,1321.54,15.08,66.37,32.56,300.996
12.926,203.88,1235.63,31.47,73.52,28.47,231.234
8.017,181.64,897.3,32.61,62.8,33.03,23.315
11.931,328.3,1175.35,23.96,73.6,27.2,186.538
6.057,61.67,753.32,37.51,72.05,30.38,8.378
5.078,12.44,686.28,23.19,43.7,11.25,12.287
10.576,39.5,1096.51,33.69,90.81,19.94,87.86
6.769,242.11,787.42,39.43,84.37,15.66,28.26
9.659,339.4,1023.74,23.38,41.67,31.49,78.436
12.962,50.64,1217.12,21.52,63.09,28.61,224.645
8.127,345.79,937.44,15.99,79.02,10.17,16.121
9.966,196.2,1068.6,18.5,44.41,20.79,91.184
9.843,261.17,1043.34,33.75,59.43,27.25,96.594
12.368,115.26,1204.39,18.48,85.16,27.48,195.946
13.428,152.32,1266.98,33.94,67.39,14.17,18.628
12.254,74.1,1214.04,39.76,45.78,17.08,47.339
13.714,19.38,1289.03,25.8,82.18,12.78,10.632
12.136,9.63,1170.38,35.35,69.29,26.15,185.079
6.276,342.66,788.21,32.88,77.26,20.02,28.484
6.35,254.31,810.77,15.59,44.8,34.18,4.617
3.689,228.39,605.19,26.76,64.51,27.78,1.058
6.097,218.37,801.47,26.96,90.31,33.88,4.051
6.081,231.92,760.07,31.61,54.07,8.89,10.529
3.477,130.04,579.58,36.77,84.26,6.97,3.481
9.919,39.79,1003.69,18.05,58.49,22.14,101.794
4.465,259.47,648.38,34.0,94.92,11.96,7.941
13.561,152.37,1279.35,36.52,78.08,16.33,33.314
11.592,255.88,1141.44,35.02,73.0,21.63,103.166
10.868,326.24,1062.52,35.58,67.01,16.13,48.825
3.699,180.04,610.01,26.62,44.21,7.52,3.287
13.681,80.35,1291.01,26.41,74.97,19.3,64.546
3.427,130.05,581.32,29.67,57.55,20.29,2.847
12.119,232.27,1176.16,34.76,85.56,21.67,115.055
10.542,179.51,1074.1,39.36,76.15,6.2,2.893
9.89,286.33,1013.11,23.7,66.65,10.78,16.75
9.256,276.2,958.38,28.48,57.89,5.99,3.975
12.906,297.81,1204.01,30.02,82.2,25.23,173.854
6.478,11.19,821.11,25.26,68.41,5.25,4.791
13.748,266.0,1267.9,39.09,44.11,24.7,159.793
5.045,247.24,679.95,23.66,77.53,11.57,11.517
6.516,101.67,796.18,33.98,41.98,26.25,19.74
10.453,164.17,994.79,32.46,67.68,22.63,104.849
12.644,231.96,1221.45,37.44,47.45,32.75,216.331
11.143,163.99,1112.39,18.5,76.63,27.68,161.591
6.414,273.53,797.84,16.7,46.86,25.64,20.918
7.038,177.04,817.55,32.32,89.09,5.69,7.409
10.635,111.83,1054.06,25.69,66.59,13.2,26.481
13.559,45.39,1280.51,22.31,85.3,12.76,11.433
9.035,169.21,984.99,17.87,40.86,28.36,75.659
5.54,56.53,722.15,26.58,42.59,28.57,8.006
3.321,87.94,548.59,22.7,60.69,34.76,0.392
12.623,236.62,1190.39,21.41,84.62,24.17,152.966
3.628,287.31,605.47,20.69,94.04,22.84,2.398
11.148,336.06,1116.08,29.34,54.36,19.01,81.251
6.108,189.86,769.28,17.63,91.42,17.78,26.276
13.754,88.22,1319.01,21.19,84.77,29.47,244.214
4.066,283.37,666.75,19.15,60.2,6.71,4.264
5.703,87.13,735.89,33.97,54.89,31.65,4.119
11.867,168.84,1194.34,15.71,84.69,11.3,12.273
4.519,32.91,690.42,31.24,48.52,12.74,10.149
10.007,40.88,1026.69,35.9,89.55,5.35,3.108
4.127,265.32,635.66,31.24,51.21,8.86,4.781
3.829,242.96,559.56,21.62,75.57,24.62,3.249
13.409,269.37,1260.47,24.14,51.01,28.25,231.704
4.319,299.71,626.55,17.72,77.7,26.46,2.839
6.422,264.44,739.01,25.33,78.6,14.88,22.795
5.306,274.75,735.74,39.92,57.42,8.82,8.045
10.053,132.75,998.46,28.35,54.83,24.71,109.471
13.642,65.87,1246.15,19.79,50.72,29.76,256.871
8.623,249.72,901.07,38.73,80.52,10.14,14.385
8.697,120.98,969.49,38.15,67.27,24.97,70.45
3.968,247.01,628.32,37.29,85.17,28.65,1.031
12.047,328.34,1160.41,23.95,55.43,19.47,84.355
6.138,327.51,761.78,29.14,54.55,17.81,26.547
11.874,17.57,1197.26,15.22,71.26,16.71,47.771
9.01,45.33,978.23,33.54,65.16,19.91,68.33
9.531,282.66,1039.17,35.39,70.94,24.6,87.425
7.178,209.81,841.28,18.49,41.22,9.71,14.986
6.965,291.54,813.51,23.86,50.9,18.02,35.962
9.309,356.99,1005.29,36.36,84.78,12.59,27.402
3.342,202.92,551.34,24.93,47.48,8.12,2.362
8.246,72.47,915.61,32.14,82.56,24.47,60.852
5.543,244.94,727.67,32.31,72.15,20.26,18.743
8.843,341.18,938.3,38.45,65.3,32.74,41.052
7.701,283.09,837.28,27.48,90.07,15.08,32.543
11.783,217.62,1116.84,33.71,59.49,26.99,170.764
12.634,62.39,1158.29,33.13,79.91,25.43,168.049
12.495,288.37,1206.18,25.99,45.86,32.95,214.49
6.078,8.52,734.22,20.33,93.07,8.88,11.537
7.262,166.2,880.19,37.95,54.88,34.35,10.0
6.06,332.29,789.77,23.41,60.16,11.94,17.575
3.874,44.2,646.59,15.4,40.36,8.94,5.515
10.903,58.3,1081.62,26.92,75.74,15.7,44.164
11.725,335.54,1093.17,39.43,92.11,17.6,57.638
8.297,98.25,908.69,20.16,51.56,27.56,50.948
12.019,358.12,1185.34,26.42,80.23,33.9,179.881
9.687,277.11,1020.91,29.46,44.39,5.36,3.336
7.173,176.3,849.94,33.91,43.72,12.54,24.625
13.963,187.89,1314.98,38.91,71.31,32.79,294.862
6.776,314.85,798.75,16.71,89.64,5.79,6.224
4.997,201.71,683.84,28.99,43.6,29.3,4.193
13.87,18.63,1245.47,30.57,86.27,32.14,298.052
4.16,46.86,689.09,26.91,50.6,27.26,2.067
8.689,18.6,927.23,39.47,48.79,34.93,25.086
9.672,298.6,973.93,32.42,68.9,5.01,3.482
3.647,54.27,547.84,15.69,76.04,33.31,0.418
4.334,210.36,659.02,33.81,55.36,24.3,5.728
6.557,148.87,815.7,15.95,52.9,23.62,28.731
11.577,224.58,1155.01,33.04,92.03,28.69,175.411
3.325,60.25,567.68,15.34,91.48,18.02,3.479
3.033,217.8,618.3,38.47,65.57,27.03,0.72
4.339,79.57,626.57,15.6,64.4,24.49,4.267
8.672,281.29,899.44,23.11,77.55,22.63,72.317
9.325,34.91,996.88,23.38,56.32,32.04,60.002
7.299,223.93,857.91,31.93,47.04,15.17,33.559
8.942,44.94,934.53,34.18,47.39,11.78,23.851
9.088,275.56,986.55,23.1,42.53,17.04,51.558
4.167,315.63,618.97,21.52,50.64,30.75,2.165
12.947,38.38,1218.96,34.6,90.68,18.47,59.411
13.655,158.98,1297.22,37.36,70.79,20.32,81.781
12.173,336.96,1151.18,37.46,92.08,23.62,144.092
13.535,30.98,1237.39,24.88,84.61,34.35,279.387
6.187,32.99,743.38,26.19,52.99,31.78,6.941
5.383,170.18,670.27,16.81,48.81,8.29,7.9
11.146,128.29,1139.79,31.75,68.68,34.47,112.737
13.852,157.87,1284.34,15.36,64.22,22.68,130.594
7.279,24.58,819.08,27.72,64.59,34.57,10.299
12.899,325.0,1269.76,18.49,42.76,33.8,224.804
10.351,341.48,1095.99,18.98,92.41,8.53,7.893
7.006,320.77,837.13,39.76,94.4,5.81,6.414
11.585,164.82,1140.66,27.65,71.69,12.02,17.171
10.762,65.39,1112.93,34.39,60.94,26.72,133.926
3.009,314.04,563.04,37.92,84.62,6.39,2.714
13.491,11.1,1296.83,37.55,54.78,29.65,249.696
7.462,235.52,803.8,18.13,68.36,13.01,24.893
12.79,216.74,1234.7,36.48,87.62,5.83,0.314
8.482,15.66,937.35,16.1,67.43,13.34,31.055
5.636,313.88,727.42,15.78,42.8,26.89,11.359
10.265,357.06,1027.64,37.29,55.6,24.81,122.811
10.006,305.14,1022.55,24.54,67.71,31.25,89.478
12.972,321.13,1252.39,32.7,84.0,12.65,12.696
7.121,180.57,826.41,25.73,68.79,19.98,43.973
3.738,61.32,590.97,27.65,88.53,26.77,1.464
9.648,180.21,1004.38,19.33,51.4,7.46,7.982
4.771,73.78,689.88,20.47,87.82,30.22,1.977
13.101,44.16,1195.82,29.08,41.31,11.35,8.429
13.668,238.25,1297.76,15.17,79.51,28.42,241.963
7.619,332.52,877.3,27.07,59.99,27.02,40.592
8.111,250.46,872.58,24.76,56.32,11.92,23.035
3.93,35.54,592.23,32.14,80.62,19.75,6.282
11.656,240.25,1184.53,26.25,84.8,26.59,162.181
7.234,310.08,829.9,27.02,61.67,20.0,42.869
11.111,123.13,1086.34,31.02,72.24,32.8,131.288
3.777,130.95,576.36,22.19,74.28,22.8,3.489
8.514,358.58,926.51,26.7,56.45,17.93,58.512
10.556,199.44,1041.58,32.31,62.78,21.09,99.458
11.62,83.58,1138.73,28.15,83.18,29.01,170.565
4.537,149.36,672.96,39.0,51.12,31.0,1.753
5.826,20.02,792.55,17.22,78.3,12.17,15.829
12.029,322.86,1181.22,17.71,46.16,5.64,1.349
6.89,180.64,812.84,23.08,68.77,13.69,27.042
4.688,141.37,645.27,23.59,55.21,12.59,10.817
8.003,343.33,863.05,20.28,44.01,21.39,59.157
10.152,164.26,1009.26,38.14,76.12,33.66,78.296
13.053,155.53,1251.43,36.92,76.14,26.36,211.43
9.327,255.81,984.17,33.61,64.05,21.02,79.622
4.55,340.04,684.14,24.68,42.53,22.49,8.439
4.219,296.0,674.29,33.37,47.09,14.2,7.039
8.176,253.33,918.07,19.2,50.78,21.1,56.705
4.511,189.08,683.79,24.05,46.43,18.02,10.375
9.21,301.84,977.16,37.16,42.67,24.65,85.928
13.236,305.71,1291.09,35.33,73.37,23.6,144.061
12.417,266.83,1218.03,36.6,86.02,18.63,65.662
4.109,46.3,608.2,34.4,84.09,24.02,3.673
12.889,263.16,1242.51,24.57,85.44,17.51,47.158
5.012,12.83,699.89,24.77,63.38,23.05,11.972
13.84,127.01,1288.28,28.05,55.84,14.69,18.54
10.41,32.88,1044.36,21.91,52.93,33.33,90.26
9.548,189.74,1006.27,22.1,76.99,31.52,73.594
8.821,68.27,949.06,38.7,42.71,33.64,33.552
9.603,265.5,1034.21,21.17,50.13,33.21,55.915
9.215,284.84,1033.94,15.61,54.57,11.07,17.269
3.265,223.1,554.84,26.7,45.29,14.86,3.857
10.584,337.93,1034.28,18.23,87.84,19.69,85.571
6.901,92.61,792.58,24.95,64.07,11.76,19.006
6.525,200.67,838.56,17.67,65.75,17.19,30.214
4.163,320.87,638.77,21.18,51.94,8.83,4.955
5.929,166.56,761.06,16.28,47.64,24.25,18.789
5.285,91.69,685.08,36.35,75.01,19.18,14.691
12.401,194.25,1140.61,30.33,88.69,29.37,208.735
8.205,77.48,924.54,37.11,71.07,23.11,57.099
3.477,161.97,602.6,17.8,73.03,22.98,3.025
9.241,283.5,995.95,22.88,76.74,10.42,16.261
11.687,32.25,1165.63,38.51,50.28,26.19,173.348
12.42,259.79,1214.66,23.13,44.89,12.54,14.798
7.333,315.56,852.27,24.81,55.96,28.34,30.35
11.892,150.63,1132.82,17.32,48.1,26.23,167.317
9.947,166.82,1050.69,18.76,90.59,20.01,84.129
6.511,166.25,838.69,16.17,74.5,32.65,6.999
6.516,173.67,808.8,16.41,90.38,11.54,18.977
3.157,211.68,580.89,37.49,76.61,15.26,4.81
11.04,152.69,1116.0,38.93,91.25,16.09,46.843
7.545,172.6,857.29,28.82,57.0,13.68,30.269
11.838,229.58,1164.91,20.51,79.15,28.67,185.266
11.368,148.72,1127.04,36.6,55.68,13.9,28.449
7.519,72.25,880.43,18.03,57.19,27.69,35.377
11.994,185.28,1190.65,17.71,80.1,25.24,170.55
6.949,294.12,810.5,24.02,71.9,6.25,7.383
13.215,331.76,1256.61,37.96,52.58,9.6,5.159
9.263,142.26,982.0,21.8,54.1,9.79,14.66
13.678,46.04,1246.4,17.31,54.61,24.02,158.879
12.231,71.27,1175.66,31.03,52.64,7.1,2.62
4.583,154.67,666.03,20.35,50.17,7.32,5.68
11.691,55.89,1188.2,29.76,47.85,15.85,40.963
11.329,112.1,1139.99,39.47,50.46,16.08,44.876
3.956,356.13,570.41,31.68,91.44,21.71,4.341
3.281,289.89,579.25,31.92,76.72,6.63,2.185
9.003,193.86,954.2,20.31,94.93,18.74,67.509
9.861,18.11,1011.13,39.42,67.82,34.42,59.564
7.15,111.1,835.22,29.05,63.73,34.03,9.528
9.972,75.73,1018.39,25.21,48.73,26.86,107.115
8.823,120.74,920.8,19.52,83.29,28.78,62.559
7.147,203.6,847.86,36.26,51.59,18.44,39.623
11.961,175.62,1175.47,30.8,56.73,21.21,110.89
10.894,256.18,1079.15,26.84,43.02,10.77,12.885
10.392,86.75,1082.33,30.95,88.14,8.16,6.605
6.888,337.44,794.6,22.46,80.09,34.41,7.847
12.571,142.51,1206.84,27.55,70.19,25.86,185.368
13.513,339.35,1302.39,30.4,49.32,34.55,270.258
12.784,271.41,1187.17,32.0,83.8,15.81,30.366
8.722,153.81,974.79,32.68,62.94,13.19,30.53
12.351,351.01,1211.16,20.7,76.07,21.33,112.086
4.334,208.55,605.95,19.77,65.79,24.36,4.543
11.69,73.26,1152.63,39.14,73.14,23.3,125.787
11.878,32.78,1163.05,31.84,48.68,16.57,49.216
4.054,275.18,644.46,19.51,40.32,15.91,7.615
5.379,334.15,690.99,21.06,85.43,25.37,10.394
6.202,1.75,755.88,28.83,44.38,8.67,11.268
9.543,153.52,1008.37,19.68,85.86,5.55,4.481
12.33,88.16,1171.82,31.58,65.11,22.26,115.42
10.582,2.81,993.73,15.14,45.79,27.46,118.595
13.463,135.44,1275.32,23.57,92.77,33.17,286.096
12.349,190.66,1225.71,21.43,52.03,19.43,79.561
7.1,26.18,821.43,22.12,67.1,18.96,41.041
9.89,323.25,1031.72,32.25,64.87,34.02,63.799
12.967,303.76,1209.32,16.33,74.28,20.59,89.525
12.472,196.31,1189.9,33.18,55.57,10.36,7.129
5.254,40.77,683.37,31.65,40.69,26.31,9.047
4.957,251.24,685.07,28.66,47.64,26.34,5.973
7.228,129.94,850.59,31.39,42.36,7.96,10.656
8.141,124.68,917.97,22.25,69.1,31.72,30.615
8.435,9.57,912.17,33.73,44.59,29.1,52.368
13.859,168.58,1287.34,35.73,69.54,5.21,0.0
6.518,119.91,793.92,27.68,88.11,12.02,18.378
3.173,61.6,520.68,30.37,56.44,33.28,0.236
5.296,308.57,699.47,22.07,77.05,23.25,13.172
6.091,26.73,754.56,31.62,41.51,20.83,25.9
8.52,58.97,912.17,22.28,91.1,19.9,62.693
5.756,162.75,703.89,27.3,80.36,34.89,1.966
10.155,141.37,1024.55,31.5,85.69,14.66,39.474
10.897,2.8,1108.81,27.44,48.99,34.46,106.232
5.666,261.03,763.53,28.71,71.06,32.23,4.284
4.435,129.96,660.44,17.25,48.67,17.82,9.23
5.15,138.01,680.66,15.78,88.72,10.36,9.993
3.456,113.33,580.44,16.65,65.8,33.53,0.0
11.822,258.85,1150.74,26.52,76.76,29.36,184.732
7.839,156.83,895.41,27.76,62.3,9.91,17.075
13.509,285.54,1265.56,35.74,64.63,24.04,149.375
8.973,28.89,927.65,21.16,94.05,32.42,46.074
4.098,271.1,615.6,36.11,85.15,28.87,2.004
7.423,158.03,844.38,37.55,72.15,16.97,40.39
3.319,174.22,555.35,29.21,83.46,7.25,3.069
12.894,313.2,1236.74,26.67,83.92,11.17,8.881
3.046,253.43,508.54,23.75,52.65,18.21,2.785
10.228,116.13,1028.24,19.74,48.18,22.64,104.035
10.587,191.56,1074.9,28.1,70.56,20.06,91.857
4.921,165.09,701.17,19.28,73.42,26.74,6.064
10.706,321.03,1083.06,30.68,48.99,29.47,135.51
5.669,181.09,711.47,31.65,50.75,27.97,9.184
6.148,102.96,752.44,18.38,65.02,26.69,15.281
7.322,243.73,883.8,18.27,53.19,17.49,38.49
7.994,59.77,858.41,39.28,66.03,11.77,22.48
5.581,112.23,756.23,15.07,61.47,17.33,19.455
5.139,97.26,707.32,16.48,54.4,16.95,14.3
5.159,317.61,712.88,39.62,49.74,10.14,9.748
12.556,200.38,1199.61,19.55,51.94,13.28,19.136
7.002,287.72,813.82,17.93,89.93,13.13,22.891
6.195,53.03,768.18,16.94,65.7,13.79,21.69
9.244,172.1,1006.33,22.22,82.09,26.56,90.6
4.976,225.17,706.82,22.51,53.07,9.84,9.581
4.224,352.33,627.49,25.2,81.38,12.55,8.087
7.261,64.09,825.92,29.91,67.56,26.85,32.299
6.555,234.65,753.25,30.54,69.06,22.1,29.414
4.301,86.35,649.56,15.05,65.56,34.45,0.092
10.16,286.9,1052.5,20.51,55.29,25.62,113.656
5.581,122.26,739.97,26.64,88.88,10.9,13.173
3.838,260.72,664.71,17.29,53.8,12.16,5.245
8.262,230.38,920.2,35.65,61.12,6.42,6.91
11.998,25.56,1129.38,21.72,62.87,22.71,135.236
4.257,9.53,603.86,35.23,72.72,32.39,1.279
9.678,317.14,1058.98,18.68,87.21,22.93,94.61
10.701,13.31,1089.15,23.45,63.36,7.51,5.312
9.394,36.86,1038.14,37.51,57.51,7.44,8.204
3.485,327.52,601.92,34.04,50.3,32.85,0.241
9.831,149.62,1053.16,39.88,87.3,8.38,8.401
4.899,199.51,673.79,37.21,54.54,9.23,7.748
3.404,166.35,553.27,24.88,60.94,33.95,0.0
8.558,94.06,941.52,15.81,43.39,30.14,45.504
4.501,141.21,637.27,31.04,52.26,30.32,1.963
13.091,24.38,1259.07,39.49,71.83,30.29,256.836
11.139,255.13,1094.83,29.99,65.13,18.1,67.443
12.849,323.16,1232.41,32.56,73.48,15.2,29.765
8.488,206.92,881.09,31.5,73.05,16.7,47.165
7.78,168.86,867.11,33.0,45.48,13.18,28.976
10.399,37.22,1075.73,15.11,55.44,34.26,77.648
6.751,291.06,767.16,33.55,88.1,23.98,28.35
9.809,346.98,1004.24,25.64,40.83,14.22,37.422
8.148,330.21,929.23,15.43,66.74,7.61,8.556
3.975,104.75,585.54,24.74,76.48,13.57,7.316
4.142,8.4,619.89,34.63,87.0,20.05,7.212
13.809,218.36,1289.92,20.85,62.29,13.29,12.868
5.686,278.24,714.01,34.09,91.99,26.68,11.399
7.591,245.45,848.99,24.06,82.57,31.26,22.759
5.772,292.47,755.22,34.97,59.39,7.28,7.348
4.876,119.14,674.6,35.44,70.29,22.78,9.996
10.042,29.62,1039.95,27.29,57.85,19.41,83.003
11.267,326.8,1121.4,30.53,70.94,14.83,34.486
4.783,283.15,718.13,24.94,54.01,21.91,8.364
3.58,21.68,590.22,20.6,68.44,6.77,3.833
5.885,32.28,759.74,29.26,44.52,21.93,21.824
6.519,320.02,772.13,20.53,78.21,11.05,17.597
13.357,313.47,1269.15,24.38,53.62,7.11,1.898
4.439,156.38,638.13,19.19,54.91,16.94,10.095
5.707,94.85,713.23,25.19,43.79,10.67,11.994
4.583,64.64,624.13,24.56,59.21,24.77,5.206
10.607,14.78,1080.92,17.56,92.49,31.53,117.132
7.231,357.26,847.64,20.06,85.55,20.14,43.516
7.111,101.29,794.01,28.23,56.57,17.9,36.12
10.315,243.71,1075.49,30.76,90.49,21.6,98.459
3.531,57.0,591.69,37.71,41.73,26.75,1.867
10.955,148.75,1047.92,38.49,83.07,15.26,39.473
13.495,135.89,1261.29,23.93,56.43,12.51,10.816
13.59,39.9,1274.11,23.27,87.35,27.17,234.418
4.221,324.63,615.54,18.49,74.33,12.05,7.534
3.542,222.58,591.01,33.78,50.57,31.36,1.184
5.264,244.34,695.68,39.58,57.12,27.4,6.563
3.313,8.22,604.01,24.41,40.96,5.43,3.014
7.84,258.23,882.65,23.0,94.95,29.45,32.72
8.253,56.59,893.21,38.31,89.75,34.52,19.766
11.082,91.79,1120.39,18.4,78.35,12.48,18.999
4.917,101.47,669.29,25.92,58.0,10.03,8.884
3.369,82.4,562.14,34.94,92.68,18.86,3.28
4.228,134.73,669.41,19.52,54.55,31.82,0.895
9.509,320.52,986.08,32.96,92.45,33.55,54.992
7.225,261.08,832.44,30.62,43.7,14.41,27.574
11.981,236.45,1164.55,22.33,56.42,12.15,16.044
9.426,10.86,986.19,16.81,60.37,31.28,70.93
12.392,189.47,1190.79,27.39,60.1,28.62,230.413
8.523,169.17,930.75,27.2,77.81,25.55,70.024
7.133,338.0,835.63,33.72,73.88,9.3,13.35
10.058,123.74,1028.04,16.11,47.05,28.92,106.215
6.405,27.62,799.44,27.09,79.11,13.1,21.344
12.357,15.44,1194.0,21.2,62.75,27.4,211.857
9.461,45.9,1010.81,32.13,44.83,14.71,38.962
4.952,124.31,677.91,31.19,79.47,11.04,9.522
4.381,202.16,591.63,24.99,77.8,33.78,0.636
10.481,152.25,1039.61,37.11,68.66,27.28,129.891
4.208,117.04,658.98,35.9,77.25,21.79,6.119
9.405,108.55,1006.46,16.08,53.17,12.53,24.833
10.031,122.99,1027.97,37.07,57.25,32.2,80.611
5.41,211.32,754.69,25.38,50.33,32.93,3.458
8.618,134.35,978.14,30.17,43.71,24.24,72.971
7.726,204.3,835.94,36.14,89.06,31.32,24.037
9.377,199.24,1004.04,28.14,71.41,34.71,42.23
11.135,30.7,1090.37,25.62,52.35,6.53,3.903
10.795,139.93,1093.83,36.88,94.41,21.9,110.207
3.864,90.16,626.31,20.88,91.77,22.59,4.033
10.903,3.59,1118.0,27.2,51.21,22.12,120.346
8.527,153.09,960.1,26.67,77.52,25.02,70.406
5.488,139.79,732.32,25.5,48.24,15.45,18.865
8.175,230.82,874.41,23.82,65.01,9.99,16.499
9.688,111.38,1043.52,16.62,83.96,26.3,93.734
5.388,268.02,716.71,26.72,41.02,20.71,15.21
10.804,109.66,1084.41,32.37,60.95,25.51,131.518
5.522,122.95,683.88,25.33,46.38,5.39,4.927
5.671,351.21,758.9,15.08,86.37,26.6,11.015
6.625,239.83,821.08,25.33,47.63,32.55,8.876
13.646,314.86,1304.63,32.75,45.16,7.36,1.18
8.329,217.04,897.23,35.24,51.5,11.86,23.568
10.16,337.86,1057.72,22.59,49.64,17.42,64.509
12.34,209.34,1200.58,22.0,40.56,23.33,152.608
10.888,240.42,1107.92,30.03,94.33,15.84,44.921
6.795,247.86,824.05,31.66,45.92,27.19,23.801
4.388,248.14,637.51,38.82,58.15,23.94,5.367
3.522,290.25,569.41,34.59,53.72,21.66,3.451
8.017,24.14,885.33,32.53,82.51,30.63,34.548
6.213,195.05,782.81,16.81,59.55,20.16,26.985
8.584,323.81,945.09,37.73,89.88,22.61,70.621
7.859,148.92,880.54,29.36,53.54,15.56,38.667
7.553,124.7,901.29,27.7,94.73,29.15,28.988
7.254,302.29,834.96,31.39,76.11,29.44,23.201
12.783,344.52,1215.56,29.07,70.9,10.69,8.772
12.377,293.18,1146.51,33.51,57.59,17.28,49.118
7.346,259.86,862.32,20.94,69.83,15.2,31.277
11.546,344.38,1125.7,37.89,78.89,16.03,45.292
6.813,144.1,843.71,26.09,50.31,24.54,31.028
11.154,275.04,1109.47,38.98,81.62,5.46,1.546
4.287,280.87,665.64,17.17,75.04,21.86,6.22
6.599,82.71,718.92,15.86,69.21,18.15,25.912
3.008,50.35,589.84,37.56,89.68,21.52,1.341
9.04,339.66,941.46,18.95,81.71,30.57,60.765
7.715,79.14,863.87,19.1,40.96,28.23,35.076
8.536,355.29,966.22,24.38,63.13,22.38,72.022
10.662,125.1,1091.33,31.48,57.93,30.4,120.201
9.478,176.08,1001.55,15.85,54.34,12.32,25.345
7.317,261.29,867.41,15.14,92.05,17.77,37.146
9.047,191.76,942.99,33.66,53.26,20.52,73.856
8.529,192.17,932.57,16.45,48.85,34.03,28.231
11.809,152.07,1148.95,37.05,47.03,20.25,97.972
3.536,11.76,601.28,23.19,42.85,13.82,5.258
4.344,113.57,651.04,34.69,82.27,32.49,0.892
10.387,347.82,997.73,38.13,64.79,12.73,23.539
7.851,272.98,865.2,20.79,57.0,17.06,41.602
9.297,295.3,972.88,30.91,41.78,8.22,9.039
8.842,340.67,953.61,24.45,43.72,33.77,37.003
6.852,45.31,793.76,31.51,75.06,15.75,29.74
3.745,31.17,612.41,37.57,76.09,14.01,6.386
11.228,208.02,1128.09,19.15,71.76,21.94,118.937
9.836,265.8,1024.69,29.74,80.08,12.41,24.233
8.965,161.16,963.68,25.47,65.75,23.98,85.451
12.145,302.96,1213.77,28.09,91.59,31.83,184.677
11.592,299.32,1086.8,15.42,51.68,21.5,100.38
8.871,103.24,964.62,31.73,75.89,10.9,18.224
5.627,248.61,705.55,29.21,51.25,18.43,18.934
3.094,138.54,580.66,24.55,68.04,15.45,2.938
6.398,28.74,790.42,23.14,52.24,29.38,13.501
8.603,20.33,950.96,25.94,64.7,22.79,73.559
13.863,281.6,1259.44,35.32,70.73,31.24,266.324
3.65,56.19,586.83,39.25,94.5,6.0,3.333
8.538,270.86,956.52,19.64,77.38,16.34,43.394
8.377,173.58,916.18,29.87,75.39,24.87,69.425
4.925,116.51,694.35,33.77,65.59,22.29,10.773
7.556,341.29,863.16,32.45,45.21,18.58,45.843
11.421,127.96,1113.28,32.98,93.49,29.71,168.795
8.85,353.92,917.54,23.08,79.62,22.2,75.592
3.534,40.5,591.17,28.02,92.16,8.37,3.518
11.094,171.48,1110.88,21.24,52.77,18.8,79.747
6.155,151.37,792.57,39.83,75.7,30.97,8.229
13.889,3.33,1287.2,30.21,51.13,30.78,284.523
5.457,156.21,691.37,32.56,49.76,17.85,18.62
5.735,225.22,712.68,33.66,89.5,30.62,6.45
11.552,208.11,1145.79,21.11,74.3,28.08,178.225
7.973,122.04,877.46,22.92,88.43,20.91,56.972
13.48,48.05,1274.15,19.81,69.92,9.99,4.167
5.963,243.8,765.72,36.85,47.99,20.76,22.467
10.389,278.24,1076.95,32.88,77.84,33.07,84.083
13.544,90.34,1354.21,25.45,84.3,23.98,126.468
3.27,246.43,531.08,23.61,94.65,27.56,0.947
10.646,148.75,1078.68,17.4,94.5,23.32,122.607
4.967,205.89,684.18,22.01,82.45,33.88,1.017
5.452,183.75,725.15,32.43,87.69,10.56,11.188
5.647,208.72,713.98,36.69,45.21,16.04,19.674
3.709,194.1,546.65,19.1,69.63,12.17,5.138
5.874,1.3,752.11,37.26,59.09,32.45,5.044
8.556,155.19,934.13,19.77,76.73,34.52,26.127
9.375,271.8,1025.44,38.78,59.82,20.11,70.381
10.852,235.53,1086.29,17.31,48.13,20.74,95.641
4.899,194.36,673.95,37.68,57.26,13.94,13.282
7.253,246.68,826.47,28.1,88.03,22.3,41.362
12.361,195.97,1178.54,19.43,72.89,19.0,76.131
12.626,76.85,1210.41,20.23,61.81,13.81,21.182
3.461,168.87,610.01,33.61,93.21,12.07,5.235
5.282,320.6,718.52,22.79,42.7,31.59,2.921
8.496,205.55,946.85,30.79,63.82,24.56,70.121
5.448,359.0,777.37,15.86,91.85,7.94,8.223
7.533,276.7,892.18,25.79,94.16,15.88,34.388
6.5,26.05,775.09,33.75,69.34,32.79,8.17
13.465,54.81,1266.6,37.38,59.36,5.05,0.339
6.434,153.72,793.79,15.91,80.21,27.19,18.148
11.694,65.76,1141.1,24.74,40.34,8.12,4.728
5.88,237.64,710.98,19.98,85.61,26.57,12.221
12.803,48.28,1245.15,22.81,43.99,19.75,82.723
8.988,115.0,969.36,26.77,91.14,7.28,7.246
6.841,314.95,849.55,37.78,55.06,22.17,33.319
6.812,267.31,821.52,36.18,40.77,32.75,9.115
10.557,272.14,1085.83,30.41,60.62,5.77,3.551
6.807,334.85,794.92,15.76,63.41,15.19,29.412
13.231,236.54,1273.8,34.41,67.48,27.81,225.484
6.925,264.8,830.64,16.65,70.96,9.98,13.488
11.291,208.44,1144.66,18.92,85.14,32.01,153.359
3.794,283.01,632.0,19.52,68.0,9.16,3.916
12.292,314.26,1196.23,28.69,46.61,17.9,60.25
6.676,16.38,797.8,23.19,43.14,9.08,11.567
11.248,216.05,1116.22,20.79,73.04,33.93,128.3
11.254,131.53,1115.21,33.55,49.26,9.56,9.244
13.705,202.02,1334.71,27.65,55.49,33.46,289.91
13.664,302.32,1277.7,27.05,61.61,22.76,132.953
4.698,263.28,687.17,33.94,80.56,5.79,4.291
7.52,91.68,835.0,17.4,70.61,22.72,42.515
3.515,114.96,589.51,15.51,93.6,25.13,1.38
12.404,237.88,1180.83,23.36,41.53,32.34,214.268
8.133,61.34,902.66,16.48,42.86,22.17,60.439
5.547,38.6,772.73,16.79,46.87,5.3,4.537
5.205,92.23,683.78,24.86,77.38,33.44,1.75
7.357,242.72,844.82,27.17,51.45,16.35,37.338
7.147,1.77,830.57,18.38,61.66,30.54,18.839
11.744,94.79,1132.84,18.7,70.71,20.5,92.25
5.318,230.19,721.09,23.89,87.17,22.57,13.226
6.102,110.21,768.52,29.52,82.55,16.88,24.223
11.516,118.3,1123.29,39.36,60.54,21.82,109.2
13.419,336.72,1239.77,20.43,80.73,20.7,94.801
8.059,53.81,898.21,35.86,70.44,16.56,44.073
5.944,219.53,754.84,36.98,68.33,11.28,14.645
9.865,352.11,1017.75,21.01,60.17,16.91,56.809
8.741,193.43,960.74,23.64,49.95,31.39,46.844
6.193,311.43,781.74,17.32,53.97,26.59,16.372
8.008,118.46,913.19,33.19,51.09,18.9,50.214
6.03,211.85,733.25,30.4,71.68,23.09,21.943
7.011,285.07,799.58,39.42,58.5,23.29,34.111
4.035,334.61,624.26,31.58,82.53,11.17,7.096
12.867,194.92,1251.7,36.22,71.93,27.37,212.94
6.227,39.42,759.76,31.86,93.15,13.34,21.101
5.36,170.57,744.65,32.84,48.89,24.81,12.01
8.569,238.23,882.31,35.05,77.26,22.65,67.339
7.259,182.27,840.22,19.53,62.56,5.96,6.92
8.918,119.45,905.58,39.92,90.45,8.31,9.76
4.599,117.97,678.37,26.93,48.79,9.31,6.742
11.472,302.42,1097.01,19.16,66.98,21.02,101.132
7.037,233.47,798.14,21.46,92.54,17.13,34.196
10.02,105.19,1074.75,32.98,59.12,31.27,83.637
5.126,256.77,710.43,16.54,83.71,11.1,11.605
8.826,132.63,937.34,25.09,67.17,27.54,71.202
12.181,91.9,1175.48,32.75,86.61,5.14,1.561
11.21,97.82,1129.98,34.61,60.33,30.84,141.051
4.353,261.57,573.15,22.81,82.65,19.59,7.705
9.427,188.66,937.62,19.03,80.31,27.47,88.302
6.361,163.24,821.9,20.15,54.71,22.27,27.461
11.149,53.71,1141.92,36.59,46.32,19.41,77.721
5.144,147.98,726.9,30.78,88.24,33.19,1.836
8.596,300.89,995.39,35.91,78.62,12.3,22.54
10.335,327.52,1023.04,37.76,86.17,27.35,127.798
4.572,233.12,650.65,29.75,83.79,8.61,6.103
6.562,257.3,739.49,15.05,74.93,26.02,20.803
5.829,346.68,748.45,18.95,60.74,8.63,10.193
12.904,147.24,1210.36,24.92,67.18,34.99,228.256
7.816,356.62,871.21,37.03,71.66,8.08,10.047
7.73,266.86,881.68,23.14,62.57,34.99,11.6
8.044,205.01,888.78,30.19,41.29,23.87,61.225
8.358,258.94,950.35,26.55,47.45,18.15,49.942
4.582,125.19,612.62,21.16,43.95,22.24,6.537
6.504,111.23,810.57,25.53,88.72,29.78,13.409
7.223,168.26,819.6,37.28,48.67,18.08,39.103
3.236,249.73,568.16,17.69,79.05,29.39,0.369
7.322,23.28,867.3,21.43,78.59,7.81,9.929
4.486,285.47,649.24,31.8,84.85,18.06,8.983
13.672,103.14,1266.32,15.11,52.89,23.82,141.907
10.171,248.98,1044.84,25.3,71.09,10.0,13.218
13.629,268.35,1264.73,37.84,65.65,31.68,257.106
5.637,348.13,735.33,15.8,58.31,16.34,20.547
11.871,308.61,1137.73,33.93,90.19,14.97,32.604
7.095,147.15,873.12,22.88,41.66,24.97,35.092
13.8,3.02,1294.77,39.1,48.6,16.95,36.779
8.42,287.22,943.36,22.23,46.97,22.6,68.092
12.211,348.23,1207.33,28.65,63.87,21.84,127.398
9.564,314.73,1035.6,21.16,63.7,15.04,41.722
6.804,131.83,776.9,27.06,81.88,25.84,26.74
6.996,311.76,825.63,20.02,88.26,7.01,8.786
13.772,163.56,1286.11,19.95,82.09,20.9,98.241
3.219,23.81,577.81,39.84,63.27,13.07,4.048
11.396,142.82,1148.0,32.08,44.23,32.48,151.499
11.47,89.37,1121.15,35.31,47.01,31.36,146.412
7.946,266.93,910.16,27.75,93.91,25.73,47.973
4.846,259.39,673.46,16.81,70.71,21.67,10.827
12.677,236.99,1242.14,21.16,82.24,27.93,209.107
12.51,261.87,1217.34,33.33,46.57,8.3,3.785
11.295,216.53,1131.23,15.21,40.78,21.26,106.5
9.52,314.14,1004.68,23.24,75.99,8.62,10.269
3.177,77.99,597.72,32.81,41.38,27.23,0.716
10.644,321.55,1068.12,23.48,93.95,24.25,127.095
10.927,236.62,1108.56,35.26,72.52,8.17,6.143
5.595,24.66,728.72,25.27,62.82,9.11,10.761
10.0,57.87,1005.33,38.9,55.98,17.66,61.22
5.841,182.06,742.59,18.73,77.7,30.92,5.866
7.362,57.13,817.05,26.43,84.48,28.5,27.834
5.898,324.52,765.3,33.11,72.94,30.86,6.327
4.635,88.09,664.44,16.98,86.39,34.06,0.286
6.893,257.56,796.28,36.79,81.75,30.82,14.364
8.635,34.76,902.5,15.57,93.9,14.1,32.822
13.198,205.13,1263.52,33.85,55.99,6.18,1.372
7.242,315.23,822.77,32.66,70.99,8.91,13.386
4.398,81.4,643.7,26.79,48.13,34.46,1.327
13.092,138.8,1254.51,17.35,50.25,30.99,256.922
7.005,302.32,815.54,34.48,66.95,20.12,38.733
3.147,116.25,539.34,27.6,71.71,20.54,3.526
7.059,228.06,817.2,38.14,86.22,20.91,38.03
9.211,334.04,953.87,18.12,49.46,16.43,52.136
5.158,133.36,718.09,37.88,62.81,25.65,8.935
4.527,149.15,640.08,20.9,84.34,12.63,9.744
8.857,220.69,939.53,30.18,81.39,34.7,30.825
12.185,295.63,1214.78,34.48,41.8,29.66,189.901
12.288,321.85,1147.99,15.44,87.35,5.8,1.493
4.429,106.63,650.94,36.69,40.98,22.14,6.07
5.942,80.36,796.57,24.12,51.75,24.28,17.709
10.662,223.66,1113.78,15.77,51.93,8.71,7.495
8.814,301.67,971.51,33.71,93.15,31.65,43.942
7.642,175.09,861.46,33.62,65.89,6.55,7.374
13.194,28.61,1218.89,36.81,56.24,12.41,11.25
8.151,200.81,887.24,24.86,83.58,26.35,56.155
11.644,271.06,1194.81,31.11,50.36,9.27,5.803
6.57,212.93,794.7,38.53,47.13,27.93,19.06
8.246,277.19,889.27,26.4,53.87,9.95,15.299
4.173,289.63,682.58,28.14,58.94,13.46,8.073
6.399,358.3,752.74,20.68,60.82,16.89,28.539
11.424,176.11,1146.4,35.8,88.02,27.74,174.753
11.754,102.73,1137.4,23.28,77.84,21.81,110.889
7.054,181.07,778.76,29.85,64.59,22.29,38.833
13.474,298.58,1259.11,32.06,49.77,24.17,159.223
4.652,350.41,690.0,22.93,62.4,26.12,4.739
8.216,342.09,889.97,25.29,94.29,28.79,47.043
8.718,274.22,934.45,27.92,63.9,7.35,6.908
5.473,206.71,677.18,30.46,55.98,22.57,14.218
10.747,23.27,1064.07,32.81,58.44,23.98,131.245
13.574,18.6,1240.5,30.47,65.33,9.13,3.137
10.422,181.87,1068.75,34.55,60.85,33.8,85.852
13.38,316.03,1251.57,31.97,71.36,23.95,153.525
11.911,285.95,1156.62,15.51,70.26,5.9,1.722
11.166,64.05,1088.65,35.42,76.73,14.59,32.737
6.54,116.41,758.33,23.5,53.93,6.28,6.33
10.692,160.31,1081.26,30.81,83.15,20.34,95.91
3.017,95.46,539.34,38.5,68.32,9.7,2.581
4.919,308.81,722.47,37.5,56.11,33.76,1.074
7.659,253.36,822.07,18.21,56.36,33.5,14.819
6.799,164.39,804.56,29.66,48.54,11.51,19.899
13.011,74.04,1260.96,38.58,58.02,25.27,167.879
10.478,179.17,1065.57,20.32,89.68,28.97,128.511
11.459,191.53,1127.53,27.05,42.64,26.27,170.567
9.493,215.74,960.66,21.42,65.87,25.57,97.451
5.006,183.6,762.04,38.89,62.71,22.89,9.192
8.295,95.11,947.82,24.86,88.81,19.93,55.722
10.354,170.84,1054.04,34.84,89.39,27.52,124.226
4.873,276.5,670.97,24.21,63.28,34.69,0.556
3.555,55.31,647.38,33.93,61.28,16.15,4.521
4.588,130.47,684.3,28.3,80.02,14.61,10.347
3.116,349.05,553.64,33.98,81.04,25.66,0.785
10.177,107.11,1066.53,26.53,61.23,25.35,113.957
13.336,66.03,1242.6,24.47,54.32,11.14,6.236
7.454,335.53,885.51,17.68,71.52,18.24,45.557
7.339,107.32,870.32,20.57,87.71,23.89,40.484
12.205,141.57,1216.08,39.8,51.97,11.03,10.063
4.596,333.21,651.8,34.81,42.96,6.69,4.748
8.615,313.25,940.62,39.13,84.54,14.01,33.226
13.004,38.91,1239.32,20.11,75.97,10.86,6.49
13.254,262.61,1228.13,33.72,94.65,15.95,28.783
4.761,331.89,646.57,37.17,82.1,21.32,9.67
7.847,168.77,850.66,16.53,59.83,28.11,40.841
8.216,354.85,876.91,32.33,90.6,32.91,27.462
6.582,253.37,789.69,19.58,85.22,8.82,11.293
5.72,279.33,759.57,35.63,51.67,10.85,12.877
11.969,151.45,1166.27,18.92,53.73,13.61,23.11
6.957,173.53,853.57,32.33,80.8,10.18,15.857
9.879,134.79,1012.78,33.06,59.43,18.07,66.943
13.865,131.25,1297.27,28.95,48.61,31.49,305.355
10.599,116.34,1097.45,27.26,41.42,5.17,2.383
10.336,276.4,1078.15,28.67,87.84,28.92,116.449
6.925,51.74,796.68,36.35,68.99,31.81,12.519
6.858,325.96,840.45,31.22,56.52,24.93,30.762
12.355,179.58,1178.29,25.31,77.17,9.53,6.813
8.719,36.98,1003.93,15.25,93.07,26.78,64.004
3.542,196.68,573.18,38.37,66.41,33.07,0.522
6.857,9.2,803.41,31.94,69.86,5.32,5.389
3.017,325.61,525.64,28.9,77.42,29.11,0.727
5.86,179.84,706.32,16.98,51.67,21.44,21.042
7.694,69.79,856.09,24.6,74.87,33.08,18.021
5.574,294.21,713.89,26.07,80.91,33.58,2.782
9.349,309.82,965.82,18.91,87.59,10.11,13.968
4.259,332.95,622.67,23.62,49.97,31.58,1.132
8.486,103.79,944.36,22.83,57.77,5.26,5.058
12.991,1.41,1261.52,26.83,81.34,32.27,256.467
9.2,58.98,952.29,16.9,59.55,34.3,38.518
7.507,5.79,855.4,28.32,80.78,21.7,50.6
7.83,107.29,866.86,39.42,52.75,18.24,45.284
8.816,126.03,948.89,26.26,56.47,15.39,41.838
10.2,130.39,1022.69,17.91,46.23,33.78,74.02
5.903,285.35,767.72,30.02,61.47,21.93,20.273
4.992,172.4,692.37,26.94,66.59,7.38,7.586
5.445,98.7,728.2,26.38,60.31,30.72,4.28
9.829,334.0,994.68,33.9,85.79,22.78,100.939
10.357,305.4,1057.08,20.52,80.18,28.37,122.208
13.1,116.53,1238.99,15.31,55.77,16.39,35.431
9.056,102.38,947.66,23.06,71.2,32.77,44.317
6.195,45.25,781.98,31.44,87.84,23.3,23.443
5.717,318.0,723.44,16.38,93.85,16.16,20.311
11.706,315.64,1124.75,24.21,91.97,22.56,133.448
8.959,205.32,974.48,39.94,48.6,22.83,82.418
13.078,189.13,1226.5,29.0,82.01,24.55,178.835
9.072,280.18,909.13,34.67,94.13,12.43,22.864
9.468,168.79,975.06,20.49,75.27,18.12,66.696
7.233,9.8,796.26,27.49,71.32,32.9,13.329
13.737,284.75,1262.29,33.85,77.74,24.85,176.19
7.881,50.58,917.77,24.99,91.98,34.12,16.208
11.145,247.06,1109.69,15.43,64.28,33.49,120.004
7.452,53.18,853.41,27.92,59.01,23.63,45.453
10.378,265.62,1034.49,25.63,46.66,22.52,104.723
12.242,344.61,1176.22,38.64,64.33,21.61,119.59
10.883,212.51,1056.12,36.16,70.42,25.14,129.969
6.346,178.14,765.01,32.8,82.06,15.94,25.953
11.158,121.94,1058.68,30.67,47.81,33.37,117.068
3.366,163.24,592.98,32.46,41.32,6.36,2.868
9.666,161.44,1026.71,16.62,47.07,12.27,25.111
7.949,10.11,945.73,38.28,66.59,11.73,21.0
9.261,293.12,1019.54,34.27,46.14,10.12,14.337
3.929,170.33,646.04,26.99,40.14,21.99,4.269
12.118,190.51,1138.68,28.27,41.83,20.06,92.11
13.756,153.02,1304.67,38.34,68.37,10.97,6.006
7.341,120.95,825.42,25.34,91.39,33.02,13.881
9.205,161.6,981.21,21.09,90.27,29.33,74.184
6.503,268.22,755.78,30.97,88.86,15.61,24.657
3.131,14.08,562.65,23.21,85.38,27.12,0.073
9.029,9.28,951.58,28.51,57.61,11.34,22.157
8.329,105.11,934.48,23.99,65.99,9.59,14.72
13.353,5.91,1267.96,22.16,60.34,33.09,271.116
6.333,88.09,768.06,25.15,40.76,25.42,19.821
4.26,123.58,623.0,24.17,61.03,13.54,8.607
10.751,158.56,1126.48,31.36,42.48,15.07,40.052
6.31,341.63,775.26,28.84,47.58,31.22,9.088
9.277,245.44,964.09,38.17,61.14,12.26,23.465
7.808,125.38,908.11,32.4,89.26,32.61,19.565
5.478,235.95,718.84,20.28,51.96,9.94,11.287
6.991,277.64,864.65,37.91,45.35,12.07,19.275
3.711,274.74,610.37,22.42,75.36,24.08,3.007
11.618,227.04,1140.48,32.75,62.08,28.11,181.829
11.026,93.55,1098.57,20.29,89.89,26.04,137.964
12.603,260.74,1204.54,36.69,69.91,9.97,5.362
6.478,108.57,789.93,32.19,60.71,22.39,27.776
13.397,75.87,1205.49,27.45,40.77,31.63,241.454
13.666,345.33,1293.44,37.78,45.65,23.8,152.036
6.235,216.99,766.33,31.98,70.22,12.57,19.448
5.872,147.19,750.98,39.88,60.33,15.48,21.378
7.639,45.8,835.61,25.06,67.53,9.85,16.113
11.315,319.1,1118.51,23.87,67.4,14.27,31.426
6.081,13.36,719.8,16.5,71.02,8.59,10.3
12.941,234.73,1171.92,17.24,58.53,6.1,1.178
6.055,137.76,783.4,38.59,44.54,18.43,23.875
12.863,119.87,1237.36,36.2,54.44,12.84,14.465
13.654,245.59,1242.59,27.51,74.81,27.16,213.198
6.144,354.97,791.58,21.42,76.29,8.44,9.866
5.411,262.91,694.13,26.57,42.45,17.86,16.744
3.23,68.17,570.19,28.69,50.58,14.76,4.219
4.813,323.62,722.22,35.42,76.86,13.44,11.204
10.435,111.96,1053.89,21.54,81.96,18.06,69.285
4.364,126.83,640.96,22.06,57.91,10.92,7.92
11.99,154.89,1107.5,18.81,44.86,30.89,183.574
6.961,26.06,821.41,15.22,76.69,34.03,8.774
6.982,50.89,799.33,27.03,40.36,24.16,35.166
8.616,98.59,927.13,36.92,90.75,19.12,55.827
4.664,67.73,681.08,22.67,78.07,19.66,10.972
13.299,263.99,1264.62,21.21,62.37,9.64,4.338
7.504,161.58,846.95,37.9,63.62,15.07,35.586
8.573,183.13,926.38,18.09,74.9,34.09,29.261
10.042,164.81,1053.27,22.36,77.73,23.21,110.985
5.133,26.25,709.97,25.43,59.06,30.99,3.116
11.005,318.41,1123.9,25.22,54.33,5.14,0.939
10.554,82.77,1057.29,31.23,89.37,10.6,13.021
5.105,142.86,700.38,37.55,79.12,18.51,15.065
3.163,87.6,557.61,16.03,51.41,10.99,2.819
10.196,286.38,1047.0,31.62,88.79,16.94,54.915
6.075,294.41,714.13,18.94,63.29,31.14,6.614
5.443,190.26,705.44,32.33,90.29,10.82,12.032
4.214,99.37,607.65,37.13,89.18,7.83,4.435
8.332,93.63,918.26,17.16,57.46,16.33,42.228
7.689,180.04,866.49,36.15,52.96,16.92,43.251
13.456,147.74,1295.93,39.72,49.6,19.83,77.5
10.03,47.46,1066.55,38.33,92.76,34.79,58.599
4.611,344.98,704.02,25.66,75.27,15.12,10.886
13.51,45.13,1313.04,16.51,55.9,30.33,265.25
12.79,178.71,1206.53,31.29,61.71,6.93,0.942
9.208,220.24,1005.72,31.06,50.12,17.55,58.113
7.116,353.02,836.44,20.36,70.38,29.29,22.769
13.261,40.94,1235.54,16.05,92.46,20.76,93.586
13.71,29.79,1316.82,22.01,50.87,23.08,137.538
13.495,9.42,1265.9,16.3,86.5,16.93,39.137
3.435,2.62,579.18,19.43,75.86,29.76,1.033
12.821,161.6,1206.74,28.09,69.38,11.93,11.637
8.08,191.86,924.61,37.24,91.66,11.22,21.1
4.487,163.26,651.88,31.98,93.02,13.9,10.147
10.378,243.35,1078.4,28.77,92.29,31.5,99.497
6.208,230.72,759.43,27.65,62.1,18.64,27.968
3.573,171.2,625.74,30.73,85.66,27.61,2.492
5.384,147.99,693.08,29.97,68.78,34.34,1.847
10.145,233.4,1009.93,22.0,90.5,15.83,46.419
3.15,267.01,557.99,33.69,93.31,10.65,2.909
7.882,52.13,889.38,30.75,44.28,22.63,56.451
8.504,101.79,929.97,20.24,46.05,22.42,64.518
5.911,41.59,781.17,17.08,62.31,11.0,14.624
13.134,75.17,1176.0,19.64,86.71,29.28,219.586
7.215,247.17,840.09,20.18,94.43,16.59,34.616
12.217,81.62,1210.61,17.92,45.2,9.68,6.399
4.159,22.97,606.38,17.14,64.69,14.49,7.786
13.134,90.02,1226.65,23.36,46.06,5.87,0.391
3.81,322.56,610.06,15.29,86.28,28.14,0.992
11.777,83.79,1174.66,23.95,84.14,16.07,41.68
8.19,155.59,910.79,24.04,54.51,9.5,16.315
5.043,334.24,681.67,28.18,81.64,16.91,15.055
6.592,152.44,821.61,19.21,71.96,18.37,32.294
7.882,29.22,857.08,22.53,42.41,10.75,19.142
4.414,178.56,666.81,32.06,91.15,28.77,2.043
11.453,58.76,1074.94,39.63,57.37,23.73,128.17
13.011,332.83,1201.94,29.87,79.28,30.86,256.162
4.085,349.49,643.85,22.93,92.64,26.7,2.941
4.276,105.39,626.74,35.15,57.15,17.49,8.494
5.385,329.51,741.14,38.38,64.4,30.25,4.45
10.854,33.27,1059.59,37.28,40.03,14.31,33.753
13.383,235.68,1266.49,28.57,66.16,5.22,0.364
4.345,352.97,653.46,17.27,67.11,5.87,4.057
4.147,234.09,644.18,15.92,45.69,11.65,7.294
3.995,342.85,615.79,30.79,75.75,12.33,7.022
6.497,211.37,791.42,23.94,86.12,22.09,30.776
10.323,306.75,1048.61,38.25,90.1,16.96,56.281
3.63,321.96,609.16,25.94,85.09,8.69,4.512
12.571,74.08,1242.8,34.06,49.49,30.27,207.122
12.198,91.25,1173.0,39.96,57.44,18.09,59.178
6.022,271.04,779.33,18.65,52.59,31.84,5.03
12.705,45.47,1231.07,16.83,44.36,6.64,1.554
8.704,341.74,926.09,29.94,59.12,9.46,14.043
6.07,248.2,779.26,24.77,48.08,17.74,24.222
6.572,274.05,797.17,20.84,92.06,28.78,15.079
3.105,12.14,591.65,23.09,85.18,11.4,3.807
13.784,334.24,1270.96,17.61,52.31,27.28,228.658
11.687,227.79,1110.97,33.92,40.65,25.52,159.074
10.029,192.79,1014.0,29.42,77.65,6.61,5.814
9.132,275.75,1000.31,20.69,40.75,24.02,82.055
13.636,229.94,1278.43,27.21,86.08,11.69,8.11
13.843,298.72,1260.4,36.41,65.78,6.03,0.974
10.313,180.71,1039.21,24.01,85.99,24.97,128.8
12.259,174.13,1227.9,36.56,42.68,11.43,11.251
3.204,328.3,541.77,17.89,58.01,18.43,3.521
10.087,265.59,1015.3,23.96,71.06,33.14,75.862
3.358,126.04,596.28,38.04,48.42,26.9,1.211
7.296,181.92,870.83,24.92,51.3,31.75,17.517
6.168,153.37,758.17,30.89,44.97,29.37,11.658
10.932,332.01,1063.24,30.91,91.17,20.38,96.981
12.811,220.11,1217.89,27.76,69.3,16.81,43.693
11.79,32.05,1163.78,18.07,92.8,22.48,125.207
9.629,316.15,1014.74,18.71,85.43,7.44,7.352
6.623,174.98,782.95,18.43,40.13,20.57,32.637
6.784,272.4,796.86,25.72,63.35,33.74,6.608
5.873,68.21,745.2,34.78,67.32,11.05,13.478
10.156,83.71,1050.3,27.25,53.99,31.88,87.015
10.947,4.27,1050.15,21.32,41.91,12.83,23.072
7.066,182.95,825.13,16.64,78.99,34.33,9.259
10.288,358.69,1054.4,18.4,92.76,31.1,104.646
10.051,326.51,1002.77,36.59,71.61,25.52,116.592
8.409,218.81,892.26,39.19,73.38,10.46,17.678
5.319,210.59,709.69,26.35,52.24,33.83,1.738
11.634,25.72,1136.11,29.57,44.68,31.64,174.965
3.81,236.02,597.7,16.27,41.62,27.95,1.904
3.488,312.64,632.51,25.13,71.72,29.38,0.442
10.826,315.67,1084.12,19.26,47.67,30.68,131.835
12.97,200.78,1214.95,34.63,68.8,29.16,248.109
3.652,276.53,610.83,34.1,71.65,8.14,4.568
8.28,354.23,884.97,39.37,70.9,19.39,58.389
4.864,81.07,710.73,39.69,63.33,9.22,7.182
10.145,185.71,1042.2,30.43,84.53,8.2,8.276
5.551,333.15,720.49,36.06,56.59,28.6,7.062
11.845,194.51,1182.15,19.93,75.09,27.21,185.593
5.544,44.39,744.61,20.58,51.49,13.0,15.986
4.86,303.23,712.49,22.83,41.71,5.46,3.612
6.53,83.75,780.83,23.9,75.75,11.13,16.261
5.902,260.48,782.68,31.68,82.85,10.38,12.399
10.171,83.64,1078.24,39.81,43.19,21.05,83.82
8.414,212.96,906.58,28.83,49.13,15.62,44.014
8.109,357.16,880.4,25.65,56.21,33.42,24.743
5.38,12.0,670.29,34.3,60.97,6.83,7.04
12.792,251.32,1247.32,20.33,89.8,34.61,205.152
10.905,250.91,1072.42,39.97,94.41,11.61,15.725
9.545,176.43,998.73,33.16,86.26,19.63,78.77
9.85,350.11,984.67,15.21,92.14,11.34,19.119
7.556,291.87,880.13,29.52,88.35,32.59,17.018
8.691,16.23,949.15,18.6,45.31,34.21,30.731
6.284,107.48,778.24,28.97,91.24,28.68,13.494
6.534,276.4,763.96,38.63,85.9,15.06,23.433
12.802,138.45,1211.89,37.88,64.26,29.43,228.748
13.853,326.35,1274.16,33.7,41.88,24.84,179.544
9.659,304.96,982.58,22.84,93.64,21.11,89.607
9.252,271.27,935.62,34.74,86.74,33.02,44.015
5.894,115.86,792.04,23.17,78.72,26.58,13.118
11.578,296.77,1163.37,26.18,56.19,12.81,21.538
13.192,228.9,1296.9,37.6,93.56,24.98,160.539
7.618,287.12,873.74,22.02,71.02,16.81,40.317
8.483,113.75,995.45,33.41,77.38,7.15,7.314
12.727,311.07,1194.89,16.96,88.02,6.56,2.215
9.931,6.88,1038.88,16.8,54.02,15.78,46.46
8.711,2.0,940.87,16.23,42.21,26.4,72.905
5.804,129.16,750.09,30.58,61.18,34.03,2.528
11.907,126.36,1191.31,24.03,41.04,23.15,136.552
12.456,142.67,1257.46,18.36,64.39,20.91,99.276
10.663,216.88,1059.84,33.46,44.9,31.77,116.085
11.719,138.26,1181.74,19.42,76.18,16.04,44.179
6.629,8.1,850.62,21.01,58.6,32.89,8.237
3.777,179.01,597.46,16.78,63.81,19.53,6.433
11.429,259.82,1132.99,24.68,50.38,23.78,130.548
10.599,321.38,1071.22,34.42,48.6,17.06,60.401
3.637,130.4,541.15,39.09,45.48,13.34,4.878
9.531,101.83,965.09,34.03,75.4,12.54,23.636
6.391,338.93,791.98,28.56,50.19,7.64,9.403
11.789,87.15,1187.05,26.1,46.98,13.37,21.051
8.424,256.46,886.25,35.43,48.64,14.74,34.039
9.322,258.33,1037.79,21.65,85.89,22.26,78.151
6.363,320.07,760.1,29.36,57.02,21.33,29.463
12.867,84.47,1212.26,39.26,71.9,27.24,192.703
11.806,177.96,1153.16,15.46,92.67,24.98,158.983
10.409,171.84,1041.16,35.07,86.95,20.93,98.057
6.538,98.71,819.76,18.7,46.13,8.68,11.033
4.395,193.76,658.13,26.16,64.28,25.83,3.954
7.403,20.65,810.82,30.27,72.36,9.91,14.871
12.225,45.42,1187.96,29.42,75.68,30.94,212.557
8.458,334.21,881.87,15.39,83.65,14.56,36.501
4.285,226.21,651.42,36.14,63.98,27.01,2.176
10.173,296.73,1035.19,25.39,42.55,18.36,71.419
13.626,330.01,1259.73,39.86,54.94,30.42,278.977
13.391,19.95,1260.56,39.23,94.78,15.8,28.566
13.59,92.18,1282.3,22.05,75.19,31.34,258.64
6.528,292.41,774.0,18.3,61.42,33.49,5.885
5.938,268.67,734.51,21.73,58.51,19.2,22.871
13.365,338.23,1276.81,31.83,51.58,34.15,259.673
3.035,325.69,605.91,23.35,94.98,28.41,0.0
10.544,57.8,1028.44,38.21,65.86,28.24,122.694
8.223,205.84,848.61,31.81,88.44,21.66,59.014
13.901,302.94,1279.11,36.58,80.45,17.09,35.045
5.582,333.05,733.4,35.27,69.72,18.94,19.561
10.495,110.24,1071.78,28.52,75.28,29.12,116.657
6.14,249.11,747.45,16.15,92.83,8.08,8.778
6.904,172.15,805.92,36.77,65.69,19.73,37.697
7.621,103.65,821.94,39.87,72.25,17.85,40.858
6.67,307.63,795.0,32.16,84.15,6.08,6.878
7.27,26.62,876.76,25.68,66.2,9.26,14.16
3.588,241.16,604.39,15.53,43.48,14.24,6.046
11.107,6.62,1100.44,20.21,82.39,34.62,113.346
9.316,257.8,977.3,33.95,55.33,7.71,8.307
7.173,207.8,864.3,23.81,73.59,10.24,17.124
12.318,151.39,1218.8,21.57,53.6,21.6,116.38
13.928,326.04,1287.66,21.58,90.32,7.46,1.199
4.596,291.5,721.12,35.66,70.96,34.78,0.0
9.63,138.52,992.15,25.81,63.8,22.22,95.29
13.199,297.75,1196.34,28.94,51.43,25.28,173.422
12.737,103.32,1194.84,18.98,67.55,19.38,74.431
6.371,197.96,785.09,34.45,42.95,26.93,19.787
12.616,170.96,1240.61,18.42,83.61,29.42,226.759
7.411,128.79,862.43,38.72,58.15,23.52,44.137
4.603,310.29,667.47,31.37,56.79,25.73,4.671
4.579,343.5,609.56,32.97,81.93,27.01,4.112
12.677,189.54,1225.48,35.8,87.33,20.8,101.771
7.798,59.67,886.16,27.19,54.14,23.5,51.744
3.572,6.48,600.11,24.48,87.96,30.99,0.0
13.529,137.12,1287.61,19.57,81.21,11.61,8.092
10.323,18.07,1098.95,15.46,41.11,18.81,75.231
4.125,24.86,630.66,29.88,84.25,18.69,8.255
13.872,64.81,1321.49,24.11,69.1,11.66,7.145
6.934,10.79,851.62,29.56,60.35,5.91,6.171
4.252,116.39,673.51,22.55,61.76,7.75,3.983
5.408,20.71,751.57,16.16,78.35,18.84,18.056
9.239,33.22,1021.21,38.78,59.77,34.97,34.933
3.075,339.74,627.13,32.64,78.51,11.39,2.953
5.344,300.17,759.52,27.03,74.85,31.24,3.793
4.075,317.21,653.05,22.24,49.45,34.38,1.155
9.782,56.9,1006.62,36.63,92.21,34.48,52.201
7.575,75.14,855.79,24.53,54.85,17.09,39.709
4.882,234.12,678.98,36.38,93.67,26.66,6.115
12.18,298.32,1176.72,17.09,85.65,28.59,195.501
13.525,122.03,1270.18,17.07,57.37,8.38,2.491
13.381,220.05,1269.71,37.78,92.91,29.92,250.939
4.662,146.24,661.18,34.51,83.94,32.81,0.841
11.323,358.81,1130.99,30.17,62.94,20.07,95.026
12.8,135.37,1228.37,22.92,59.25,14.29,23.14
12.514,272.56,1180.99,24.67,88.22,17.45,48.99
4.206,262.41,665.83,27.3,86.9,9.78,5.413
11.549,39.37,1140.61,17.9,70.9,6.67,2.792
13.61,7.58,1280.43,16.89,67.46,32.31,289.505
3.462,61.35,598.53,27.3,70.16,6.4,2.444
5.979,104.29,754.12,37.56,89.84,34.19,3.379
5.866,52.18,779.8,25.11,83.5,26.0,14.424
12.329,23.33,1170.51,35.48,52.5,34.38,180.659
12.702,147.85,1221.13,21.3,73.96,9.29,4.941
3.69,261.22,632.98,31.63,46.4,5.17,3.388
13.734,237.41,1313.69,16.96,75.94,32.05,285.17
5.42,129.58,724.87,26.81,76.94,28.6,7.681
7.306,265.39,866.81,32.08,57.21,7.51,9.128
3.415,286.75,595.82,25.81,44.42,27.73,0.467
4.22,267.33,610.09,37.01,40.3,12.51,7.339
8.576,350.61,907.2,24.06,64.02,19.5,65.083
11.791,156.05,1140.07,27.2,77.84,29.83,191.215
9.086,83.72,984.82,29.65,46.45,22.76,82.39
4.661,130.46,648.13,26.31,49.72,11.66,10.063
7.651,298.35,850.14,37.79,55.42,25.34,41.977
4.125,247.31,646.79,16.12,72.62,25.64,2.358
9.909,278.37,1054.84,29.77,86.61,7.72,6.609
10.383,59.46,1072.23,33.88,83.87,7.88,6.591
3.16,201.37,568.02,15.96,59.67,7.1,2.421
7.438,233.62,840.87,32.94,80.44,6.87,8.162
12.917,333.75,1212.66,30.48,88.67,16.74,42.461
12.889,271.18,1251.82,25.89,62.73,29.16,219.908
6.819,309.47,758.28,38.09,81.04,8.98,12.404
6.957,353.09,863.79,24.39,66.85,23.56,35.511
4.956,314.31,742.29,23.99,84.28,16.62,13.176
5.951,220.51,774.26,28.98,91.23,32.18,4.433
12.483,179.29,1229.41,17.42,86.21,13.63,20.554
4.29,20.13,617.77,16.27,40.25,20.46,7.918
13.915,348.36,1307.9,21.02,79.13,33.64,309.42
11.321,99.6,1105.83,16.55,78.59,17.42,58.519
10.798,219.32,1102.99,36.31,74.58,21.96,108.89
12.34,88.19,1183.08,24.32,83.82,23.32,139.137
3.56,298.92,593.01,22.87,70.49,5.44,3.002
8.374,190.72,898.07,15.59,86.68,34.93,21.056
3.048,339.86,572.18,16.19,90.66,8.55,1.62
9.855,333.94,1014.97,23.19,67.0,21.26,96.889
11.523,195.1,1111.41,19.5,56.91,20.04,96.353
11.625,159.99,1178.79,23.61,52.3,33.86,148.252
6.968,115.06,829.33,24.24,43.08,19.04,37.846
4.011,157.58,645.56,27.75,76.99,26.59,2.512
4.343,354.02,670.77,30.56,78.04,7.63,4.963
3.27,269.52,611.47,35.54,45.6,29.74,0.546
8.419,227.5,931.74,16.04,55.12,17.83,53.109
9.641,301.63,967.34,20.41,82.44,9.36,11.748
11.517,202.23,1104.85,37.33,72.12,30.12,170.995
5.234,204.25,725.99,18.77,60.33,16.26,15.867
3.564,148.6,610.83,25.29,42.5,29.39,1.026
4.354,171.79,676.87,30.24,56.34,21.06,7.989
11.955,204.3,1159.2,37.34,61.42,13.92,26.107
13.647,125.98,1263.82,32.33,44.62,14.45,19.281
13.66,350.98,1267.02,22.0,92.38,5.95,0.727
8.974,115.06,946.88,17.72,56.15,32.87,40.839
4.186,161.19,619.38,28.76,66.34,34.27,0.653
11.356,46.34,1130.61,15.2,48.56,11.66,15.465
8.7,227.29,909.21,20.98,76.38,14.73,38.93
9.716,256.93,1054.08,18.84,40.89,12.35,22.83
12.185,330.09,1176.26,38.22,63.58,19.99,90.718
4.681,15.42,664.83,19.0,57.3,33.57,0.361
5.228,181.25,674.91,23.92,93.4,30.29,4.205
11.521,351.4,1153.08,18.68,50.44,5.89,1.789
9.696,357.54,974.01,28.55,56.2,19.0,74.611
4.092,249.26,594.4,24.9,45.74,31.29,0.624
10.218,324.45,973.3,35.99,62.21,10.22,12.144
10.138,24.49,1036.23,25.59,92.11,28.25,118.414
12.886,307.27,1276.47,27.6,89.94,19.59,76.262
3.516,261.69,577.66,19.09,49.45,20.11,3.11
3.256,196.54,594.88,16.88,64.73,8.03,3.524
9.723,283.02,1012.63,39.84,64.36,6.87,5.529
5.333,201.16,743.3,15.11,70.03,12.75,13.319
12.992,354.99,1259.08,28.77,42.45,31.92,244.857
8.874,69.26,899.2,25.41,83.78,18.74,57.915
11.099,48.78,1179.52,16.5,45.5,25.63,135.602
7.646,152.1,854.67,33.18,56.37,31.52,23.912
8.242,246.15,878.6,20.56,41.34,30.26,38.616
5.328,188.65,683.74,38.06,75.33,12.24,14.47
4.176,150.58,613.4,36.92,68.92,31.86,0.9
6.67,343.69,832.35,27.17,92.28,18.19,33.846
10.858,102.13,1108.43,19.18,93.38,16.63,49.163
4.513,172.97,656.66,30.06,93.1,8.34,6.793
13.736,57.26,1254.25,20.65,84.4,19.33,66.24
7.782,11.53,904.81,22.72,40.77,26.45,46.319
7.411,322.88,829.7,34.1,58.26,16.59,38.349
4.285,221.21,653.98,27.14,76.42,8.76,5.711
12.933,239.04,1205.21,22.52,54.47,18.63,63.391
9.711,206.12,1036.66,16.37,65.48,19.17,76.757
5.984,156.04,758.67,15.59,57.29,20.5,23.932
7.821,332.7,864.77,20.83,62.39,12.1,24.221
4.485,73.04,641.5,28.41,81.28,15.74,9.854
12.693,152.35,1164.3,27.52,63.17,34.49,202.182
3.664,129.74,569.03,24.32,54.78,14.36,5.36
8.397,333.38,898.43,32.65,85.78,19.43,59.768
9.896,1.46,1064.01,24.97,42.88,17.38,63.21
6.139,140.53,748.73,35.7,72.2,28.5,12.564
9.232,308.57,956.6,15.16,72.85,24.98,88.006
12.603,111.21,1207.08,38.57,91.45,19.24,72.023
8.708,96.76,969.59,25.0,76.0,30.87,45.163
10.159,56.26,1022.44,35.56,90.12,8.92,10.114
10.317,197.97,1033.47,27.66,89.11,6.69,3.901
11.511,71.39,1102.54,17.73,94.55,17.0,52.619
12.753,16.51,1206.19,26.19,74.5,32.23,238.612
12.51,292.96,1200.03,17.33,76.79,15.73,35.817
13.455,146.57,1319.55,19.4,93.83,12.72,10.995
6.411,207.11,756.5,22.67,76.93,25.21,24.296
13.06,21.91,1209.05,23.0,50.59,30.49,257.189
3.875,358.55,598.01,15.37,67.96,10.77,4.846
12.223,325.16,1162.47,28.74,79.66,32.01,208.965
8.429,113.91,922.55,38.3,50.3,15.33,39.155
6.555,346.41,803.79,39.11,80.58,11.85,18.78
11.864,35.63,1163.3,38.09,55.06,12.38,18.205
13.628,48.2,1270.16,38.99,65.19,13.62,14.97
5.507,258.32,708.94,18.64,78.62,17.86,18.459
13.108,179.6,1235.83,31.09,55.53,30.7,259.182
8.197,163.59,891.71,21.55,75.01,23.61,65.065
4.654,312.43,655.4,33.47,68.05,21.89,8.477
3.112,162.25,567.32,37.45,76.25,22.17,1.936
9.149,104.96,955.57,19.34,67.93,16.38,47.865
5.856,43.6,684.75,27.57,63.3,19.1,21.355
11.523,348.3,1123.98,36.67,49.9,15.27,38.881
7.001,202.95,843.88,29.2,59.89,12.83,23.735
5.909,355.67,762.32,37.31,59.27,28.12,11.439
6.155,330.89,762.83,21.88,79.42,28.17,13.77
7.558,234.83,835.1,16.78,80.36,13.77,28.116
6.549,161.93,792.65,33.74,76.07,5.62,6.566
8.198,358.85,897.84,33.21,46.79,8.02,10.516
3.785,141.64,601.96,30.93,45.21,12.68,5.847
11.45,350.88,1063.53,27.63,51.96,6.56,3.144
3.641,308.06,635.34,26.1,74.19,24.15,2.241
13.259,138.54,1259.87,20.43,64.41,24.7,177.581
11.393,355.73,1160.74,18.25,58.41,19.88,94.853
8.778,91.92,914.94,27.28,66.47,30.43,48.249
5.658,217.54,716.29,27.93,67.2,24.55,15.626
9.823,223.82,1007.0,35.9,50.73,20.58,85.539
6.981,96.37,807.63,36.66,84.36,20.21,35.357
6.986,350.31,848.02,37.26,48.45,27.27,27.631
3.196,150.99,541.22,37.95,45.76,9.98,2.862
13.214,160.68,1311.37,35.02,85.71,15.83,29.381
6.646,80.6,782.36,39.03,43.89,28.22,16.862
3.784,239.45,595.52,31.03,84.95,6.91,4.009
12.15,269.8,1166.76,36.48,60.87,29.08,184.31
11.819,282.92,1141.55,19.29,69.06,21.89,116.627
12.766,295.81,1224.21,31.76,81.54,5.15,0.769
4.327,45.09,614.76,23.14,68.2,28.57,1.534
5.126,221.06,734.57,15.07,89.52,16.49,14.079
9.579,61.42,1032.98,28.91,74.85,26.27,94.387
13.181,179.26,1248.72,31.89,83.64,32.32,263.981
10.44,171.26,1070.89,19.86,44.22,12.8,26.025
11.725,194.06,1121.78,18.35,76.1,10.78,11.563
4.067,310.0,621.74,22.49,75.98,8.45,6.081
10.771,135.22,1022.76,21.75,93.3,27.89,129.017
7.228,227.88,874.17,31.73,70.41,32.97,12.799
12.115,276.09,1189.06,26.17,76.57,32.7,176.472
10.323,149.05,1086.89,23.29,75.59,31.87,101.167
4.717,31.92,680.74,37.7,83.47,20.94,9.978
7.982,359.0,885.77,26.92,71.85,16.2,45.782
7.726,328.26,870.17,30.48,84.33,28.89,34.481
13.655,259.17,1278.35,16.36,54.87,7.44,1.436
13.86,141.2,1282.93,24.3,64.95,17.58,42.553
10.066,277.11,1018.73,38.2,59.95,9.18,9.847
10.072,172.69,1020.95,22.52,82.05,14.73,41.697
3.231,270.83,610.91,33.16,53.27,31.74,0.531
7.688,252.96,840.15,17.93,78.66,30.14,26.538
12.215,342.28,1194.67,23.36,86.74,30.06,212.445
3.14,73.38,563.21,36.88,56.3,19.72,2.445
8.81,228.58,966.29,35.8,48.19,29.09,63.399
7.156,126.58,851.17,16.4,46.14,8.65,11.33
9.643,79.29,1001.45,36.18,65.28,8.55,9.227
8.061,302.35,873.31,30.99,77.46,11.08,19.765
9.539,352.35,1021.02,25.31,41.78,6.46,5.358
8.073,221.72,928.36,35.68,87.46,20.34,57.62
3.202,241.03,561.3,27.25,68.44,21.9,1.605
8.593,181.71,919.61,21.4,51.92,20.93,72.25
7.309,247.16,846.32,39.91,64.58,33.16,13.224
5.578,314.18,679.43,38.63,71.34,12.72,14.949
11.958,212.55,1211.99,23.87,46.36,29.06,191.292
5.377,162.84,736.03,18.78,76.18,18.38,18.178
11.051,348.14,1114.64,21.93,69.46,13.81,30.377
12.155,111.09,1189.53,30.23,85.64,24.22,145.395
7.943,151.25,882.85,23.15,71.23,29.31,38.765
5.383,38.1,722.4,37.66,62.46,7.57,8.931
5.45,317.52,752.24,35.74,43.45,26.27,10.373
7.193,208.88,831.84,15.59,55.17,17.97,39.852
6.358,215.43,785.47,16.5,59.09,7.95,9.63
11.366,221.84,1112.76,37.69,67.2,30.96,155.922
9.886,26.15,1029.85,39.43,48.83,6.63,4.539
9.86,303.8,990.74,25.65,77.3,20.68,84.495
12.818,299.73,1242.6,22.71,44.44,26.68,198.52
4.056,171.69,614.28,26.66,48.37,5.06,3.123
12.774,168.76,1216.16,28.93,41.64,15.34,30.951
4.689,359.61,629.77,15.29,74.27,22.68,8.523
10.725,252.6,1087.77,19.42,94.92,7.51,5.113
3.71,283.1,583.86,36.62,45.08,18.06,5.449
11.505,247.05,1113.15,30.27,74.85,33.79,135.596
9.71,212.33,1024.69,36.07,87.51,15.89,47.766
9.59,13.64,1008.79,15.25,87.35,12.87,27.882
9.85,48.2,977.76,18.62,90.56,6.65,5.064
6.601,110.14,815.12,31.97,63.25,27.31,20.456
11.155,95.01,1111.14,32.35,54.08,20.68,92.965
3.046,43.46,540.47,31.2,58.64,7.99,2.729
13.622,313.23,1278.19,17.57,74.24,16.05,29.411
13.739,56.55,1326.22,38.38,65.88,23.29,131.531
5.664,166.62,776.57,37.43,84.87,11.61,15.163
6.066,90.4,721.95,18.62,80.63,19.48,22.452
9.337,155.68,1001.49,38.58,49.12,11.68,21.99
3.209,151.31,573.54,21.48,77.99,6.33,1.649
12.826,281.49,1269.86,19.27,89.08,21.23,97.469
8.713,67.39,942.2,33.37,68.69,31.02,45.171
11.241,8.39,1098.17,25.69,81.4,20.2,97.2
8.093,78.33,892.36,15.49,43.33,25.29,53.847
7.599,272.06,944.97,38.43,76.54,16.2,31.103
3.221,30.37,607.68,19.95,47.46,34.65,0.0
5.365,108.27,701.56,17.39,89.75,19.3,17.44
6.712,136.7,798.66,32.45,68.01,19.63,33.987
5.6,158.25,737.07,29.75,69.54,29.26,7.274
13.682,119.8,1244.91,27.65,69.68,7.26,0.913
4.934,54.01,666.91,34.57,52.27,29.03,3.318
6.631,247.66,773.79,24.09,50.74,16.67,28.679
11.871,119.58,1113.2,18.96,58.02,9.6,7.718
8.958,315.64,943.05,20.14,55.43,13.06,29.895
13.808,211.71,1291.11,32.18,61.27,7.26,1.459
10.456,339.35,1020.59,16.11,80.09,11.07,15.873
9.587,122.35,1011.64,15.92,61.14,26.61,95.358
9.78,25.42,1039.38,18.64,72.02,14.18,36.346
5.041,182.47,699.54,32.53,83.72,17.65,15.019
5.097,4.49,736.79,24.42,58.32,32.39,1.99
6.476,12.44,805.9,29.53,73.74,10.04,14.93
8.816,221.2,923.07,31.88,85.26,31.69,44.289
11.357,186.84,1169.44,24.59,41.71,5.11,2.23
4.094,214.5,626.77,19.36,92.74,28.4,1.799
7.554,10.56,852.93,31.25,93.99,28.46,33.187
5.992,288.8,765.76,27.2,82.88,30.77,6.937
10.854,177.97,1116.66,27.39,62.92,11.71,17.924
13.37,257.44,1279.22,16.9,90.72,20.37,81.488
6.267,86.65,750.0,34.28,94.09,33.76,4.167
7.134,257.75,865.57,21.54,46.45,5.99,6.786
11.918,305.36,1128.22,26.81,65.45,25.78,166.247
5.512,44.3,717.15,39.11,59.62,5.22,4.469
3.63,246.97,570.0,17.67,43.97,27.54,1.175
6.393,253.17,772.3,36.72,67.17,7.76,9.441
3.873,114.29,623.01,35.3,41.33,8.49,5.439
6.785,311.58,780.83,19.19,61.79,5.29,5.249
6.785,34.87,824.09,16.06,93.55,24.76,29.061
4.99,116.59,697.23,20.64,87.71,24.57,8.812
3.827,238.5,631.7,38.87,49.71,21.8,3.497
12.32,299.71,1205.14,22.79,44.11,23.48,143.68
3.906,253.63,602.06,35.4,41.97,19.73,5.391
3.4,267.48,552.65,24.11,78.29,18.02,3.412
12.267,73.69,1192.67,32.13,88.68,15.87,38.898
4.232,144.81,644.45,19.69,47.26,30.29,1.438
9.338,136.03,1002.15,17.99,53.43,7.24,6.728
11.021,121.65,1124.13,20.17,76.16,11.09,14.479
12.514,336.32,1241.06,35.87,85.49,19.33,79.851
4.027,303.29,603.99,23.45,74.75,12.1,7.022
3.549,286.33,614.11,20.63,93.92,13.34,4.621
5.434,36.42,717.78,23.0,67.74,21.58,16.528
4.122,50.98,648.28,24.43,59.83,20.59,6.661
10.132,96.48,1042.51,24.07,93.08,12.67,23.787
9.964,354.74,1019.2,36.68,59.84,33.52,68.596
7.274,267.44,802.2,31.07,43.23,32.45,13.502
3.234,76.9,550.34,15.05,60.64,21.43,2.779
9.644,146.15,1031.18,15.4,72.66,5.97,3.739
13.659,43.19,1303.07,39.58,71.81,18.84,60.098
9.974,288.87,1016.79,22.01,45.18,9.36,11.251
10.011,185.47,1026.85,38.65,94.54,15.37,42.896
8.917,267.65,928.23,30.91,85.74,9.94,13.399
4.564,1.26,670.5,36.13,92.01,5.9,4.45
5.501,281.88,709.13,23.48,55.64,12.58,14.681
11.637,260.13,1182.19,32.77,81.04,33.07,146.16
13.314,121.36,1234.88,16.61,56.31,33.72,251.787
13.57,17.91,1312.3,30.7,89.38,15.5,25.786
8.175,350.6,923.94,25.62,90.46,9.17,14.337
5.796,148.62,719.3,17.32,92.47,33.21,3.143
5.872,20.41,730.25,28.04,54.53,6.24,6.863
12.196,150.6,1203.97,25.99,46.18,10.02,7.919
6.993,120.83,816.74,37.7,51.12,27.29,25.504
7.951,67.13,871.96,19.67,41.55,7.08,7.806
7.07,244.43,864.91,17.41,53.6,15.53,30.371
9.043,199.61,951.9,28.84,64.51,30.43,62.797
11.172,222.64,1146.5,37.6,41.45,33.56,117.079
4.8,210.62,665.4,31.29,93.66,29.37,3.373
11.596,339.31,1088.32,22.12,55.28,19.39,84.916
5.857,199.8,773.88,23.89,49.33,32.65,4.111
3.638,244.98,615.02,31.22,94.93,34.53,0.055
13.614,208.93,1308.56,18.88,65.77,31.52,285.747
8.661,43.13,914.9,18.61,58.94,12.53,27.384
8.816,309.0,965.46,23.06,58.35,32.76,40.528
12.559,194.94,1235.33,25.24,85.81,8.67,4.75
12.231,285.0,1201.1,28.23,82.84,29.28,205.554
11.485,317.44,1157.5,36.26,58.64,11.58,14.824
3.165,241.47,536.89,20.62,42.92,5.56,1.783
11.114,229.44,1129.65,26.6,62.1,6.96,4.492
12.516,44.29,1189.52,15.43,40.7,18.75,69.674
9.621,352.18,983.8,22.33,90.12,13.32,32.711
12.346,212.8,1178.66,39.71,46.4,28.95,213.752
8.179,198.83,893.51,22.63,46.4,27.35,52.626
7.099,178.32,818.24,30.21,72.97,16.31,35.746
11.105,81.57,1164.31,32.9,52.01,19.67,76.022
3.472,243.5,582.5,30.87,44.34,17.27,4.193
11.413,245.97,1122.35,39.39,90.82,14.25,29.783
3.232,161.4,588.98,27.96,87.08,20.21,3.331
7.231,250.26,788.96,17.15,74.82,29.31,22.541
9.9,209.88,1016.43,26.77,40.41,12.13,23.671
11.243,158.92,1114.55,33.22,51.83,11.54,16.315
3.828,358.31,589.35,19.82,44.13,26.47,2.768
11.853,269.86,1227.16,18.57,46.84,18.84,66.592
13.177,61.41,1195.5,26.13,54.04,27.5,210.392
11.063,112.33,1142.66,22.01,93.03,17.53,57.854
6.359,324.98,802.91,39.75,43.53,21.01,28.451
9.517,145.63,1028.33,20.78,75.04,24.41,98.285
12.768,96.67,1207.16,28.72,42.49,19.22,72.885
11.094,320.43,1135.02,25.12,89.61,6.42,3.28
10.456,339.84,1030.77,37.43,67.95,25.13,122.952
6.094,341.28,749.35,35.16,50.15,6.97,7.8
5.257,249.29,690.7,15.85,91.66,29.25,4.8
12.179,28.15,1162.06,29.1,77.93,32.33,200.342
11.394,212.21,1147.55,20.04,80.94,24.5,148.999
3.036,323.32,554.39,28.12,80.61,7.43,2.645
6.149,148.47,780.48,29.52,79.89,17.21,27.024
11.909,73.25,1128.77,20.85,80.04,9.84,6.593
8.361,250.41,883.54,28.96,70.7,24.77,63.577
5.039,247.82,700.27,28.37,41.88,19.6,13.798
7.489,234.6,883.52,21.11,57.1,20.63,46.331
7.44,55.63,870.64,27.33,72.88,32.4,17.054
10.543,191.07,1099.59,16.77,58.62,17.52,63.952
8.907,62.51,942.04,27.77,53.38,24.44,78.453
6.618,228.31,829.83,20.58,81.63,9.66,13.773
13.561,66.18,1293.78,26.2,92.52,15.45,25.27
9.529,88.23,995.55,34.35,72.45,33.99,46.799
4.918,157.92,641.85,30.81,84.78,7.56,7.02
7.75,320.18,919.74,35.79,82.96,29.53,33.127
7.277,198.91,839.63,16.61,71.68,7.54,9.774
10.741,27.89,1101.3,18.76,88.81,8.16,6.613
13.83,311.03,1291.02,15.93,70.9,21.45,99.164
6.383,118.7,718.74,19.65,84.9,17.77,25.565
3.772,333.6,543.63,35.07,47.15,5.76,3.286
7.576,272.91,860.63,30.28,75.76,12.21,22.3
9.131,309.53,961.18,16.23,59.79,17.39,56.617
9.037,231.99,981.47,38.95,62.84,12.4,24.924
11.155,299.81,1121.29,25.41,44.71,11.64,16.273
8.3,173.4,879.21,27.4,68.85,13.3,30.24
6.731,84.14,834.76,16.84,93.51,25.94,23.564
7.838,112.34,895.75,36.9,89.72,34.68,14.455
3.413,46.99,553.24,21.67,40.24,19.9,4.192
3.685,43.4,567.98,26.98,68.44,22.63,2.738
9.012,25.78,981.08,24.95,45.96,26.62,82.342
5.292,58.27,730.46,22.29,52.25,26.79,6.633
3.34,76.99,528.49,21.39,74.38,21.47,2.856
3.106,263.21,586.88,22.97,87.22,30.6,0.336
9.762,213.69,973.63,37.95,40.17,20.07,79.458
9.871,74.38,1016.21,17.0,47.03,19.13,73.101
7.039,104.74,847.93,23.97,42.35,18.45,36.29
7.014,170.92,832.66,28.04,51.67,5.32,5.973
12.972,178.35,1227.4,33.71,40.18,31.68,256.277
13.898,172.38,1314.74,28.08,74.41,6.52,0.802
7.452,280.37,868.79,33.66,91.05,34.21,10.727
10.415,24.06,1034.44,23.57,94.09,29.14,125.299
4.81,105.07,673.84,24.36,73.05,7.54,5.961
5.342,273.29,758.78,37.4,84.93,14.84,13.278
6.656,285.15,790.48,21.57,83.19,28.24,18.467
4.987,7.7,645.31,19.86,87.91,14.31,12.91
10.749,342.94,1118.01,29.71,60.74,30.65,131.208
10.985,246.78,1090.22,27.85,81.68,8.24,6.133
10.034,69.47,1013.15,39.53,91.57,8.16,7.298
11.822,140.52,1176.91,37.7,88.39,30.98,174.853
4.74,267.27,641.54,30.18,88.35,13.83,9.97
13.381,25.26,1252.41,19.08,83.51,14.71,23.426
12.145,218.4,1153.26,29.91,90.58,16.62,47.219
12.371,272.08,1224.72,27.13,91.62,33.23,185.084
6.833,310.87,848.46,39.38,64.31,8.27,10.698
11.663,102.53,1118.76,20.9,66.71,19.6,82.253
6.974,208.8,866.82,32.33,51.09,13.14,24.873
9.616,172.6,981.95,26.7,72.41,18.55,71.992
13.8,291.26,1269.54,15.75,73.26,32.68,292.292
8.919,224.85,972.96,32.19,89.62,20.85,76.327
7.148,211.68,863.2,25.09,55.34,16.61,37.314
5.965,196.52,780.46,25.66,67.84,31.15,6.895
8.713,172.41,997.11,25.6,71.07,8.67,11.977
10.62,116.48,1047.62,15.95,79.87,25.61,125.595
11.689,93.75,1122.21,21.97,65.19,13.18,21.087
10.99,172.95,1083.32,25.3,43.35,24.48,147.386
9.046,99.82,994.17,16.37,57.47,23.33,78.572
13.247,137.46,1266.52,15.18,64.69,31.46,267.862
5.512,149.01,765.4,38.74,73.51,21.79,16.937
10.114,192.58,1033.28,27.01,40.02,8.19,7.769
9.333,242.04,934.3,20.39,84.15,16.81,48.548
13.434,301.51,1220.98,38.26,94.99,28.2,222.44
11.909,293.21,1161.43,17.3,94.03,17.1,51.189
7.47,263.2,836.37,33.37,86.8,11.97,20.981
5.491,202.22,726.44,20.19,69.38,9.27,11.654
11.793,46.74,1146.76,32.12,73.82,12.59,18.603
7.362,291.3,871.85,21.92,66.76,16.82,37.504
5.959,343.97,734.35,21.21,54.12,8.1,9.492
4.198,167.43,607.5,19.26,89.78,26.02,2.616
12.504,221.67,1202.05,37.42,90.48,5.71,1.352
10.415,58.64,1053.93,15.47,53.54,23.99,117.995
7.393,153.47,883.17,25.47,42.17,31.3,20.182
5.07,282.83,714.58,22.9,84.34,33.59,1.516
13.206,229.42,1243.3,23.18,77.92,17.69,50.321
7.59,304.42,813.13,31.29,49.6,33.65,14.416
9.277,306.01,993.56,35.11,52.44,30.24,67.422
6.418,55.69,794.26,17.34,54.73,33.89,4.81
3.924,312.77,652.64,32.93,91.96,32.42,0.0
11.485,19.1,1137.93,25.36,43.59,6.89,4.062
10.157,316.14,1051.46,27.17,53.51,29.79,111.353
5.331,228.43,728.79,25.7,78.56,27.43,7.545
4.402,237.27,609.86,16.54,81.85,17.34,8.846
10.43,156.81,1100.96,22.57,42.85,27.61,124.282
9.794,253.93,1045.46,27.75,73.09,29.82,86.399
13.803,122.27,1303.56,35.38,54.42,33.92,294.739
7.728,298.58,887.92,28.32,87.49,19.9,48.359
13.887,30.48,1314.75,33.97,83.02,26.35,210.949
11.746,304.85,1153.02,21.12,82.06,13.2,21.498
3.97,313.0,657.17,22.93,60.59,9.16,4.487
5.865,272.96,744.0,31.79,57.34,7.34,8.306
3.654,222.06,625.61,31.55,75.46,28.47,1.545
6.837,213.07,794.03,20.46,64.18,11.96,21.426
6.472,98.23,774.43,22.73,93.13,31.76,8.326
11.343,196.94,1154.27,32.2,53.98,9.95,9.796
13.021,271.51,1291.06,17.69,59.52,21.81,99.172
5.672,316.99,742.57,23.56,50.39,27.77,9.922
9.974,274.89,991.34,20.23,50.24,9.27,9.472
12.83,245.29,1189.79,34.22,60.22,34.78,210.503
12.009,319.72,1149.37,22.54,67.38,32.72,186.959
9.01,79.07,964.14,39.61,52.62,13.68,31.366
3.788,208.21,584.25,23.78,93.41,18.35,5.636
7.839,331.61,906.2,34.63,69.11,21.98,53.551
8.305,261.38,899.08,35.76,53.32,25.46,57.721
3.783,216.9,576.63,25.8,59.88,25.41,1.669
6.217,272.11,793.48,30.88,80.22,15.24,21.554
7.615,240.95,815.73,31.97,60.75,32.37,18.3
7.923,338.15,871.7,35.18,67.92,14.85,36.737
11.741,198.78,1096.52,15.8,47.27,24.89,153.782
4.396,90.75,675.56,34.83,72.2,13.63,8.577
9.391,227.8,987.88,35.65,90.58,10.7,18.802
4.845,53.66,695.19,30.73,54.05,25.46,6.534
5.591,36.45,706.32,27.09,89.99,5.01,4.156
3.743,20.85,633.5,19.9,61.87,34.11,0.0
3.792,142.12,626.68,35.14,53.9,34.36,0.634
11.543,141.23,1140.48,31.56,55.1,25.83,164.816
5.419,65.86,757.55,23.54,60.17,21.31,15.554
4.17,246.49,636.12,37.38,81.31,27.1,2.572
3.881,311.69,631.54,20.53,44.98,6.4,4.141
12.23,177.23,1209.75,16.74,80.61,13.03,18.495
13.443,197.94,1229.54,15.61,56.32,7.89,1.748
8.398,76.41,930.95,36.28,56.54,13.42,28.549
4.272,137.08,606.08,34.77,43.37,19.74,7.733
7.984,191.39,901.95,30.46,43.98,6.8,8.107
4.77,218.91,630.79,27.59,54.15,20.99,9.525
3.511,37.7,574.8,17.38,43.35,18.95,4.554
12.569,154.28,1181.83,23.28,74.64,22.78,139.778
12.75,290.0,1232.13,20.62,74.56,22.67,127.309
11.007,100.62,1156.66,27.23,73.18,29.55,136.609
11.37,257.81,1120.3,29.6,74.42,20.88,94.426
8.939,307.12,960.15,22.86,51.95,14.47,37.864
5.354,95.24,720.47,20.3,54.51,28.63,5.749
12.335,0.77,1166.55,18.85,92.41,18.4,67.942
5.226,255.2,708.02,30.4,84.27,17.73,15.299
8.819,122.94,995.96,17.6,86.96,11.07,19.772
5.117,291.31,702.9,27.67,44.94,16.65,14.593
5.476,89.35,779.49,15.73,82.17,32.54,3.072
9.087,350.41,1020.18,35.34,94.4,20.47,71.922
7.722,250.07,853.85,17.68,82.45,26.06,43.175
5.548,143.21,699.25,22.96,85.59,7.78,8.334
4.469,38.53,604.61,25.12,45.81,33.94,0.268
12.361,313.95,1245.08,39.98,89.52,8.86,4.148
6.672,335.56,794.43,27.1,85.55,18.56,34.32
3.072,142.18,547.18,25.26,75.46,29.94,1.897
4.109,170.16,643.58,20.88,88.12,22.08,5.147
5.106,167.98,686.04,39.43,58.85,16.39,15.623
9.412,205.07,996.67,32.37,79.46,29.89,77.945
7.113,139.69,823.18,37.51,41.87,24.52,34.152
10.222,266.26,1036.88,15.75,54.58,15.59,40.854
10.111,22.24,1069.42,26.0,75.54,28.03,118.548
9.831,340.55,1021.55,33.21,74.71,24.52,110.805
8.364,176.87,928.52,23.42,72.51,24.16,69.317
10.067,351.6,1045.94,23.61,77.66,28.33,115.301
11.509,32.99,1119.25,18.14,81.62,34.17,133.599
12.917,6.23,1206.37,19.63,80.43,25.87,197.551
7.495,19.29,916.52,35.71,89.97,21.05,45.401
6.865,30.18,831.01,28.05,54.47,11.14,19.509
5.746,156.64,713.98,16.53,94.79,23.87,16.498
11.329,331.6,1136.26,22.11,47.97,26.11,161.39
8.101,51.93,899.62,35.02,66.99,17.21,46.985
8.498,46.97,888.05,31.01,47.7,20.67,63.687
3.266,258.92,558.71,30.96,72.1,10.06,3.78
10.805,14.59,1090.75,22.8,54.56,18.14,71.405
12.964,80.37,1218.41,36.54,50.3,28.06,210.525
12.255,328.15,1181.43,24.83,62.13,8.13,4.333
7.866,312.17,862.49,21.31,90.6,10.46,17.593
11.461,109.21,1147.05,36.12,62.06,8.44,4.297
9.52,23.95,997.94,24.27,65.38,9.31,13.458
9.087,117.97,952.31,31.06,41.6,23.77,82.013
6.899,318.46,811.77,21.5,58.29,17.48,35.296
6.436,165.47,781.37,22.45,52.42,18.68,31.139
3.511,192.88,585.25,20.87,59.26,32.52,0.627
11.595,331.26,1178.7,24.06,55.78,21.1,106.82
7.256,5.57,843.53,19.72,60.05,17.72,41.477
12.127,112.11,1208.57,17.67,54.41,24.67,156.845
3.359,35.93,584.56,31.84,65.44,25.42,2.191
3.874,60.99,617.64,29.42,85.06,20.59,5.894
6.099,353.97,783.54,32.75,77.08,9.06,12.058
7.867,176.34,835.37,17.63,57.69,10.84,17.373
12.172,1.62,1171.95,29.77,77.46,32.3,207.83
5.776,328.37,760.67,15.05,50.58,27.7,9.399
9.546,57.59,960.78,29.15,42.46,23.15,94.218
11.402,117.29,1118.95,33.72,41.81,17.62,59.965
6.541,295.71,824.63,31.0,70.53,32.86,7.204
5.618,316.29,668.52,23.01,49.81,21.63,17.871
7.016,195.75,795.8,31.73,46.61,5.41,5.649
10.689,0.02,1046.33,23.3,50.73,16.92,58.551
8.763,172.46,954.17,19.01,79.85,32.25,43.054
13.984,3.63,1249.21,16.76,94.18,17.72,40.462
11.117,338.23,1047.07,20.13,78.92,16.75,52.799
4.241,96.88,668.34,23.71,93.78,21.84,6.117
7.899,301.82,883.59,31.97,46.98,10.0,15.204
12.036,213.97,1155.01,36.22,91.27,14.96,31.769
11.458,85.58,1104.42,29.59,78.69,28.14,161.914
10.005,194.62,1015.0,31.12,54.81,6.59,5.667
4.549,278.59,639.41,20.74,53.19,15.45,10.537
12.298,53.46,1172.14,27.89,52.16,20.47,97.852
9.699,319.49,972.18,17.04,72.99,21.65,93.596
7.022,6.68,861.68,30.91,72.29,23.04,38.606
11.338,353.05,1140.27,36.88,87.21,17.86,65.249
9.229,225.8,935.14,18.92,42.32,20.24,74.451
10.505,248.3,1073.37,21.87,86.79,7.13,4.821
13.476,345.02,1258.31,26.83,48.9,14.03,19.077
11.125,97.36,1092.8,21.44,86.29,10.52,11.334
13.024,186.03,1273.25,24.95,80.43,19.8,79.212
5.039,7.71,720.02,16.4,75.08,5.62,5.015
9.268,179.19,936.14,36.6,93.04,18.39,59.552
10.542,236.73,1121.01,30.42,58.16,27.78,123.662
12.606,151.8,1201.82,15.61,77.82,26.87,211.735
3.016,122.21,559.72,31.33,46.12,9.57,2.238
10.741,105.62,1088.53,31.14,77.6,5.14,1.494
13.704,124.18,1303.56,29.3,42.19,9.17,2.568
10.639,281.2,1083.64,16.27,91.63,19.54,77.068
4.753,103.41,626.52,26.98,55.89,33.71,1.783
13.383,191.31,1254.09,23.33,47.26,23.54,155.039
12.445,242.76,1179.15,15.92,77.99,18.81,69.539
9.903,242.94,1033.73,27.62,85.1,25.34,107.575
4.726,5.55,690.96,34.52,71.0,11.44,9.467
11.549,155.78,1146.64,28.88,75.89,19.41,88.615
6.786,161.76,798.77,33.19,59.09,14.71,28.7
7.226,194.62,842.87,15.61,92.61,34.03,10.138
8.246,60.41,898.63,25.02,88.11,6.35,6.529
3.591,123.63,584.0,21.53,75.26,13.57,5.528
9.839,125.68,1039.32,29.62,74.95,18.65,70.567
6.153,42.58,748.74,32.48,60.45,11.36,16.804
5.154,14.53,707.73,30.08,58.42,8.13,8.14
7.333,43.43,874.38,28.37,64.25,15.45,33.419
9.202,58.87,966.21,29.37,91.66,32.93,47.722
4.669,27.56,694.56,31.69,65.31,7.61,5.993
8.718,309.87,933.75,32.85,60.76,33.23,34.305
5.13,18.58,732.39,21.6,74.3,14.96,14.951
4.708,35.77,652.32,21.46,77.64,12.59,10.471
9.649,348.94,996.32,22.64,66.4,22.47,97.156
10.869,150.45,1079.73,24.77,80.55,19.42,85.156
8.053,110.57,917.19,33.18,68.79,7.44,8.72
9.801,228.41,1000.15,19.06,43.7,27.08,101.099
10.042,9.97,1050.22,23.03,76.48,16.12,53.268
10.666,176.43,1106.06,16.55,89.87,32.89,105.214
13.191,223.62,1216.51,28.44,93.27,16.23,34.872
12.581,33.87,1209.67,19.26,68.37,12.25,14.35
12.535,39.31,1169.87,28.01,77.94,8.27,4.48
11.102,275.37,1101.48,39.73,58.03,29.33,138.728
10.623,20.09,1059.98,33.73,55.89,32.51,111.302
11.424,357.77,1129.89,35.27,65.59,32.31,151.467
6.113,45.2,757.3,35.54,51.06,11.17,15.423
8.111,228.22,901.27,38.92,47.13,16.41,42.844
11.593,307.14,1135.78,24.7,85.67,25.39,163.449
3.023,233.84,572.32,39.16,81.1,26.74,0.63
7.379,26.58,864.2,25.09,49.86,19.86,45.447
11.927,119.08,1175.09,17.37,79.66,24.19,147.418
11.003,340.96,1109.51,36.36,45.24,16.44,52.706
8.581,15.68,924.46,33.26,83.69,16.65,50.766
9.969,270.42,1009.53,35.55,94.54,9.61,11.628
4.853,12.79,650.77,22.99,79.84,12.11,11.895
11.402,322.15,1123.6,39.03,94.64,15.97,44.12
8.839,217.55,961.1,26.83,86.51,20.2,72.307
3.393,134.66,598.6,29.06,89.64,15.03,4.375
13.45,144.66,1304.14,27.73,72.45,21.7,111.124
12.713,220.51,1222.68,34.45,56.34,6.27,0.862
12.617,257.97,1229.85,27.21,92.75,32.22,204.267
3.036,224.55,555.71,33.36,46.92,25.21,0.991
3.11,90.67,597.78,37.11,60.36,5.47,2.305
7.536,301.96,834.04,23.68,57.78,33.99,12.857
3.428,143.18,540.96,28.37,61.83,27.46,0.498
10.838,58.97,1086.94,19.23,49.99,16.98,56.922
10.592,206.7,1087.18,36.69,85.46,30.37,120.679
11.129,88.65,1139.62,33.97,58.69,29.09,142.808
12.296,353.54,1202.41,18.67,42.72,8.26,3.504
11.973,77.87,1200.69,28.84,77.36,13.09,18.647
10.873,47.38,1102.14,22.19,58.14,22.84,123.86
4.879,86.35,683.04,18.72,78.02,5.82,4.383
5.097,161.13,688.63,38.46,49.42,24.87,9.003
6.662,230.65,798.95,35.9,71.19,11.91,18.818
4.78,116.18,649.43,24.52,74.99,22.65,9.039
12.837,250.68,1229.24,21.87,80.44,31.99,229.196
8.911,347.94,899.64,36.51,87.75,11.47,20.702
3.76,99.03,572.79,28.8,40.01,16.76,5.615
12.857,85.49,1229.17,16.37,66.68,34.09,211.708
7.654,302.23,869.03,19.1,43.79,10.93,17.807
5.057,52.41,666.82,23.03,72.9,18.51,14.213
8.004,195.8,904.39,33.53,78.02,6.92,8.634
7.754,213.84,923.54,19.14,94.54,10.9,18.103
10.928,29.78,1099.74,27.5,91.03,15.14,41.356
13.938,138.52,1263.66,27.13,41.51,32.58,302.185
12.0,15.25,1164.3,32.98,45.27,14.34,29.225
13.169,66.79,1227.01,39.68,53.84,5.79,1.302
10.319,232.21,1083.65,20.51,78.84,15.45,42.954
6.075,327.2,776.47,32.35,73.75,18.77,26.479
4.242,332.33,658.36,36.48,70.4,30.92,0.28
5.279,188.02,685.84,27.71,91.88,26.94,8.666
11.873,219.39,1121.08,23.51,81.93,15.21,35.139
8.304,205.34,932.71,16.48,78.46,19.31,60.984
5.475,266.78,690.48,32.02,40.77,31.22,3.934
3.77,156.86,595.16,35.33,67.66,13.55,6.811
10.91,271.16,1089.64,19.2,74.09,16.0,45.361
10.11,313.0,1027.52,16.03,75.09,30.15,103.095
8.039,337.94,918.21,38.38,40.04,25.32,56.782
7.059,288.64,798.66,31.7,54.53,27.38,25.413
3.683,270.16,609.75,24.2,80.64,7.15,3.753
7.651,146.94,905.88,25.52,75.47,22.09,51.67
5.918,17.77,733.66,22.83,62.13,17.73,24.288
5.933,302.89,766.02,36.06,57.87,5.7,6.418
6.522,306.12,785.68,33.31,47.71,34.66,4.969
6.282,21.12,782.05,31.64,89.21,19.35,27.602
6.798,320.27,837.23,32.78,50.45,15.05,28.927
12.276,148.05,1146.04,21.19,90.07,15.95,38.084
10.993,341.35,1112.42,33.69,50.25,30.8,142.471
7.42,211.13,879.44,22.04,70.2,23.78,45.41
7.195,101.45,843.91,27.66,74.5,34.48,8.767
11.108,165.67,1111.51,16.98,42.19,9.06,8.109
13.995,349.17,1273.87,28.09,40.51,33.27,326.051
4.153,266.0,629.12,27.06,79.41,12.69,7.165
3.765,19.67,570.1,39.22,79.77,25.63,2.514
11.052,290.02,1133.32,37.94,49.51,11.24,14.259
10.842,149.13,1093.24,16.41,54.57,6.2,3.459
12.321,246.62,1162.51,20.17,41.61,11.51,11.963
7.009,187.99,823.25,26.39,57.41,17.92,38.766
13.633,128.78,1254.27,17.89,46.38,7.16,1.257
7.435,204.05,881.29,18.01,79.57,25.56,40.45
3.715,280.24,615.1,28.5,46.32,7.38,3.514
10.803,62.7,1083.01,33.12,86.53,23.49,125.8
5.896,12.87,754.43,17.63,87.14,12.64,17.676
10.673,179.61,1103.72,38.68,59.13,19.9,90.146
8.492,26.78,924.67,18.64,64.13,24.44,70.835
6.368,292.93,812.97,33.69,56.54,26.58,18.332
3.379,219.5,581.58,31.86,47.06,12.04,3.921
3.429,241.98,564.75,38.07,72.03,28.46,0.256
12.165,212.68,1199.64,17.46,82.52,5.77,0.872
9.546,245.88,1016.78,17.86,85.91,26.22,92.521
13.933,211.4,1278.68,31.54,86.49,18.42,50.673
12.885,263.87,1254.9,23.39,72.51,29.02,216.479
5.912,69.02,767.66,32.69,85.15,24.34,17.535
8.271,191.72,941.59,32.75,74.39,31.83,32.421
9.036,316.34,967.66,15.94,43.85,26.89,77.024
10.687,168.6,1074.16,35.48,50.4,19.93,88.631
8.683,238.76,942.4,26.39,67.92,25.73,71.773
4.482,345.83,647.81,27.58,83.58,25.84,4.648
12.751,68.76,1202.0,34.05,94.64,21.86,111.974
10.39,284.92,1045.16,24.63,85.57,7.47,5.856
12.089,330.14,1168.15,29.74,93.19,16.44,44.992
12.269,144.42,1224.48,37.04,70.92,17.7,54.417
4.214,31.48,655.04,39.11,70.51,5.81,3.798
9.248,236.98,956.59,31.79,94.97,27.72,81.152
3.227,190.31,575.93,20.71,84.24,24.45,2.189
6.811,140.81,809.85,32.56,75.35,26.48,26.232
6.896,189.41,822.83,15.66,42.03,23.25,35.517
9.032,15.5,1001.75,30.64,50.28,27.85,76.334
12.124,126.53,1155.46,39.4,60.39,29.0,195.185
9.435,269.57,989.77,34.37,86.43,16.77,51.026
7.09,251.7,775.34,29.91,81.34,18.21,33.874
4.014,42.35,640.28,30.76,46.03,31.32,0.596
5.315,177.59,751.63,21.59,40.79,18.5,18.044
6.07,300.07,765.58,32.39,93.57,14.99,21.074
3.256,249.52,582.45,31.7,42.24,24.25,2.08
5.19,314.82,680.18,23.31,64.52,8.97,8.354
4.951,116.01,680.38,32.9,53.63,10.93,9.908
9.416,76.65,968.19,27.39,70.54,16.87,53.125
13.467,307.23,1285.13,34.3,57.87,12.76,11.699
10.686,352.32,1077.39,22.11,72.92,8.14,6.965
3.624,196.45,604.65,34.06,79.34,30.69,1.227
4.272,89.67,592.08,18.58,87.6,12.71,7.253
4.065,276.64,654.02,15.24,77.69,19.67,6.085
8.723,290.39,917.31,23.84,88.76,19.96,65.57
7.359,112.47,855.95,37.39,42.64,27.35,32.492
10.767,319.3,1074.35,32.94,63.88,10.07,11.515
8.129,302.42,922.38,26.1,63.73,24.45,59.254
12.429,13.54,1212.97,33.1,41.06,14.07,23.816
11.747,128.05,1174.66,23.28,47.82,14.51,31.242
8.95,290.99,920.81,37.58,88.04,30.49,51.577
10.355,161.92,1047.07,21.86,50.46,6.28,4.035
5.566,105.85,714.83,26.02,44.63,11.72,13.361
10.877,80.85,1094.53,31.9,64.26,24.38,131.459
9.825,304.45,1025.1,27.8,64.11,23.09,105.237
7.871,271.35,876.27,17.62,79.34,22.17,51.009
3.143,102.78,520.37,29.84,75.33,9.71,2.658
5.229,143.82,767.66,38.76,44.31,33.8,2.174
4.225,293.13,662.14,27.3,80.43,17.27,7.1
3.975,136.11,585.46,37.3,88.05,20.06,5.564
4.761,111.76,665.26,33.38,86.61,22.3,9.128
9.125,118.67,955.81,32.56,90.41,13.84,32.306
6.704,248.19,823.87,37.03,70.28,10.95,17.217
5.791,352.83,756.32,39.75,73.15,12.72,16.963
9.679,140.87,989.67,16.09,73.28,11.75,21.928
10.561,255.48,1059.39,20.57,44.22,19.38,78.41
8.129,216.33,913.91,39.76,73.99,25.88,53.538
8.68,339.77,931.57,16.89,43.42,11.78,22.9
13.575,334.77,1286.28,21.93,57.53,23.09,144.86
10.102,90.53,1048.04,21.83,44.78,21.8,96.984
4.189,234.22,649.08,33.82,78.97,18.74,7.892
13.064,80.05,1245.57,36.1,42.52,25.2,173.001
10.154,288.91,1019.24,26.08,63.53,5.02,2.825
11.55,68.44,1165.21,33.75,66.63,31.78,151.4
7.222,21.47,863.09,20.5,87.22,7.04,10.25
4.988,91.15,690.22,22.02,94.73,18.04,12.778
5.463,221.69,702.67,25.92,78.98,28.08,7.408
11.75,56.26,1121.81,32.49,75.89,7.26,3.614
8.802,250.34,939.87,32.03,80.95,16.6,48.267
5.865,328.47,748.48,15.74,67.09,16.34,22.464
3.282,261.25,587.66,16.54,80.06,20.32,3.101
5.225,305.64,746.58,23.25,73.03,18.38,15.195
5.743,290.58,726.19,28.92,66.27,9.02,10.413
6.274,359.07,788.98,34.05,55.57,13.18,21.262
12.659,280.64,1190.38,28.29,83.0,29.39,217.338
11.487,347.08,1116.97,19.52,52.25,16.65,52.244
7.997,274.19,937.08,23.53,85.37,22.52,53.265
13.655,272.15,1245.54,39.26,53.57,14.88,19.211
7.392,107.42,883.99,38.48,49.97,18.14,39.332
6.649,318.76,762.86,27.37,61.87,11.03,16.987
10.277,276.19,1086.83,36.35,40.61,19.06,69.393
11.498,314.57,1129.22,19.11,64.55,21.21,110.488
12.952,52.83,1244.59,36.76,64.79,25.69,182.086
5.567,234.52,774.51,31.22,54.66,23.6,14.542
10.285,323.49,1043.2,21.0,57.49,29.09,124.127
3.668,221.5,631.75,39.89,54.27,14.05,4.834
7.667,189.06,825.57,32.57,88.94,24.09,46.38
3.514,256.38,620.8,25.01,88.86,10.22,3.068
4.821,158.11,651.85,26.63,46.13,19.41,12.5
13.371,30.63,1270.1,37.23,46.74,27.22,221.69
5.328,335.67,683.5,36.12,52.9,6.89,6.488
3.221,230.33,564.46,20.39,44.15,17.75,3.11
12.538,258.6,1191.1,25.6,57.09,26.73,188.152
8.75,207.79,958.58,33.31,66.37,27.1,69.912
8.524,64.86,920.77,26.61,93.55,19.82,61.448
10.175,320.32,1069.37,28.8,64.2,16.77,56.207
7.874,229.63,872.1,27.97,71.39,18.68,50.57
7.077,62.11,824.33,38.92,94.81,34.93,6.996
11.637,68.08,1123.55,33.96,52.25,13.08,21.181
13.952,172.2,1321.18,36.8,81.59,14.44,16.882
13.911,308.7,1306.35,38.72,70.66,18.34,48.343
11.604,348.46,1104.06,26.27,41.43,34.25,144.21
9.663,297.61,1038.13,17.92,45.35,13.93,31.762
5.682,70.72,693.22,25.01,56.28,30.66,6.666
13.571,88.14,1270.35,32.36,80.58,26.98,204.263
3.364,57.78,537.92,38.7,78.4,22.87,2.371
6.215,211.95,776.01,30.13,86.7,19.14,26.805
5.557,253.04,688.54,27.0,59.82,16.09,17.723
5.158,14.8,705.22,37.47,84.09,16.65,16.093
13.059,69.47,1200.0,24.9,65.9,34.5,224.804
5.535,180.2,761.69,20.88,74.8,14.36,16.349
6.404,208.64,734.29,36.91,41.67,27.55,17.37
11.624,309.4,1124.19,34.03,71.05,26.29,163.47
3.253,50.62,533.98,39.81,56.2,27.69,0.086
3.985,298.62,630.89,21.66,54.45,23.92,4.583
3.551,216.74,622.1,27.08,89.48,11.21,4.919
8.281,314.95,916.21,17.36,91.21,22.76,64.605
8.558,211.51,935.59,35.52,72.77,16.07,45.613
3.028,239.93,513.1,34.51,93.71,19.7,1.29
7.684,156.45,855.32,39.69,43.35,6.03,6.054
5.612,111.73,746.28,39.17,41.69,34.49,1.688
5.971,151.21,757.51,15.42,84.21,31.08,6.628
6.016,330.36,742.61,25.41,90.36,8.07,9.676
12.706,43.1,1196.53,39.64,54.63,24.67,169.237
9.856,208.05,1019.15,33.96,66.07,16.37,52.627
13.903,318.66,1307.45,34.98,42.6,13.78,13.628
8.391,149.87,968.23,38.86,71.29,16.06,42.543
9.313,195.13,1045.03,20.1,61.89,31.7,57.009
13.858,151.4,1338.37,28.0,45.91,29.73,280.588
5.384,267.08,721.3,15.45,61.18,23.95,12.278
13.814,235.88,1290.68,37.37,67.11,22.5,119.123
3.367,41.95,532.81,19.91,51.08,5.87,1.416
5.425,285.98,728.9,23.6,63.76,34.66,2.016
9.167,267.15,986.61,29.04,93.14,30.92,56.307
6.305,214.54,741.88,16.08,62.65,14.68,23.091
13.797,35.02,1298.82,25.11,80.27,30.3,296.603
12.815,229.9,1241.19,26.26,83.61,7.42,2.149
10.042,73.75,1062.86,19.98,45.4,28.28,104.775
3.81,142.72,595.6,34.23,67.37,25.34,1.872
6.963,26.1,801.75,27.68,85.78,16.36,32.702
12.629,15.42,1206.55,32.38,50.4,5.98,2.095
11.722,243.68,1121.61,28.28,94.29,21.19,108.55
9.979,174.26,1041.7,34.77,73.48,10.75,16.201
3.261,162.79,633.66,20.15,44.54,28.7,1.022
7.505,231.29,850.46,22.65,59.51,20.62,47.068
13.421,27.95,1258.69,19.72,93.63,24.61,170.019
13.166,5.13,1277.0,16.43,43.95,26.28,208.582
3.825,316.31,586.65,15.06,93.26,26.84,1.833
4.201,306.12,642.39,39.14,47.43,32.76,1.05
3.092,261.05,538.67,22.11,57.89,25.99,1.825
7.237,116.35,835.15,24.03,44.31,24.89,39.535
10.882,249.26,1081.48,33.34,71.02,30.21,133.283
9.734,238.08,1010.83,18.03,48.01,17.94,65.45
4.218,318.54,659.64,22.7,93.32,6.13,4.735
7.468,123.4,849.4,33.93,91.23,8.7,11.969
11.996,148.66,1198.85,32.86,56.42,24.11,154.31
3.02,23.14,551.13,32.74,52.06,18.64,2.314
12.082,121.41,1139.76,24.22,94.28,10.6,8.277
9.032,232.97,952.73,39.61,50.57,12.23,24.223
6.097,320.73,764.6,19.38,67.79,23.08,22.316
3.614,353.31,590.39,27.81,94.77,5.41,1.911
11.031,132.2,1097.57,30.37,89.7,20.74,97.975
3.756,195.62,590.58,24.93,58.22,5.79,3.329
8.521,66.61,974.7,22.17,90.84,16.18,42.389
3.875,344.69,633.82,23.75,65.33,30.12,0.58
12.628,134.33,1175.5,23.4,70.35,28.7,216.594
4.842,152.7,697.91,21.17,57.46,8.85,8.331
6.36,95.22,766.93,28.11,90.94,6.79,6.636
4.783,320.8,660.39,30.43,75.4,14.43,12.162
4.17,233.23,624.93,32.97,48.01,19.72,7.439
11.289,355.51,1165.84,21.11,56.01,9.12,7.278
7.102,21.8,843.25,16.51,47.62,5.46,5.574
4.244,23.73,646.71,25.61,85.81,18.95,8.603
8.259,244.04,886.15,31.92,93.05,23.51,61.957
11.129,320.96,1092.7,39.14,41.29,27.21,150.635
9.197,143.82,919.14,38.38,66.02,33.1,43.737
10.654,126.55,1076.35,31.8,63.98,11.35,16.718
3.17,161.22,545.86,25.86,55.95,26.02,0.682
10.772,68.4,1107.97,29.12,67.83,32.32,111.039
9.776,101.76,1021.59,22.85,76.2,8.84,9.183
4.047,51.85,651.69,36.08,85.74,26.97,1.089
4.566,344.24,666.52,24.23,71.35,32.29,2.031
5.313,198.69,751.78,35.2,52.78,33.5,2.707
7.745,146.2,839.62,36.56,88.38,32.34,20.877
7.546,175.16,908.5,27.19,46.16,22.4,48.834
12.873,285.05,1236.07,17.94,67.17,22.49,122.729
13.049,178.1,1259.65,23.05,60.29,10.45,6.335
6.316,75.68,765.05,36.75,79.81,21.13,27.055
13.782,256.05,1244.02,33.52,86.79,18.85,54.047
9.066,124.7,942.52,15.65,76.85,23.81,84.008
3.742,350.97,590.84,36.13,69.07,6.81,3.287
11.066,297.11,1112.82,34.35,73.13,11.93,18.099
9.682,73.76,1001.27,24.74,92.63,16.92,55.794
13.981,165.07,1275.22,17.99,68.82,27.19,237.809
10.885,232.06,1084.02,22.4,64.5,34.17,104.953
11.149,134.96,1101.48,18.14,89.28,24.02,134.625
4.126,185.93,618.49,35.08,68.6,30.65,1.714
4.33,76.9,660.85,23.38,74.53,24.86,4.157
9.569,229.24,1002.55,15.75,65.32,31.8,68.312
10.061,299.67,1039.88,30.77,60.53,5.59,3.389
8.334,37.4,853.99,38.2,45.74,22.63,60.892
4.193,66.04,622.77,30.66,59.66,6.57,4.249
7.026,283.72,834.77,37.88,48.94,19.07,35.902
9.981,127.88,983.36,23.02,90.77,27.78,107.984
11.237,77.77,1123.69,22.7,67.79,10.55,11.703
3.564,26.22,569.41,25.46,89.75,16.28,5.42
4.72,22.21,666.13,35.72,77.76,17.58,11.408
9.852,162.51,1051.85,20.8,49.36,34.74,56.522
13.717,264.51,1299.17,23.56,79.64,10.38,4.388
7.119,0.39,853.56,33.21,42.29,23.85,38.34
10.403,276.5,1056.63,23.4,69.76,8.8,9.159
7.366,208.93,848.84,21.61,45.69,28.84,27.987
10.451,11.95,1060.27,29.24,67.04,33.43,92.131
7.531,88.18,909.01,19.66,86.01,18.99,42.455
4.371,135.47,641.98,29.76,49.84,20.69,7.843
6.89,29.02,816.52,21.77,83.81,5.98,7.073
12.095,324.75,1198.91,20.42,83.45,10.05,8.062
4.577,168.04,699.14,30.45,92.21,21.99,7.427
11.073,175.19,1094.66,22.33,69.74,28.21,162.013
13.829,248.74,1273.91,26.78,87.66,20.08,74.586
12.628,20.65,1231.43,17.6,84.36,25.61,186.673
9.386,340.19,1002.05,28.24,60.03,18.96,72.403
6.69,97.11,790.01,34.89,84.1,10.61,15.258
6.065,245.26,809.51,24.98,53.77,32.79,5.063
10.842,150.52,1077.47,24.9,80.9,19.01,83.649
5.724,237.13,776.87,29.27,43.06,25.11,14.721
3.851,138.79,597.8,35.73,81.68,7.19,4.59
4.637,219.86,651.17,25.68,81.68,13.81,10.607
9.457,16.02,986.74,34.91,50.91,23.54,96.344
7.559,332.87,845.17,15.82,40.58,29.96,28.53
5.614,162.4,716.0,19.67,81.42,14.76,19.069
13.899,143.0,1334.2,22.35,81.8,7.55,0.717
9.525,328.11,1002.26,23.01,61.61,25.2,105.489
8.337,25.66,904.66,17.88,84.78,15.43,41.413
10.826,245.37,1115.96,19.46,93.21,33.32,104.175
11.39,47.07,1106.37,36.2,47.81,7.12,4.164
7.874,284.63,907.22,26.96,91.09,25.39,48.934
4.78,241.16,703.84,36.57,91.1,20.61,9.303
12.489,84.8,1182.21,25.82,67.48,24.89,161.51
3.524,72.37,564.75,35.34,50.7,24.07,2.092
6.869,228.43,792.75,19.56,61.4,20.53,36.419
8.963,7.97,959.89,29.72,62.94,10.59,18.577
4.574,359.56,622.46,15.34,51.09,13.43,10.633
12.611,222.77,1215.39,29.01,52.92,12.95,17.604
10.504,77.73,1085.18,26.81,64.73,11.83,19.84
4.93,51.8,665.03,25.19,79.81,22.12,10.892
5.86,179.55,717.5,25.41,88.18,27.83,10.938
13.339,263.15,1270.61,36.8,68.09,25.37,175.188
4.912,329.96,700.43,17.14,94.57,8.14,6.546
13.01,149.92,1209.54,16.88,67.56,27.53,218.683
9.598,202.07,1009.2,16.56,41.07,10.31,16.345
4.613,96.73,672.93,22.55,85.6,12.77,9.968
7.287,83.72,841.22,18.35,78.71,31.87,15.505
4.121,113.53,640.93,23.71,48.03,23.55,4.588
9.363,279.83,964.54,19.65,91.28,7.56,7.367
10.316,121.77,1053.58,32.56,82.94,16.97,56.782
11.524,106.62,1146.73,29.82,57.87,17.76,61.767
11.947,1.68,1115.41,33.39,58.76,24.24,152.823
7.467,267.79,868.72,37.67,66.34,7.57,8.691
13.038,48.46,1235.56,15.1,48.53,26.29,197.508
8.911,350.42,980.17,23.24,60.07,11.52,22.746
9.383,239.19,1003.62,27.71,94.83,18.74,63.493
11.112,151.39,1074.9,36.85,59.54,7.26,3.698
13.537,136.47,1236.39,35.62,72.19,9.14,3.51
7.161,354.04,848.39,29.3,71.53,30.43,19.589
5.579,239.99,700.62,33.45,50.84,13.9,15.235
4.139,150.51,589.86,25.75,46.58,26.25,3.236
6.008,65.2,737.74,17.47,50.23,8.23,10.579
10.883,212.52,1123.95,26.99,93.53,29.07,145.82
9.34,330.03,974.05,21.43,51.22,24.85,95.445
9.5,131.53,1036.61,20.91,70.77,12.05,23.082
8.214,8.78,879.96,22.85,80.48,14.53,38.514
7.691,72.63,879.01,31.8,56.21,33.89,15.593
9.66,346.92,964.69,39.16,89.16,10.87,17.832
6.831,160.65,809.43,17.13,59.72,12.29,23.298
10.028,182.13,1066.93,37.49,57.8,21.34,96.56
13.603,248.16,1243.54,18.68,61.89,24.35,155.825
12.926,91.69,1242.76,34.31,77.83,14.11,20.026
8.069,242.74,940.42,25.44,92.48,24.91,53.939
8.656,30.7,929.48,33.59,60.3,8.2,11.058
6.327,89.57,786.44,25.46,45.49,18.01,27.521
11.654,149.14,1152.47,32.31,86.68,29.78,181.375
6.506,86.76,793.05,26.32,41.09,29.94,11.583
7.208,28.16,874.24,27.45,54.28,32.43,14.44
7.124,86.16,845.67,16.95,45.94,22.84,35.683
12.419,238.7,1215.82,24.7,82.33,18.39,66.911
4.549,18.94,652.36,17.23,63.65,27.68,3.529
4.163,135.73,618.51,26.09,90.91,25.69,3.153
9.14,248.49,1011.2,27.28,54.22,23.23,79.393
4.582,130.9,683.51,21.17,46.64,5.04,3.757
7.302,37.01,807.27,17.8,78.83,32.92,13.476
3.537,217.08,570.44,26.65,86.5,18.2,4.575
12.004,227.61,1206.26,29.55,44.9,27.57,191.59
9.782,141.23,1019.61,25.22,80.22,14.66,41.148
8.578,188.23,953.99,19.75,91.73,17.83,57.363
8.629,321.85,912.28,36.49,51.15,25.13,72.158
9.794,38.91,997.54,30.16,88.51,15.86,48.395
13.243,253.3,1232.32,31.44,48.14,34.65,241.985
5.492,249.23,712.19,19.9,62.29,18.84,18.125
4.275,290.75,618.69,24.27,51.67,14.99,8.117
13.75,217.98,1256.1,38.13,84.37,23.46,141.564
8.528,236.64,934.01,30.17,69.6,23.2,72.446
11.041,253.4,1091.97,28.01,57.89,22.41,114.879
10.709,276.74,1065.89,22.48,52.06,8.56,7.777
4.748,25.64,679.29,21.31,79.72,17.04,12.522
12.269,52.93,1212.18,37.74,70.26,5.99,1.424
3.248,280.09,532.77,18.97,76.84,34.75,0.167
11.693,72.38,1111.65,21.29,65.4,29.43,176.675
3.55,163.0,560.48,39.11,88.48,14.61,4.684
10.338,0.17,1025.07,15.7,78.72,32.3,99.672
9.836,101.86,1038.68,27.19,85.46,29.14,93.064
4.128,261.5,638.09,21.8,79.17,9.59,5.809
4.667,18.95,668.12,18.59,57.47,5.85,4.363
4.973,247.77,710.58,16.12,83.07,32.09,2.27
12.119,160.48,1160.25,30.42,43.01,8.8,5.637
8.297,67.6,942.52,30.45,53.88,19.4,55.778
11.47,112.79,1146.01,38.21,55.58,10.87,12.031
12.057,88.43,1149.24,37.47,74.9,26.91,169.011
7.558,23.84,859.71,37.97,51.39,6.59,7.867
4.517,32.11,692.21,16.03,63.22,28.7,2.996
10.276,266.16,1021.26,35.11,42.26,12.29,21.602
13.949,333.81,1246.89,17.97,66.69,34.42,296.101
5.243,258.59,704.62,31.29,91.44,27.74,6.223
12.177,329.77,1217.52,17.78,79.58,23.77,154.437
8.844,33.13,936.65,24.57,40.93,9.95,16.096
5.417,190.11,712.17,24.41,94.53,7.55,7.652
11.861,9.82,1185.16,35.06,91.1,32.55,178.992
9.128,319.44,1006.9,39.93,77.4,9.21,11.573
12.242,285.51,1183.94,26.24,88.55,14.29,26.0
10.253,325.27,1015.33,30.14,77.49,18.54,75.314
5.033,140.65,675.59,29.8,71.11,5.5,5.081
4.725,180.79,680.22,21.56,74.27,24.01,7.889
9.853,94.08,997.27,15.25,42.44,23.66,94.33
7.017,172.53,828.39,28.03,60.7,22.29,40.855
10.031,338.51,1048.94,35.8,41.35,11.61,19.847
13.116,66.35,1267.82,24.6,94.25,13.86,16.832
10.368,309.28,1028.24,32.31,71.71,26.13,126.093
5.59,200.64,729.73,28.7,79.85,5.05,4.905
13.151,353.52,1277.86,32.48,89.69,25.36,182.617
6.33,110.94,797.62,36.23,67.02,6.71,7.578
4.153,262.01,566.57,32.28,87.05,25.36,3.386
4.871,260.13,671.0,26.3,58.05,28.32,3.982
11.23,225.76,1108.53,38.46,69.13,34.55,112.944
4.935,248.81,677.15,17.65,42.87,27.86,4.63
3.603,54.07,605.7,33.81,72.86,29.98,1.111
6.594,128.59,800.26,39.23,48.57,6.67,7.592
11.389,153.49,1133.75,38.17,76.04,28.9,173.029
4.742,37.25,638.81,24.68,64.03,8.54,7.049
4.807,102.84,682.17,19.01,86.93,31.72,2.271
6.824,63.75,795.42,30.56,60.21,9.79,14.321
9.381,61.6,960.9,38.38,57.94,27.02,84.176
6.343,106.92,818.23,33.77,67.42,17.83,25.966
5.156,162.67,710.83,28.89,79.05,17.52,15.722
6.213,182.9,799.28,28.58,90.04,22.51,25.324
12.885,116.37,1212.26,27.42,79.76,30.85,245.052
13.352,18.81,1208.44,26.6,80.13,30.93,260.579
3.733,134.66,660.56,31.03,57.22,14.94,6.899
8.534,1.0,905.59,36.81,63.36,23.52,72.401
3.51,262.61,579.08,16.18,82.72,5.2,1.823
13.472,140.31,1280.15,27.68,83.02,5.95,0.365
6.253,150.31,797.5,34.08,58.16,9.88,12.866
10.033,56.84,1036.85,23.37,46.04,21.83,95.554
4.92,294.13,714.21,33.03,54.6,31.37,0.974
4.479,177.34,696.25,21.09,92.6,20.34,9.292
5.899,307.08,781.71,30.75,57.33,33.44,4.092
6.034,271.37,781.87,29.01,53.22,31.93,5.571
13.889,81.74,1262.72,27.51,76.34,23.09,124.585
9.755,270.84,1066.41,25.83,59.11,24.35,92.101
9.601,122.31,990.14,18.34,79.35,8.89,10.188
3.077,249.48,538.47,16.64,44.94,18.73,1.798
11.428,44.1,1128.92,22.18,73.4,5.76,2.786
8.971,258.48,950.14,38.23,42.96,34.86,28.94
6.544,270.69,764.71,30.88,45.61,33.86,4.713
3.678,304.88,602.91,24.05,66.99,32.33,0.08
13.913,128.74,1317.06,33.39,49.24,5.5,0.584
8.598,105.99,879.89,17.25,68.25,17.21,46.323
5.986,12.97,754.03,26.63,64.36,16.2,24.285
4.314,357.35,650.03,18.02,42.65,18.43,9.34
8.125,0.8,919.83,35.9,64.35,24.72,55.833
3.326,308.74,558.35,25.05,89.95,11.34,4.128
7.016,36.21,838.03,35.43,54.44,30.43,17.361
6.445,279.49,773.9,24.0,85.64,18.89,28.864
3.677,147.32,622.19,30.48,47.23,24.69,2.969
12.027,139.92,1146.02,31.82,89.01,5.63,1.29
8.761,64.12,954.38,25.62,41.07,29.43,58.847
10.238,9.77,1024.16,30.6,87.74,28.33,122.957
9.419,120.36,989.15,34.53,51.3,10.84,17.992
6.807,228.52,781.25,25.58,51.25,25.85,28.421
5.954,249.38,716.27,21.07,69.73,19.94,22.572
3.03,202.02,541.31,17.21,83.09,7.62,1.696
10.929,84.11,1085.97,26.83,57.92,11.06,13.952
5.925,59.91,780.82,17.04,89.79,27.75,11.386
4.081,176.28,630.12,27.13,73.09,19.56,7.814
11.943,232.52,1183.76,36.04,79.86,10.18,9.529
3.556,182.7,581.49,18.54,88.36,24.76,2.707
10.879,310.15,1096.94,17.81,66.99,7.94,4.997
12.688,211.01,1233.02,26.9,84.17,9.24,4.948
12.574,356.99,1212.04,29.78,40.82,20.34,94.387
4.805,99.0,708.59,17.44,42.4,24.6,7.52
13.41,80.33,1224.34,30.67,45.26,11.29,6.801
3.384,355.31,578.14,37.69,86.18,10.12,3.331
10.779,230.08,1109.71,27.45,52.26,11.98,19.247
8.509,273.62,921.24,16.17,74.55,33.68,26.895
10.578,221.86,1060.8,28.83,94.96,16.56,54.148
7.969,228.19,899.57,25.43,42.4,8.98,13.403
3.108,302.32,554.5,31.41,63.8,25.03,0.434
5.344,54.85,695.99,29.38,46.39,14.98,15.244
9.963,36.15,1002.88,21.0,54.1,25.66,111.784
13.824,295.37,1294.43,23.16,72.44,29.76,271.833
6.138,338.58,759.97,38.26,54.11,22.52,25.004
11.088,158.1,1136.36,23.8,65.64,6.65,4.459
8.384,283.28,957.23,22.67,46.91,17.36,49.094
9.259,211.25,956.4,38.53,84.73,14.03,35.802
6.357,249.76,801.17,24.08,57.02,14.55,23.532
6.488,253.19,778.62,27.79,68.09,16.37,26.988
12.51,318.52,1200.71,30.26,89.23,19.27,82.203
9.139,55.89,975.85,20.94,72.78,23.28,87.305
13.433,122.48,1234.76,28.17,73.84,34.98,253.588
11.232,358.74,1113.68,33.45,94.93,12.72,22.356
4.806,114.24,666.61,34.06,83.77,25.32,5.523
6.026,35.26,766.14,22.2,47.56,18.66,26.54
4.609,160.04,637.1,37.85,72.96,6.48,5.727
10.423,308.12,1088.26,20.91,52.91,24.92,121.637
9.111,176.24,961.66,26.4,52.44,5.02,4.107
6.756,190.6,773.8,39.19,65.3,31.78,12.106
11.641,348.96,1170.6,38.6,48.75,29.0,180.768
11.48,133.04,1088.55,17.5,43.35,21.92,112.938
10.58,185.72,1077.66,32.75,45.13,33.63,97.156
9.824,65.28,1013.56,18.0,84.98,9.05,10.04
10.068,148.23,1003.56,19.74,76.19,34.46,64.238
6.733,291.87,790.44,19.89,55.61,28.06,19.165
7.893,225.16,912.67,21.76,85.58,11.47,20.752
6.201,99.73,778.45,19.9,74.47,30.98,7.104
9.742,29.18,1016.26,33.51,81.96,11.65,21.821
6.227,81.87,751.79,31.44,76.04,10.12,12.199
5.799,180.98,755.48,35.98,80.52,9.06,10.727
13.018,60.13,1260.07,27.39,84.61,23.0,134.764
3.859,52.74,566.49,36.29,71.29,10.37,5.137
11.418,358.7,1129.47,22.27,74.29,16.52,53.237
9.412,293.27,979.8,23.89,84.89,33.02,53.896
9.22,177.48,936.26,29.41,45.87,6.69,6.754
4.172,192.55,674.86,16.32,55.18,19.0,7.258
7.288,42.17,828.16,36.63,52.22,19.14,42.511
4.013,353.85,596.58,15.48,61.23,19.14,6.863
6.435,210.81,767.91,38.28,66.11,30.73,10.173
7.961,230.0,848.31,34.85,80.98,15.98,38.585
3.82,139.83,635.93,36.52,90.92,7.33,4.247
4.748,146.54,703.97,39.56,66.1,7.8,6.962
9.553,187.67,1037.94,15.78,87.88,6.58,5.234
7.187,83.69,846.27,15.62,42.04,21.71,38.053
13.26,243.54,1231.91,19.0,94.77,30.47,247.516
11.817,121.2,1149.2,35.42,78.71,29.35,185.976
7.757,33.21,885.43,24.26,89.47,16.55,42.511
5.478,359.65,753.97,38.14,88.92,18.23,19.367
13.87,92.03,1292.77,25.6,87.68,17.28,36.497
10.678,140.34,1058.92,27.33,75.42,15.67,45.964
11.268,338.29,1117.84,33.9,56.18,15.8,43.904
11.599,93.86,1114.29,39.69,60.14,16.26,41.942
5.524,29.92,732.0,36.05,92.79,24.4,13.373
6.191,270.26,779.87,27.79,66.72,17.85,24.963
4.351,136.83,623.89,23.58,88.84,32.81,0.657
4.055,267.18,622.73,33.28,77.5,5.14,3.302
6.82,243.57,747.21,21.53,86.23,6.82,7.458
8.771,301.59,948.2,15.67,84.25,27.45,68.384
12.817,354.97,1201.8,31.12,92.23,24.01,161.625
7.932,275.59,891.38,26.22,71.08,8.99,11.889
11.07,331.91,1142.75,30.8,75.64,14.1,31.485
7.231,60.33,839.13,26.94,62.2,31.59,18.266
8.808,22.22,913.52,32.32,90.7,17.93,57.111
11.823,333.51,1154.64,34.07,52.79,20.9,105.269
8.977,145.46,990.36,25.98,77.11,16.19,48.623
4.183,343.51,646.61,30.06,52.23,13.5,8.134
8.306,232.45,927.59,31.06,73.93,11.49,22.018
12.897,7.3,1245.49,15.21,48.08,16.04,34.654
9.737,138.83,985.26,22.95,84.09,18.57,69.846
7.029,293.27,815.34,16.04,79.51,23.94,35.052
3.716,112.23,651.57,25.18,83.47,9.73,5.26
9.208,349.17,983.17,22.22,76.18,20.92,84.76
3.156,204.58,559.23,33.0,48.45,20.73,1.556
9.506,14.33,1022.12,39.01,65.08,27.51,89.229
13.446,174.43,1260.01,30.48,45.57,22.73,140.88
9.071,171.39,978.43,32.45,66.17,17.48,58.942
9.282,51.55,960.33,23.63,49.32,7.53,8.86
3.178,143.9,546.7,30.23,75.85,5.05,2.119
10.579,19.82,1043.19,27.84,47.27,16.95,57.76
11.18,25.68,1087.84,15.22,45.16,12.31,19.776
7.991,2.33,907.64,16.56,41.14,9.21,14.018
10.974,60.94,1138.38,24.89,85.58,6.26,2.213
4.054,268.27,674.79,18.05,93.16,21.38,5.395
3.75,136.37,602.82,19.9,54.77,16.46,5.885
8.095,221.76,968.57,37.52,86.37,13.45,27.402
6.354,29.36,739.65,35.08,82.73,21.76,27.57
11.181,130.61,1154.01,29.19,54.15,22.7,125.181
6.623,227.2,841.85,18.04,64.53,19.54,32.741
12.544,56.14,1210.67,23.17,86.96,14.48,25.111
3.396,56.54,589.45,21.89,80.64,20.55,3.022
13.609,51.09,1270.12,23.14,83.97,25.86,198.733
13.423,222.37,1277.98,39.27,40.11,34.05,258.389
10.159,49.79,1046.14,20.38,93.07,18.89,75.484
6.524,181.15,787.21,27.44,46.87,5.07,5.194
3.183,32.44,578.95,20.16,84.11,28.34,0.896
7.569,153.11,858.99,33.3,84.91,10.02,16.832
8.613,176.11,930.07,15.27,90.16,30.02,51.46
6.292,155.66,759.0,15.78,71.82,18.47,28.802
12.204,62.87,1217.02,24.46,74.8,30.47,197.846
13.4,112.28,1268.44,30.25,43.85,28.76,242.194
8.42,354.23,913.55,22.45,94.87,29.91,48.42
6.528,180.77,770.48,21.62,56.76,26.51,22.646
4.298,247.63,631.56,37.51,64.76,18.97,8.187
11.21,76.28,1137.24,36.06,68.66,9.38,7.15
11.613,62.47,1158.37,26.71,60.77,27.01,169.867
9.947,46.11,1029.07,36.53,82.27,17.85,63.16
6.359,226.08,777.29,31.19,50.4,9.66,12.417
4.101,108.09,667.32,24.62,57.95,13.82,6.282
12.89,72.45,1239.96,39.75,49.47,12.47,12.172
11.684,119.84,1105.04,21.12,59.2,34.58,137.246
11.516,188.59,1150.37,39.08,82.08,25.13,151.187
6.336,324.59,784.94,18.72,40.29,26.0,20.116
9.019,40.7,957.02,20.82,74.96,23.34,83.701
12.902,241.92,1271.24,27.05,40.44,8.46,2.58
3.869,269.53,622.12,28.21,75.02,15.61,5.874
9.705,57.76,971.02,16.83,59.7,17.15,56.009
3.43,279.28,549.44,24.41,89.41,5.68,2.576
12.757,295.3,1250.46,30.14,83.21,16.12,37.069
3.423,337.88,615.03,28.92,45.09,12.94,4.693
5.431,12.78,719.28,26.49,52.39,15.08,17.21
9.224,52.57,932.53,31.08,74.57,20.78,74.64
7.209,71.16,801.78,19.12,61.65,25.85,33.162
4.105,111.38,602.68,16.98,43.38,20.09,7.061
12.386,310.01,1185.28,39.81,55.2,10.58,9.591
10.933,105.06,1035.6,29.8,41.69,12.72,21.863
7.196,40.33,855.53,38.51,67.84,20.19,43.181
11.206,148.69,1097.3,22.51,79.83,29.99,155.156
12.991,313.95,1214.84,23.89,55.64,28.71,238.473
6.221,315.76,735.01,18.34,67.96,9.86,12.441
6.357,294.06,811.56,26.46,71.02,10.61,14.604
11.774,122.35,1138.84,32.3,41.45,8.66,5.105
3.104,108.07,597.38,29.79,61.97,19.2,3.064
8.794,288.08,951.26,24.29,71.12,15.39,41.704
10.738,196.7,1078.94,24.61,47.04,30.49,132.332
5.364,203.95,714.4,35.03,90.95,27.38,7.946
9.917,46.03,1031.97,23.66,59.32,24.76,113.671
12.53,132.92,1218.33,32.33,64.99,11.55,10.282
4.933,129.17,709.78,22.79,69.2,8.69,7.024
13.998,265.71,1315.13,17.92,64.47,11.19,5.399
9.129,148.05,962.07,37.29,85.78,7.6,7.91
7.716,111.25,865.6,20.51,67.25,32.95,18.268
5.541,342.33,756.3,37.1,51.87,25.43,11.66
3.922,20.31,575.01,23.75,85.15,34.83,0.06
6.639,57.26,783.38,37.72,51.71,25.2,25.632
5.223,44.88,683.81,17.06,48.48,33.0,1.569
7.628,192.07,858.73,33.06,66.16,19.16,50.385
6.636,113.22,826.31,24.93,64.19,18.19,32.431
13.383,340.14,1251.34,15.9,61.11,33.0,274.111
4.413,263.81,632.33,22.84,87.04,30.84,1.722
6.204,151.33,815.94,35.54,53.01,7.61,9.305
7.197,229.4,863.71,28.55,57.17,30.29,20.499
4.093,14.86,647.07,32.91,76.1,34.31,0.423
5.748,83.12,733.87,24.23,46.73,22.84,17.78
3.979,294.89,658.15,24.97,50.96,27.04,1.552
5.645,223.24,719.47,38.87,44.32,25.45,12.351
13.486,110.85,1246.76,36.74,41.63,15.11,22.7
10.43,323.07,1070.39,26.27,66.88,31.66,108.148
12.886,295.86,1246.12,33.71,83.53,7.91,2.112
5.689,272.8,748.39,37.14,52.19,26.17,10.352
5.165,119.71,676.83,33.36,65.48,31.24,2.975
7.985,21.01,932.42,35.68,87.65,16.45,42.4
7.694,337.08,931.48,29.39,77.06,26.36,42.462
7.692,341.49,838.59,25.52,73.9,27.06,43.442
4.495,274.77,686.38,21.37,54.91,6.92,5.261
10.397,5.04,1029.5,33.81,54.3,20.44,92.214
5.314,209.9,720.67,34.3,42.75,24.8,11.148
4.709,324.6,681.07,27.21,61.31,8.65,8.342
5.371,243.72,724.96,30.79,47.98,22.77,13.965
11.875,201.25,1107.65,36.4,92.45,8.86,5.208
7.546,0.98,840.02,36.19,92.53,17.63,42.918
3.088,184.11,515.34,39.13,63.71,27.48,1.002
4.388,47.22,669.22,29.93,44.76,11.75,8.736
8.614,326.51,894.83,39.68,62.2,7.41,8.402
13.429,72.33,1266.29,20.16,86.52,13.69,14.804
5.706,86.14,736.54,18.44,93.43,17.8,18.76
5.006,288.54,653.77,23.57,53.59,6.88,5.817
12.475,316.13,1160.03,23.01,81.44,8.31,4.06
5.359,39.5,699.59,19.24,45.26,10.83,12.531
4.894,33.48,678.53,33.45,91.98,15.01,13.315
5.066,101.97,720.38,15.31,66.04,24.04,9.205
8.555,117.27,912.18,22.54,80.97,26.27,65.806
8.927,41.36,922.62,36.18,87.03,21.73,74.693
4.946,272.93,627.23,37.36,89.8,33.75,1.022
6.074,14.39,765.85,34.47,43.19,11.24,15.451
11.406,136.53,1092.4,16.35,78.75,23.59,136.72
13.117,248.3,1239.02,20.48,66.97,19.76,79.393
5.513,31.24,740.05,23.49,53.11,32.66,2.311
11.545,89.61,1096.62,36.6,44.8,29.81,156.941
4.489,262.92,610.24,39.44,74.14,16.0,9.417
11.409,341.73,1140.44,34.33,88.22,31.01,157.558
12.812,83.91,1209.49,39.47,64.23,14.34,20.842
4.045,310.44,624.63,37.4,77.6,32.06,1.369
11.243,274.29,1118.2,27.99,94.24,25.14,139.662
13.06,12.66,1238.64,33.39,58.44,27.08,217.963
4.247,317.8,680.61,19.95,80.14,6.59,5.25
3.877,3.88,591.94,24.93,55.48,30.28,1.171
8.517,96.04,921.6,27.72,67.95,19.01,55.64
9.04,355.7,956.54,23.74,67.53,26.97,81.124
6.911,252.21,827.4,26.93,45.44,32.52,10.692
9.618,105.74,1026.88,16.68,87.71,26.25,94.677
13.341,287.97,1254.04,30.97,71.41,30.81,258.122
13.59,260.17,1293.69,33.4,51.23,20.5,82.531
7.375,187.28,883.83,25.64,93.41,14.05,29.933
3.195,82.43,549.83,38.55,91.66,34.88,0.707
12.661,329.71,1211.13,21.54,45.32,18.29,64.286
7.477,303.81,833.52,39.96,52.26,13.47,27.424
7.109,157.41,833.94,21.22,94.42,25.68,33.464
13.932,194.38,1290.97,34.66,91.8,26.55,215.209
8.256,108.37,887.36,22.93,68.68,7.1,8.037
10.642,204.41,1100.58,25.28,60.72,30.72,129.342
6.688,227.17,801.34,25.1,43.75,30.52,14.248
6.789,71.06,830.22,31.63,68.17,21.75,34.7
12.184,207.5,1180.34,29.65,87.64,10.35,9.744
13.833,18.19,1309.72,28.0,58.25,34.17,304.257
3.325,63.13,601.03,17.6,77.26,12.55,4.059
12.729,287.36,1228.55,33.07,51.98,9.47,5.742
3.689,318.4,575.05,26.0,84.1,29.79,0.597
4.787,26.95,630.43,27.01,88.53,29.44,2.427
10.999,105.96,1089.14,18.53,92.05,29.47,139.145
8.445,178.46,944.2,21.69,82.18,7.61,9.558
8.282,121.35,902.58,15.49,91.32,7.41,7.916
4.581,247.47,657.74,31.56,79.96,7.41,6.026
12.904,251.67,1208.26,39.35,57.54,19.44,70.802
6.04,174.32,740.92,39.73,57.4,18.0,23.904
8.582,58.65,911.05,34.25,86.62,27.52,60.524
8.087,243.39,930.54,39.3,46.76,34.02,19.107
12.397,236.06,1163.01,30.13,44.75,5.03,1.592
12.489,353.0,1212.03,30.92,40.08,30.85,232.761
11.524,265.16,1085.13,22.65,50.07,33.47,130.997
3.001,348.97,512.15,20.49,69.98,17.6,2.658
11.614,103.26,1102.11,37.45,58.73,7.63,3.415
11.391,194.59,1141.29,28.57,80.29,20.34,97.371
10.667,216.8,1083.62,19.84,49.81,10.01,12.585
9.082,335.33,956.39,27.53,41.41,16.16,49.423
13.871,285.31,1286.63,28.28,83.24,25.81,195.161
7.252,116.75,842.67,15.11,47.88,11.15,18.023
13.021,40.18,1259.28,18.22,49.53,12.76,13.624
4.519,151.76,669.29,22.65,53.12,5.09,3.148
6.094,326.15,753.16,24.25,80.65,13.59,20.583
9.271,237.42,987.25,25.6,49.75,18.15,62.808
3.027,352.82,527.18,18.81,77.42,7.11,2.288
3.539,91.82,549.17,28.14,86.5,13.19,4.365
9.919,235.89,1002.59,20.98,73.17,12.34,24.274
12.607,281.31,1194.5,30.99,81.57,20.16,85.044
10.969,189.71,1105.74,35.47,70.47,16.96,59.761
9.389,190.56,958.29,23.64,46.75,26.6,95.461
13.634,36.9,1276.28,39.95,59.17,6.11,0.466
11.891,228.59,1161.41,35.85,74.75,19.71,88.385
11.06,129.57,1161.02,17.85,73.2,12.67,20.812
13.062,145.4,1252.3,31.67,91.13,32.26,251.052
11.58,260.89,1160.05,16.44,61.7,17.25,55.098
9.943,66.64,1003.36,17.2,43.11,34.43,59.15
11.872,193.79,1148.1,25.33,64.37,19.46,85.495
8.861,24.34,935.11,30.22,59.74,17.91,59.278
13.446,206.7,1239.57,29.21,51.95,13.42,15.464
10.355,56.82,1071.36,21.41,61.34,9.54,11.075
13.823,249.45,1314.03,27.45,61.42,28.4,249.81
4.221,193.15,644.95,25.22,61.64,5.64,4.574
5.62,131.16,718.35,26.81,54.54,21.52,18.702
8.234,53.07,908.24,24.92,78.48,9.2,13.755
13.216,254.49,1243.17,36.09,67.95,28.24,219.295
11.713,9.73,1119.88,30.55,72.38,25.6,168.515
10.7,57.98,1099.62,32.43,54.73,25.7,125.315
13.228,23.33,1221.43,21.68,41.58,11.7,9.236
10.929,175.6,1114.19,21.83,86.0,34.74,100.24
12.25,222.7,1143.12,24.79,79.37,22.22,124.984
9.996,164.35,984.12,18.74,47.78,16.37,52.821
10.425,272.23,1062.32,23.09,53.31,19.9,82.439
4.494,279.06,629.8,33.55,87.08,31.19,1.5
13.887,169.33,1248.85,37.32,64.03,25.76,188.623
12.868,38.98,1200.95,23.96,87.9,5.29,1.393
13.237,185.66,1256.78,36.82,48.52,15.26,27.195
3.07,9.11,551.2,30.3,82.37,15.44,3.161
8.827,333.84,918.62,38.2,52.05,30.95,50.001
12.533,92.21,1208.73,23.9,63.99,7.88,3.211
11.174,192.99,1139.95,30.38,55.38,28.21,163.583
9.321,236.14,969.94,37.75,62.11,6.55,5.389
9.068,114.06,970.57,29.59,72.3,27.14,77.742
10.412,156.73,1082.78,24.23,43.58,11.26,17.181
12.938,234.28,1242.14,16.59,47.71,26.15,191.618
8.527,40.71,953.84,26.33,50.49,28.84,55.755
5.521,190.93,675.11,16.73,57.27,29.16,6.249
9.413,272.78,926.25,37.22,61.81,12.04,20.023
11.589,67.35,1159.08,22.17,59.83,14.61,32.007
12.508,201.47,1230.49,19.74,45.88,6.6,2.333
10.719,196.67,1061.67,33.61,69.06,33.07,108.694
3.748,350.38,626.82,21.81,40.85,33.21,0.0
7.707,356.42,885.43,26.48,74.22,30.33,30.677
3.566,343.04,585.74,21.34,65.15,16.97,5.044
4.685,9.88,681.1,34.65,79.97,5.2,3.738
10.136,111.14,1007.53,30.65,87.94,9.16,10.567
12.785,280.82,1206.24,34.47,52.16,23.85,148.103
12.457,155.8,1151.06,16.38,94.19,23.53,148.738
12.179,306.93,1152.24,31.1,78.29,31.74,198.072
5.34,289.59,663.7,29.32,93.21,14.25,13.83
5.932,166.2,769.09,36.91,86.38,31.09,6.683
3.909,284.67,657.12,34.4,80.26,5.55,2.563
4.372,49.71,592.55,25.56,82.99,28.08,2.639
6.393,90.42,821.68,31.31,49.26,22.43,25.662
4.438,233.29,635.56,34.05,47.35,23.97,5.761
9.074,281.8,1021.39,38.71,83.39,21.12,68.346
4.075,94.74,585.33,39.46,53.74,5.39,2.808
6.396,78.07,765.4,19.9,88.51,9.6,12.317
7.008,115.16,793.56,39.11,89.9,6.02,6.652
10.242,120.12,1034.76,28.84,41.73,22.27,100.073
6.846,316.98,793.42,33.84,69.95,30.95,14.92
3.585,33.31,556.99,22.85,52.15,29.14,0.664
6.663,194.56,768.53,29.0,42.71,32.32,9.698
11.802,222.92,1146.41,33.1,45.86,20.59,102.679
11.877,125.12,1160.46,33.94,74.9,13.85,24.865
7.705,33.36,873.47,29.92,72.67,6.07,7.188
12.544,146.4,1224.1,24.09,86.39,21.09,106.859
6.982,308.4,830.85,22.84,58.29,16.97,34.053
8.474,288.96,909.31,25.64,59.83,22.99,66.665
4.856,82.31,715.76,22.04,82.56,21.83,10.529
12.182,65.16,1156.91,24.53,93.49,24.39,154.271
8.791,141.15,930.42,22.8,88.76,11.54,22.07
6.687,338.57,815.85,31.48,81.35,7.46,10.017
5.196,243.92,727.43,19.92,63.7,31.9,1.543
4.802,182.43,631.23,26.87,56.34,28.66,4.063
7.902,269.33,891.51,20.67,74.13,27.91,39.842
3.838,251.62,627.87,36.69,70.67,21.39,3.958
10.329,188.16,1045.7,38.69,84.77,24.04,118.272
11.264,250.64,1094.85,32.02,56.74,13.22,23.388
12.518,70.31,1164.97,26.92,71.61,15.42,32.213
6.757,174.64,787.2,29.29,86.67,12.29,21.82
6.181,53.76,754.39,18.11,67.83,14.4,21.756
9.435,341.68,1018.08,18.15,45.75,17.96,63.481
6.424,90.4,792.27,16.67,63.43,6.44,5.908
12.152,240.3,1168.91,21.3,90.06,34.98,163.588
8.415,345.73,932.5,36.08,41.1,7.87,9.387
7.789,242.35,902.88,24.49,91.98,19.22,49.031
5.066,153.17,692.7,39.29,54.86,13.01,12.622
9.922,182.46,1043.24,15.39,40.32,24.27,112.077
10.227,107.67,1032.67,23.62,57.14,30.71,102.841
10.167,117.68,1056.7,34.37,69.84,6.09,3.453
12.593,62.94,1223.25,24.85,79.96,21.05,102.15
5.654,187.37,704.76,37.12,61.04,30.73,5.364
10.849,352.45,1082.47,31.3,41.28,32.84,118.3
11.664,260.45,1148.42,24.63,53.79,5.21,1.561
10.387,94.22,1050.32,32.83,46.84,7.51,5.439
8.646,83.08,922.17,16.32,49.75,26.43,63.041
4.526,359.57,610.49,19.58,51.37,23.39,6.778
6.564,94.22,790.63,20.19,90.42,22.55,28.303
5.864,84.18,770.34,20.27,86.38,24.71,16.314
7.027,212.29,831.38,16.31,83.66,33.84,8.33
9.197,319.91,1006.25,34.22,86.39,15.4,43.723
9.76,156.36,1007.19,18.63,43.26,5.77,4.251
9.178,254.37,995.79,18.91,54.04,12.75,26.399
10.691,41.2,1085.76,36.31,56.0,30.64,122.01
10.713,156.32,1146.63,25.5,79.45,9.69,9.869
6.968,103.87,836.39,35.66,63.54,27.57,24.038
9.327,65.93,966.47,19.73,54.29,32.4,56.254
5.064,232.66,657.92,22.98,71.52,21.96,12.72
4.712,22.97,655.66,27.06,87.7,23.68,8.544
8.043,143.33,922.76,22.87,48.93,25.2,54.714
9.797,119.93,993.18,25.89,69.48,15.41,44.668
7.995,75.66,900.33,33.38,44.31,11.73,21.58
11.362,251.94,1133.32,27.9,59.6,28.55,167.49
4.964,108.47,693.03,33.43,51.8,28.27,4.173
6.647,282.3,797.73,22.21,67.86,17.75,30.459
8.724,72.07,929.0,32.33,59.91,6.08,5.722
12.428,337.76,1160.64,32.23,91.26,15.56,36.223
8.392,244.9,925.54,22.16,60.89,28.59,51.489
13.481,260.55,1265.37,31.01,84.51,27.46,214.866
8.172,346.49,909.33,26.9,57.65,6.39,7.001
13.01,14.0,1239.67,20.33,41.11,9.2,4.449
9.403,346.02,1002.44,17.67,45.31,11.73,22.117
5.101,199.98,754.77,37.78,45.43,17.28,14.065
5.537,47.9,741.33,33.6,81.06,11.09,13.126
8.223,120.99,921.83,15.91,57.7,21.31,59.378
7.846,198.16,920.07,35.25,82.12,24.17,52.074
11.377,36.15,1144.87,19.47,69.52,26.19,168.159
7.326,121.57,840.93,34.83,62.8,26.52,33.946
12.047,202.55,1185.72,19.71,41.93,7.49,3.04
8.005,63.36,888.23,32.58,45.51,18.62,51.279
13.868,201.31,1305.93,26.73,75.14,31.38,313.829
12.667,118.7,1207.67,22.1,94.31,23.36,142.129
9.775,156.09,1014.08,30.18,44.31,25.88,108.987
7.803,337.68,866.88,39.78,71.32,20.74,52.647
4.191,205.02,620.56,31.15,88.78,34.1,0.183
13.023,165.64,1245.73,24.72,49.53,25.88,203.166
3.097,51.13,505.38,17.28,58.53,20.59,2.13
7.361,78.39,842.14,38.05,64.92,31.39,18.239
3.377,181.69,557.23,35.37,73.25,17.98,4.194
12.763,191.89,1216.8,35.34,85.83,16.56,42.743
13.052,21.37,1264.87,31.78,62.28,14.14,20.165
9.773,303.25,995.13,20.17,73.75,28.71,97.513
11.24,28.14,1121.24,23.5,64.14,11.15,14.771
3.605,238.02,567.76,18.6,58.18,23.89,2.807
13.887,274.8,1236.01,28.7,73.54,31.03,251.342
6.293,92.11,738.92,19.03,45.49,10.01,12.141
4.116,124.42,605.87,36.75,91.32,24.28,4.129
11.374,272.37,1142.6,37.38,45.91,24.6,135.235
12.601,259.4,1216.49,33.21,74.04,33.92,198.026
11.197,105.05,1089.89,23.96,43.28,26.12,152.424
10.42,172.51,1038.16,21.82,48.89,11.58,19.226
7.561,25.98,859.72,19.57,84.21,25.76,43.992
10.582,251.77,1051.38,33.5,49.81,26.72,131.015
3.144,104.13,581.45,21.34,69.53,23.87,1.626
4.521,242.17,677.3,38.23,78.46,17.0,9.124
10.165,270.53,1066.36,19.64,83.64,30.68,92.969
3.211,35.24,593.49,31.19,45.62,28.08,1.403
7.288,336.87,812.39,37.09,82.86,19.65,42.271
4.775,218.87,701.33,36.05,72.28,12.41,10.574
12.535,36.55,1227.23,35.77,57.5,24.48,164.435
5.593,158.35,744.96,18.38,86.51,22.96,16.337
3.019,140.14,527.33,22.71,75.59,15.37,3.171
8.068,276.71,923.16,19.96,44.75,14.7,34.357
5.641,8.93,720.89,19.99,87.78,32.38,4.3
7.573,160.21,884.71,21.29,89.56,7.1,9.675
4.104,32.92,621.23,25.36,52.47,28.69,2.467
6.312,50.77,744.26,31.4,50.86,5.53,6.412
12.686,221.36,1200.28,39.92,75.31,22.05,117.922
5.714,128.08,763.42,24.52,58.84,17.96,20.612
3.968,144.34,623.28,25.47,89.88,32.83,0.732
6.573,66.15,811.18,33.87,47.46,11.49,17.739
6.397,237.58,750.02,33.13,85.31,22.04,26.376
10.832,214.59,1056.21,25.16,93.54,34.96,91.868
5.433,63.46,744.01,31.73,67.29,5.2,4.639
7.765,31.8,886.2,19.91,78.06,14.7,34.048
3.45,110.94,645.02,39.5,67.67,31.7,0.384
3.16,143.96,599.92,18.54,74.89,22.13,1.775
5.78,311.64,776.37,31.89,46.9,11.03,13.409
13.214,336.36,1246.59,19.18,91.29,31.21,262.577
13.419,94.14,1242.72,22.83,55.67,24.44,159.981
11.446,220.03,1101.19,25.84,76.25,32.81,151.712
7.25,184.98,852.08,32.73,40.26,11.18,19.064
4.459,221.42,641.28,29.02,84.13,29.35,1.118
12.128,0.42,1182.88,31.02,62.94,22.0,124.959
3.776,308.42,594.52,22.08,45.17,27.04,1.697
6.902,342.32,828.29,39.37,80.65,22.49,35.298
6.589,248.78,782.19,24.96,85.05,9.73,13.497
8.519,203.87,936.79,32.77,43.94,21.97,68.328
7.184,25.18,826.73,38.39,73.83,26.95,30.907
13.485,162.65,1222.37,29.98,90.11,6.3,0.966
9.253,68.84,986.2,35.35,88.31,33.67,44.788
11.104,294.53,1112.06,39.01,80.39,19.06,76.428
3.27,303.47,527.12,18.47,52.89,15.88,3.486
9.306,119.0,969.91,36.8,45.36,9.62,12.474
13.477,167.29,1273.2,18.68,42.51,21.6,113.571
5.448,207.48,730.46,30.43,59.77,12.23,14.697
11.41,223.22,1142.21,27.43,80.78,29.71,167.924
8.035,56.64,955.62,28.78,65.73,29.65,35.422
5.705,2.77,767.22,28.78,56.12,29.29,8.485
11.338,301.0,1103.58,23.23,56.75,16.3,46.937
8.055,71.26,928.01,37.46,48.54,14.28,31.589
10.439,303.97,1050.18,30.9,84.52,20.17,87.813
7.829,18.13,885.69,36.07,68.27,5.14,5.079
5.989,331.95,754.64,20.46,46.58,26.16,16.149
4.278,356.37,624.99,32.52,74.81,10.85,7.305
9.882,358.45,1010.29,39.97,81.42,6.58,6.341
6.105,86.06,780.47,36.83,64.26,22.11,21.324
12.755,347.31,1253.18,18.55,68.6,27.87,218.299
4.226,282.27,646.1,17.16,60.78,17.25,8.693
4.968,299.11,663.61,27.99,68.94,33.33,2.331
10.203,154.02,1045.18,18.32,67.83,32.01,95.12
6.521,256.29,736.89,22.36,42.07,10.26,13.697
12.383,120.46,1232.01,21.69,79.53,28.88,211.182
5.314,125.97,701.59,35.06,52.88,28.97,5.661
7.525,283.45,870.52,21.95,63.86,19.37,44.247
12.054,61.42,1204.94,37.77,43.23,31.62,177.575
12.153,233.6,1207.59,38.5,68.68,30.86,186.959
10.537,302.06,1106.88,28.77,68.91,6.6,3.559
6.138,16.43,767.36,19.78,81.0,28.56,13.231
13.688,183.37,1294.59,27.76,40.81,21.14,95.884
12.34,249.57,1214.61,23.41,52.53,16.48,43.483
3.54,163.08,538.92,24.93,72.07,21.64,3.476
6.021,168.67,789.76,34.29,83.47,30.61,7.669
5.186,343.57,735.93,20.74,67.43,15.44,15.13
3.976,233.42,544.28,34.07,79.41,34.7,0.508
9.102,66.51,977.33,27.93,91.79,25.92,84.069
12.224,62.17,1191.57,30.73,87.07,12.02,13.285
6.014,106.4,744.31,24.54,65.54,28.89,10.056
9.189,79.58,980.0,29.49,86.0,7.74,7.991
7.968,189.34,891.29,33.26,52.43,12.75,27.525
9.803,32.14,1022.59,17.17,74.63,16.67,56.664
7.292,171.62,815.35,24.68,91.14,21.69,45.886
5.944,148.95,792.07,34.9,69.62,34.22,2.679
13.242,187.99,1203.66,18.16,57.02,7.13,1.472
4.162,140.12,636.66,24.83,47.68,12.68,7.528
6.592,158.38,798.85,36.27,57.0,28.73,16.84
11.586,147.57,1160.32,19.9,93.08,22.49,129.303
7.49,342.12,913.58,39.21,72.13,19.31,42.528
10.709,311.13,1086.05,16.71,74.32,29.06,135.367
7.658,296.58,860.16,38.04,53.35,21.37,48.916
6.993,199.72,863.03,20.39,59.02,32.68,11.273
10.207,290.41,1059.82,22.62,42.17,18.7,71.108
12.097,289.45,1196.46,35.79,57.47,32.21,179.672
6.061,245.01,740.35,22.89,61.44,28.19,12.204
13.39,349.61,1264.95,35.55,47.72,20.67,93.533
10.228,249.33,1054.1,30.65,82.24,17.68,63.46
9.943,290.99,1042.56,35.1,88.63,15.17,41.65
6.797,151.57,876.19,23.74,79.13,12.13,19.016
6.819,296.94,813.32,34.95,68.23,20.47,35.105
3.721,155.2,540.84,34.0,78.02,27.56,1.262
12.01,73.5,1137.18,38.84,48.86,19.88,81.004
7.11,47.08,872.92,36.7,78.0,11.57,19.225
9.412,203.49,988.55,20.43,71.08,19.7,78.312
11.946,151.33,1194.31,28.85,85.85,24.84,160.022
3.175,321.02,565.54,16.06,58.65,30.02,0.411
7.951,175.84,862.62,31.81,84.93,23.32,56.469
4.573,330.15,658.8,33.39,71.0,23.14,7.742
3.748,214.16,608.9,29.38,46.13,17.6,4.872
5.934,271.5,701.39,19.69,47.32,7.39,6.653
10.705,139.99,1098.68,26.13,93.17,26.28,137.033
6.501,215.18,776.4,32.9,77.46,28.66,14.997
10.578,224.2,1035.92,23.94,54.96,32.75,101.799
8.986,31.65,975.45,30.91,45.3,9.92,15.755
7.891,296.13,820.35,15.89,42.1,15.14,32.336
6.718,115.96,811.33,19.08,56.24,27.28,21.721
11.784,268.51,1121.38,33.03,69.52,18.26,60.171
13.57,257.63,1282.07,36.6,45.58,22.31,112.747
8.781,22.4,991.74,38.02,86.09,5.66,5.253
5.648,301.07,744.95,35.39,83.44,34.55,1.851
11.219,196.5,1116.53,34.11,44.13,16.71,54.581
6.432,191.86,770.48,32.18,50.78,27.58,18.601
5.372,238.75,750.46,27.04,52.5,5.35,5.059
6.364,279.56,771.53,22.75,76.04,33.93,5.961
4.965,22.62,709.86,33.68,94.18,13.88,12.313
9.614,202.37,1000.55,17.54,65.33,28.45,94.047
8.195,335.51,929.57,29.32,44.18,24.23,61.609
13.687,234.72,1297.93,36.09,67.55,13.37,11.743
7.905,24.53,918.33,15.48,71.58,11.46,21.873
12.24,145.43,1177.62,39.24,57.52,6.7,1.968
13.951,225.3,1274.65,15.84,68.97,30.82,299.036
13.713,123.64,1284.51,15.58,84.23,7.21,0.864
7.691,303.42,925.71,34.21,77.4,26.81,39.473
12.856,178.87,1237.52,25.85,84.11,9.91,5.724
7.961,194.64,900.5,19.47,90.66,14.61,36.763
8.054,42.31,865.64,20.67,66.3,34.0,20.125
10.315,66.51,1067.12,31.79,51.91,34.41,71.535
5.126,279.39,747.99,20.69,65.6,17.61,13.392
8.234,332.64,893.71,38.39,61.34,10.59,18.075
4.284,274.46,622.39,27.63,48.59,20.25,6.59
9.053,12.69,1005.21,27.17,59.75,18.12,60.073
6.79,121.95,795.08,33.75,70.2,7.63,9.513
10.651,64.61,1071.26,18.44,71.23,8.82,8.722
10.178,240.63,1033.06,38.82,45.02,20.64,88.745
13.729,74.81,1258.76,17.7,70.29,12.79,10.226
9.898,98.55,1002.0,28.99,66.31,33.22,66.097
11.553,210.31,1140.32,31.47,44.25,7.02,3.42
8.906,306.92,968.03,39.95,92.48,22.06,75.616
7.6,19.72,877.08,25.25,69.66,18.14,45.702
10.86,101.78,1069.62,37.98,92.34,24.94,129.421
12.255,169.44,1189.19,39.2,62.19,11.28,11.307
11.488,118.97,1126.1,28.28,62.26,11.98,16.951
4.459,105.51,650.18,16.79,87.23,23.47,5.762
10.058,174.34,1029.77,16.17,81.18,17.82,64.967
11.666,331.46,1158.83,21.34,86.1,8.07,3.974
3.155,275.85,558.63,23.75,53.03,34.87,0.151
11.963,120.52,1155.83,32.3,49.07,9.01,5.838
13.944,344.45,1275.92,24.35,48.48,15.84,26.025
8.349,162.84,928.57,34.85,91.32,21.29,64.598
4.535,338.65,645.86,19.5,83.9,11.43,9.067
3.888,18.07,607.83,18.58,81.07,26.59,2.144
13.73,91.45,1297.96,39.34,57.33,25.53,171.229
5.713,247.19,742.97,20.41,70.82,10.65,13.413
13.937,254.21,1280.5,16.66,83.56,22.4,110.66
10.99,94.55,1093.83,27.94,59.71,13.15,24.038
9.605,292.67,1030.38,27.43,47.6,14.47,36.698
6.002,120.57,741.34,18.54,45.89,23.75,19.16
5.854,107.59,730.06,36.23,68.89,23.43,18.111
3.32,22.06,550.66,24.98,84.73,10.95,3.72
3.601,150.0,534.94,38.05,63.41,20.06,4.624
8.851,203.83,947.22,28.83,49.76,16.67,54.257
13.547,87.31,1268.63,18.56,69.15,32.87,267.01
9.371,62.19,980.39,22.64,53.51,20.47,78.742
10.54,51.57,1099.34,15.95,92.67,34.63,78.972
10.1,182.81,1032.78,16.96,61.08,30.21,107.183
10.866,240.92,1131.46,19.13,52.65,30.79,127.049
7.972,171.4,907.01,16.93,42.97,33.92,19.428
7.74,171.29,855.8,22.17,87.98,9.82,15.949
8.145,92.37,921.43,28.3,63.22,28.29,44.267
11.987,356.12,1129.67,18.51,94.14,15.62,38.101
5.833,160.77,750.25,25.87,88.92,21.44,22.603
8.919,27.78,959.04,25.57,80.9,23.38,81.34
9.001,49.89,940.27,20.15,90.13,9.48,12.459
13.479,131.65,1278.22,27.54,73.74,25.68,201.008
3.231,195.64,573.25,21.68,47.02,5.62,1.839
7.538,325.08,850.93,26.43,85.74,26.59,39.142
11.989,67.13,1159.94,36.05,53.95,27.08,174.93
13.445,117.32,1302.39,30.06,64.1,16.22,32.106
11.302,358.19,1127.64,35.01,85.86,8.92,7.905
4.73,289.56,655.32,22.93,79.89,33.37,1.254
13.63,190.2,1280.09,24.28,51.75,22.18,124.013
5.116,124.63,673.81,31.98,67.69,25.44,8.536
10.646,170.48,1051.15,15.86,50.3,16.67,54.437
5.027,268.52,678.03,19.32,70.24,30.62,3.012
13.498,197.05,1232.8,27.22,63.91,28.29,253.359
10.013,204.88,1015.54,27.34,60.83,26.31,116.414
3.029,264.22,526.83,30.77,70.98,13.01,3.325
11.196,358.21,1119.78,20.99,62.77,5.8,2.999
3.805,27.83,606.12,18.02,91.36,6.32,3.448
3.045,193.53,574.33,18.5,47.03,27.49,0.766
3.468,211.12,593.72,29.4,59.76,22.14,2.877
3.334,152.88,578.95,16.77,64.58,7.76,3.025
8.172,193.15,886.32,21.59,65.62,26.63,57.612
11.459,325.64,1111.94,19.79,42.42,27.09,172.08
8.664,226.65,932.79,27.57,65.41,18.95,62.745
13.117,43.6,1233.56,15.5,85.6,14.16,20.327
12.575,5.62,1224.58,35.56,92.36,30.06,229.315
3.669,248.69,645.88,31.81,48.5,24.83,1.569
13.381,219.03,1258.77,21.43,82.16,13.99,17.606
8.905,136.4,934.47,24.91,74.95,17.35,54.816
12.426,43.24,1197.49,19.15,67.78,32.12,214.489
3.149,251.13,548.83,20.29,91.74,20.32,2.456
8.38,35.14,926.0,33.95,53.21,10.41,17.39
6.576,260.47,802.02,31.58,69.82,28.41,17.173
12.939,231.19,1226.25,18.53,94.81,6.33,0.957
6.765,42.7,784.67,27.35,60.3,29.44,17.223
3.864,251.39,606.4,16.26,41.04,34.61,0.421
8.826,137.24,935.85,31.1,54.75,11.46,21.436
13.5,344.54,1265.15,27.71,71.78,34.12,286.766
10.064,140.01,1098.4,37.97,52.39,15.43,40.287
6.861,189.25,786.99,31.21,67.69,18.83,37.526
4.084,248.26,634.37,17.74,91.09,9.07,6.122
5.118,19.52,696.86,33.55,55.45,24.15,11.062
3.182,240.34,526.79,30.78,44.82,32.17,0.172
6.282,39.29,786.47,38.52,49.73,27.2,17.792
13.899,163.29,1356.82,16.64,87.4,12.49,8.259
12.251,175.38,1166.73,15.95,42.6,15.38,36.053
11.689,297.44,1135.91,27.16,50.11,6.14,2.181
4.714,139.7,651.62,31.18,66.43,32.73,2.223
9.577,253.3,1013.49,33.74,63.89,18.01,61.569
12.028,3.85,1175.47,39.24,61.13,29.6,198.246
12.457,67.27,1177.05,29.43,87.49,14.4,23.458
7.738,78.97,857.27,29.05,53.06,34.66,12.766
10.602,71.36,1084.28,38.94,71.8,23.88,116.691
7.489,208.39,847.39,27.9,62.24,16.84,40.531
7.752,90.12,856.53,22.93,55.12,13.39,26.637
10.525,62.12,1027.23,25.4,85.5,24.93,121.764
6.722,123.53,822.21,34.34,43.0,21.04,34.631
10.303,254.87,1007.09,34.43,60.25,12.62,21.707
6.188,34.87,723.01,36.42,42.16,13.71,20.044
9.133,196.68,998.17,38.03,89.15,18.22,59.555
13.874,336.88,1252.52,36.14,84.56,13.66,13.511
8.464,300.71,952.96,30.66,50.34,33.17,29.197
3.978,238.37,609.93,17.15,93.58,5.2,3.093
6.129,62.82,768.6,39.11,67.03,14.33,20.989
8.005,357.98,912.56,17.64,74.46,20.85,58.98
3.198,22.38,583.02,33.79,88.21,30.01,0.613
10.56,60.66,1051.78,17.94,85.35,5.24,2.302
4.03,295.54,614.77,21.18,83.3,15.66,7.045
9.999,311.19,1001.47,37.0,71.91,9.42,11.243
6.174,232.24,765.52,32.77,92.28,26.94,15.89
11.158,331.17,1152.79,25.66,71.54,24.06,141.561
11.188,70.58,1091.18,37.8,91.92,19.62,79.586
3.489,359.19,546.31,39.07,45.73,25.63,1.535
9.636,251.04,987.46,30.22,40.82,33.29,57.781
12.768,303.41,1189.97,24.4,63.21,29.1,225.234
9.387,195.64,958.92,16.76,60.73,8.55,10.579
11.026,206.66,1094.11,29.16,48.68,18.59,75.241
3.295,301.9,579.13,35.3,63.34,32.61,0.0
11.704,333.48,1123.72,33.33,60.41,33.6,152.885
9.605,327.47,987.31,27.26,66.53,23.8,98.182
3.172,324.88,554.38,22.95,80.28,24.67,1.511
5.73,170.99,741.62,35.95,52.32,13.48,18.502
4.027,239.14,577.82,19.39,67.43,18.46,6.444
7.914,232.12,886.34,28.62,91.67,27.32,46.038
11.308,55.95,1131.44,39.33,94.72,12.46,18.874
3.033,119.62,517.55,34.95,77.42,20.24,1.592
12.76,353.93,1248.83,39.58,82.67,29.5,226.779
6.67,270.66,803.93,35.42,61.91,20.68,30.765
5.368,293.11,706.85,15.8,72.91,25.85,9.594
9.613,261.48,998.25,25.44,50.36,27.23,93.723
5.473,110.36,669.41,30.62,70.96,18.62,17.071
10.02,349.77,1019.21,22.13,80.84,18.2,71.371
11.484,105.53,1115.04,28.21,57.39,11.06,12.333
7.11,283.52,824.79,33.11,42.59,33.0,11.054
9.943,280.57,1027.7,34.31,93.02,23.21,98.086
4.803,239.3,677.67,16.42,88.97,16.17,13.158
12.383,152.58,1170.24,16.55,77.23,8.56,3.848
4.223,96.39,641.9,23.34,73.56,31.71,0.663
8.24,28.26,973.21,27.89,73.45,9.5,13.244
3.866,37.67,619.45,28.88,75.63,32.57,0.534
7.233,312.5,825.23,30.85,66.05,19.47,43.982
10.774,328.06,1070.72,21.97,85.95,7.58,5.853
13.847,345.0,1273.73,36.48,91.35,17.45,41.871
13.864,108.61,1278.9,30.49,59.19,25.71,189.781
7.2,83.77,835.66,25.3,56.93,18.39,38.664
6.24,75.17,775.1,19.48,84.19,34.48,3.787
3.964,131.72,632.28,24.94,65.36,23.4,3.395
12.286,225.11,1152.6,31.97,66.7,11.24,9.97
3.71,286.83,592.9,18.74,92.15,13.24,6.571
9.424,246.63,995.43,22.91,59.04,12.96,28.26
13.598,264.55,1325.32,16.9,68.64,33.15,255.993
9.584,216.38,973.19,21.44,80.25,11.13,19.803
13.093,30.89,1196.88,15.86,74.0,17.88,51.125
13.489,325.5,1286.46,22.01,81.41,19.16,67.508
3.285,219.6,559.07,17.45,84.05,32.89,0.0
4.046,137.95,623.72,20.28,71.16,12.32,6.807
13.453,140.77,1285.93,22.95,94.82,15.84,30.215
11.215,43.1,1081.98,39.56,87.45,34.36,109.497
11.176,50.4,1122.26,34.23,90.06,17.83,66.707
12.581,272.94,1237.87,17.82,51.65,10.1,5.809
7.005,149.2,795.7,29.26,67.15,22.19,39.265
3.087,223.26,517.71,17.13,65.98,9.48,2.092
5.512,353.86,722.12,23.16,46.76,7.47,7.566
7.107,126.8,858.33,19.19,81.49,26.55,29.632
13.798,251.3,1271.45,30.84,82.43,25.76,175.948
9.32,37.27,1023.64,34.83,76.58,21.52,83.542
8.85,219.56,965.99,19.33,69.49,21.42,76.411
11.94,34.83,1144.74,19.86,47.16,17.94,64.642
10.068,231.79,1015.4,32.41,94.92,31.34,87.568
4.557,257.99,669.35,20.44,47.65,17.98,10.248
7.983,313.46,892.48,33.13,61.6,12.54,25.496
6.23,359.72,802.75,38.35,82.78,19.3,27.058
9.721,99.91,990.8,26.64,78.31,13.19,28.426
3.858,123.91,649.8,29.66,76.73,10.48,5.505
6.848,63.57,809.66,21.17,47.05,21.13,36.296
5.551,261.67,689.36,17.97,92.28,27.6,8.986
10.173,217.32,1040.59,27.07,90.72,21.31,99.853
4.33,116.01,623.98,26.26,90.14,26.4,3.736
4.139,154.37,647.4,19.33,41.45,18.31,8.587
4.374,220.55,662.81,22.13,90.93,22.53,7.129
4.422,42.17,653.51,19.3,68.54,12.13,7.412
6.55,152.99,844.22,18.34,42.82,20.26,30.964
3.235,170.62,516.58,27.56,40.24,10.13,3.383
3.396,297.79,619.9,23.91,74.44,22.8,2.313
11.44,70.39,1112.12,23.64,54.26,26.89,161.38
8.389,280.28,907.19,18.27,86.52,7.61,8.388
3.17,242.12,524.14,19.2,66.36,30.32,0.008
12.213,205.98,1195.74,34.74,85.55,28.66,203.112
10.604,266.11,1065.13,21.27,51.64,10.35,12.459
4.878,17.7,675.41,15.11,75.68,11.99,11.122
11.494,37.48,1156.44,17.65,59.09,9.45,7.514
7.193,182.25,799.27,37.27,70.91,9.85,14.454
10.421,194.89,1061.28,17.93,59.7,30.8,114.329
7.583,137.95,831.18,16.14,93.0,34.0,13.015
6.187,101.04,830.92,17.74,82.86,31.94,7.041
5.582,106.45,729.72,38.03,79.64,15.32,17.755
10.405,238.69,1044.31,15.53,45.81,20.18,89.28
8.733,73.35,1001.43,34.0,78.43,25.63,65.266
8.951,237.73,936.08,30.72,44.09,24.71,83.06
5.025,296.16,721.61,35.55,77.94,32.69,1.328
9.544,323.05,975.56,35.08,44.49,31.09,72.543
8.464,16.01,956.63,39.62,73.01,27.34,59.916
3.518,131.94,617.86,20.47,84.81,8.43,3.248
13.268,64.63,1252.44,21.64,92.67,14.62,21.323
13.585,335.14,1274.66,31.14,63.86,34.5,295.526
10.14,240.02,1057.16,28.55,43.11,9.37,11.172
12.917,41.72,1230.51,36.1,78.33,15.14,27.238
5.825,255.41,740.56,17.87,48.14,22.42,18.43
4.294,73.9,637.64,24.85,61.45,11.69,7.923
5.398,162.2,715.72,21.6,94.52,22.0,14.944
3.639,42.15,597.64,17.69,89.34,13.21,5.677
5.985,57.21,797.72,23.68,54.6,14.43,19.759
10.326,218.83,1026.31,31.41,46.63,24.92,120.797
12.446,23.42,1192.29,26.25,46.2,22.37,135.449
12.933,14.69,1202.89,31.04,51.74,21.02,106.553
9.539,10.3,1006.03,39.88,73.94,31.35,72.312
3.368,2.07,546.17,29.66,62.04,26.05,1.164
5.07,349.73,632.55,37.38,44.72,10.05,9.404
11.792,103.7,1152.43,34.06,85.98,15.41,36.042
6.704,294.72,801.28,29.17,76.05,8.46,10.98
7.131,39.69,826.81,29.38,64.29,29.14,23.753
13.921,217.91,1283.74,35.74,41.4,19.96,73.93
9.371,127.39,978.5,23.93,69.31,15.93,48.296
12.265,156.46,1232.3,33.32,58.27,12.67,15.514
8.084,183.62,873.1,34.83,82.29,26.96,52.155
3.079,225.98,614.66,34.93,80.78,26.15,0.0
10.388,63.3,1044.23,17.02,65.54,19.72,81.565
11.542,43.44,1149.86,33.46,47.07,15.06,36.233
8.842,41.03,942.3,31.17,79.42,27.13,72.238
8.097,35.46,985.62,24.07,45.25,30.79,31.136
6.422,94.77,788.1,26.71,83.08,12.62,19.068
10.243,50.02,1062.55,39.47,73.45,7.77,6.199
6.725,107.37,839.53,23.75,56.57,34.35,6.045
6.881,214.23,821.81,16.59,71.55,30.35,16.314
13.85,237.33,1287.36,21.62,78.1,14.11,15.65
10.094,112.05,1035.38,29.29,49.35,29.85,100.049
7.631,88.62,893.88,37.58,73.83,27.21,34.023
11.736,351.42,1123.51,34.84,77.01,27.29,181.612
8.347,252.57,944.78,36.17,75.43,12.22,24.544
12.215,275.89,1236.89,27.02,72.65,15.41,31.731
9.132,36.89,997.35,18.27,60.28,21.52,81.254
7.791,117.83,879.05,31.89,74.32,8.09,10.271
4.53,52.66,643.38,17.99,82.7,32.23,1.38
10.108,128.93,1003.14,37.59,40.07,18.42,68.27
12.451,123.59,1209.29,27.62,86.08,18.04,62.792
5.089,236.05,649.9,21.5,47.51,5.16,4.605
10.387,355.51,1069.05,36.04,47.04,8.98,10.295
9.905,20.68,1020.57,19.15,87.42,29.9,97.868
12.563,143.66,1174.26,33.36,40.94,28.13,213.753
10.903,133.99,1080.16,20.81,81.81,20.21,95.101
6.561,149.3,770.05,38.77,91.61,10.8,15.69
4.171,183.26,635.68,28.57,91.33,21.88,6.558
4.218,54.04,616.38,32.59,91.4,20.63,6.94
11.268,136.15,1112.92,19.85,73.63,8.98,7.023
4.057,272.94,627.76,28.8,82.98,20.36,5.788
12.563,30.12,1215.02,32.52,89.39,12.89,16.129
11.937,242.35,1161.97,37.44,92.14,8.12,3.854
9.008,346.56,968.68,32.31,55.97,22.25,82.251
3.796,324.55,595.13,21.65,78.35,19.2,5.822
7.807,139.76,890.67,29.55,79.12,18.54,50.053
4.136,174.78,623.14,33.74,42.38,34.15,0.897
10.612,43.97,1020.59,39.49,64.44,29.31,126.151
10.932,62.18,1107.59,39.86,42.6,10.35,11.865
5.541,345.47,698.9,17.29,94.52,24.86,14.365
5.119,287.79,727.24,38.9,59.56,23.61,10.38
9.896,57.55,1072.92,16.64,43.78,9.85,13.419
11.272,3.14,1109.27,34.84,73.85,6.67,3.071
11.93,154.43,1198.16,21.42,42.61,8.5,4.731
11.504,179.52,1142.16,33.99,78.14,7.33,3.94
9.738,41.3,1006.07,38.89,82.13,14.95,40.77
10.131,16.85,1063.78,29.64,85.54,17.02,58.38
6.81,7.51,822.44,28.71,72.84,10.45,17.5
8.053,254.17,931.57,28.23,85.43,5.24,4.228
6.746,77.21,753.48,22.69,69.08,19.75,31.296
13.971,215.48,1256.77,33.13,63.96,14.43,16.511
5.347,126.9,696.01,29.9,49.03,12.08,13.191
3.802,314.48,610.88,34.28,58.84,22.46,4.384
10.485,313.61,1092.11,16.65,44.19,25.37,126.706
8.12,245.05,920.77,18.01,48.7,13.0,27.892
5.981,206.27,771.66,22.24,64.98,21.08,23.158
8.778,282.66,961.85,24.88,74.06,34.12,30.278
3.884,94.49,640.3,17.95,60.24,7.79,4.638
4.458,258.44,655.7,26.99,52.07,12.03,8.304
8.886,158.64,986.16,34.64,76.47,11.35,21.542
9.612,116.13,994.44,24.17,90.81,15.05,40.937
9.282,40.24,1026.59,20.2,49.5,28.82,76.325
7.855,309.86,911.19,20.44,91.91,5.79,5.679
12.382,220.27,1185.61,20.35,62.02,19.37,81.416
13.654,341.19,1309.79,29.08,84.92,24.22,166.059
13.47,197.64,1256.37,18.96,91.42,30.22,272.388
5.318,330.54,696.38,23.01,64.33,24.16,11.99
6.54,3.92,773.25,15.92,68.02,12.95,22.584
4.464,348.91,643.74,23.34,82.33,19.08,9.55
13.322,271.27,1266.97,38.15,77.12,11.9,8.304
8.559,44.33,899.31,37.52,54.8,34.59,25.052
3.916,304.52,596.32,21.71,73.14,7.09,4.6
5.856,269.85,738.03,21.1,54.39,5.1,5.149
4.376,51.22,635.84,16.83,73.94,33.8,0.087
6.266,36.05,825.55,16.97,93.45,12.35,17.542
9.09,187.34,955.0,32.81,41.31,32.67,49.082
4.667,14.25,699.93,32.94,90.75,17.8,10.674
13.072,213.16,1249.32,16.14,83.93,20.91,97.912
10.664,57.21,1066.8,19.12,78.91,32.91,104.016
10.329,215.4,1059.19,39.71,66.45,13.81,32.716
10.245,66.7,1012.61,31.64,72.87,9.23,9.407
5.391,119.67,706.58,19.72,46.5,34.88,1.827
7.748,93.04,903.18,25.74,52.25,14.85,32.955
7.781,104.57,863.29,20.26,44.75,7.22,8.269
10.998,327.5,1092.82,23.26,92.54,31.69,134.346
6.817,115.3,835.36,20.68,45.55,27.12,22.617
12.969,280.24,1241.97,28.79,57.84,9.62,4.261
12.062,214.49,1215.24,34.96,40.76,26.82,178.368
3.592,57.23,600.72,39.63,67.66,33.83,0.0
9.38,285.59,951.1,35.66,74.88,17.19,52.205
7.27,208.26,828.97,15.36,41.71,28.06,28.944
12.761,64.81,1217.09,23.61,92.53,10.24,6.311
5.324,358.49,722.64,17.58,54.0,29.87,4.95
13.261,84.08,1280.73,26.13,65.33,26.16,197.455
12.857,16.23,1209.2,39.48,88.76,10.5,6.519
9.826,289.4,943.41,15.12,91.95,23.06,83.585
7.871,264.31,912.26,27.81,44.58,22.57,51.445
13.322,278.03,1250.94,15.62,59.73,13.88,17.446
11.328,188.18,1123.59,30.82,56.96,8.13,5.017
3.07,184.4,514.07,33.93,83.11,27.78,0.807
12.318,27.91,1175.08,32.45,62.03,22.75,135.583
13.285,71.83,1235.98,30.8,72.03,20.7,88.519
10.417,110.93,1058.72,26.94,62.21,23.69,117.089
13.755,209.44,1294.76,26.77,75.26,14.43,18.775
13.935,207.52,1288.59,34.18,88.96,33.34,315.315
7.181,295.71,815.92,26.42,45.64,13.4,26.536
7.489,135.03,867.2,39.07,70.57,18.3,42.505
7.157,85.16,884.17,16.7,94.08,29.15,21.59
7.06,291.91,856.4,39.76,47.6,17.91,35.294
8.433,176.65,923.96,19.1,62.37,11.12,21.85
6.571,3.62,772.19,36.3,41.49,21.7,30.601
5.234,42.2,715.02,21.7,76.68,7.55,7.432
11.157,16.36,1102.06,17.04,64.93,21.8,118.23
13.948,247.16,1259.61,29.22,45.31,31.58,281.737
5.077,180.23,693.1,19.65,43.73,21.17,14.394
5.889,280.68,779.45,33.74,67.99,22.54,19.034
8.075,231.75,912.55,24.08,54.81,9.91,16.712
6.02,243.67,775.76,31.97,43.34,8.24,10.067
6.502,285.46,781.75,22.31,62.31,30.86,10.561
8.322,251.64,924.93,29.29,48.2,26.02,56.782
10.922,188.36,1136.02,25.94,41.4,12.22,19.782
12.105,108.93,1120.65,33.32,59.27,31.22,175.741
3.515,62.06,598.08,37.34,41.12,34.92,0.711
7.283,308.52,826.35,27.54,92.6,33.0,13.217
4.69,186.31,621.18,25.5,47.25,26.53,5.969
6.035,322.85,793.8,17.72,88.15,18.73,23.901
3.608,103.08,623.37,23.16,59.04,10.0,3.87
12.833,6.44,1179.26,33.99,41.16,8.88,3.65
10.518,52.76,1058.85,38.95,40.9,19.18,76.92
3.094,229.63,542.0,33.27,70.37,23.95,0.982
5.228,219.46,727.26,18.73,92.39,8.1,8.23
9.858,73.73,1038.5,38.78,85.08,32.15,69.531
10.886,53.81,1085.62,19.16,47.9,7.14,4.722
11.462,141.1,1093.93,16.45,51.79,7.44,3.871
11.332,210.28,1083.42,29.87,69.81,9.92,8.265
10.543,68.96,1053.73,19.41,91.67,34.59,81.103
4.314,210.13,632.04,26.12,42.5,17.0,8.507
4.614,329.69,624.32,17.77,75.37,14.54,11.02
13.395,307.96,1236.3,17.02,54.3,12.72,10.861
4.443,172.11,706.69,32.86,88.03,32.55,0.914
10.007,356.73,1038.36,35.05,82.47,15.3,45.099
10.512,162.88,1019.75,15.8,67.04,24.43,122.628
8.771,281.98,953.49,25.95,54.79,27.55,68.118
12.773,356.4,1199.69,25.0,40.24,5.06,0.407
13.46,175.5,1234.14,38.87,81.07,33.63,276.406
6.913,186.77,812.22,37.62,92.52,14.52,26.826
12.245,81.46,1192.79,23.31,52.23,22.69,131.869
3.41,88.79,528.62,33.08,94.56,28.44,0.013
3.616,157.25,554.97,33.29,77.35,33.56,0.477
4.856,338.08,677.92,37.15,46.59,18.84,11.596
9.952,55.71,1033.6,28.52,88.36,9.8,12.283
10.227,271.57,1027.61,23.19,46.37,34.21,69.328
4.664,28.39,675.6,36.28,78.13,18.39,11.16
10.019,119.86,1026.09,24.79,65.28,8.36,8.831
12.789,163.19,1203.84,22.59,56.34,28.71,228.334
9.2,15.28,966.84,32.73,92.21,19.75,72.344
12.858,265.88,1249.68,27.88,52.93,34.52,195.413
9.332,48.8,988.01,31.86,80.17,11.43,20.803
6.329,323.39,787.57,27.0,93.55,28.7,13.421
3.201,291.22,570.74,30.43,50.68,33.3,0.0
13.296,68.53,1262.9,24.23,51.32,27.07,213.183
4.203,335.41,678.25,29.28,83.78,21.52,6.383
8.663,308.94,943.25,37.71,70.0,26.05,66.99
9.217,356.03,991.3,26.56,47.6,31.24,65.907
8.291,14.04,917.92,29.76,89.9,24.88,66.727
12.283,142.6,1200.44,36.86,45.18,13.29,19.887
7.718,165.59,891.97,25.37,50.81,6.91,8.496
7.263,24.26,838.33,29.29,54.16,24.47,40.968
10.684,341.63,1084.9,33.74,86.57,13.22,27.015
3.707,196.45,600.86,17.05,45.82,28.35,1.552
4.928,120.33,708.8,26.48,40.81,6.39,5.74
8.438,121.49,938.51,22.54,86.99,26.95,59.935
13.202,332.85,1254.94,19.49,78.02,25.62,193.832
12.269,60.49,1218.09,34.46,80.13,12.24,13.769
12.518,252.38,1153.7,20.54,43.73,12.02,12.685
4.746,166.32,646.75,33.93,83.7,18.98,11.849
10.188,183.21,1064.18,21.88,41.46,33.58,83.868
13.104,119.29,1241.6,37.66,55.75,16.43,36.076
8.921,93.44,963.17,31.17,92.49,19.69,62.085
7.698,104.5,849.18,39.43,83.37,27.9,34.605
8.283,69.49,914.55,34.21,57.91,32.42,28.383
13.884,327.58,1341.82,17.13,40.71,19.13,59.9
5.601,315.82,771.16,39.8,68.51,11.1,12.528
10.033,25.45,1084.86,28.5,77.34,10.58,15.577
3.622,185.47,589.5,30.61,52.7,34.18,0.0
5.84,104.8,708.56,24.23,76.29,28.06,11.082
13.034,340.99,1224.2,26.09,90.25,13.7,17.865
11.768,293.92,1161.25,33.22,65.28,5.71,1.311
13.179,200.9,1245.85,26.23,82.39,5.17,0.503
11.49,43.42,1116.61,26.81,73.51,18.58,74.716
3.939,201.89,647.62,22.93,79.63,11.13,5.49
3.327,177.24,585.6,36.49,67.16,20.01,3.183
3.844,340.73,620.51,38.56,89.41,33.92,1.193
11.666,40.19,1168.43,25.86,44.12,10.14,10.418
10.803,272.14,1093.91,33.4,73.43,28.91,133.249
11.5,311.48,1144.73,22.27,66.8,31.5,167.052
8.501,10.1,904.38,37.36,87.68,6.75,7.706
5.919,67.03,775.94,29.06,43.83,8.53,10.425
6.208,329.14,803.39,24.93,63.04,20.39,26.984
3.286,349.75,569.88,27.25,72.82,11.48,4.705
13.912,126.11,1319.89,20.33,62.87,29.07,260.701
8.835,109.11,948.26,31.33,79.21,23.44,73.819
13.991,35.88,1300.02,22.26,57.95,26.65,223.843
5.99,223.76,746.42,25.66,53.74,22.1,22.759
3.431,337.01,557.39,28.49,81.46,22.46,3.39
5.355,90.79,726.33,38.39,45.46,10.24,9.662
7.981,293.02,934.29,30.21,66.06,15.19,36.88
11.639,237.06,1157.26,23.02,47.08,31.83,170.794
11.929,238.35,1137.35,37.15,50.16,31.41,179.715
10.452,205.24,1098.42,24.14,57.32,18.59,75.036
6.489,47.7,805.13,21.28,63.54,23.56,27.493
7.859,174.58,834.72,19.78,40.6,17.21,45.19
8.978,144.24,945.3,19.53,81.51,23.27,81.778
9.362,308.41,983.77,15.96,51.47,33.89,46.119
4.225,140.46,669.49,28.32,51.96,28.09,2.639
6.341,9.14,810.52,32.95,72.73,16.47,26.883
3.213,298.35,546.41,33.69,55.44,13.14,4.959
4.976,45.64,656.34,20.6,58.04,9.04,8.683
9.527,351.2,976.79,37.57,44.51,33.16,58.012
8.622,146.21,928.83,25.39,53.35,21.17,71.923
7.308,11.98,857.24,15.15,92.01,25.12,38.771
4.154,134.85,587.94,19.79,64.06,31.4,1.429
3.367,242.4,587.82,21.57,61.84,31.53,0.245
7.915,213.0,881.18,24.93,82.15,21.06,57.85
9.696,175.08,987.03,39.92,67.81,22.71,100.815
10.333,357.94,1029.38,38.33,86.15,24.05,119.466
9.863,118.81,1020.82,17.62,70.21,18.36,66.095
10.083,253.87,1008.56,19.85,49.94,20.27,83.272
6.552,114.5,793.3,22.13,66.24,6.19,6.639
11.469,286.14,1113.63,33.44,70.37,21.21,102.667
7.106,149.11,877.38,33.82,79.55,26.18,30.663
6.39,350.68,771.77,16.77,85.34,18.62,30.193
13.049,334.94,1218.93,23.61,91.92,31.63,261.538
9.864,193.6,1072.61,28.5,85.22,22.64,102.919
3.292,200.97,605.77,21.37,53.1,28.11,1.247
13.255,333.44,1233.82,15.98,93.65,28.37,240.687
12.483,85.95,1169.64,23.37,78.2,11.05,8.795
11.822,81.62,1140.2,17.22,71.98,13.57,22.172
6.572,208.07,811.87,19.11,84.06,5.24,5.489
13.309,141.77,1227.75,25.87,51.42,25.94,201.109
3.964,204.26,619.93,15.54,86.43,5.59,3.343
12.855,269.1,1220.15,24.98,86.7,26.53,191.239
12.075,286.62,1156.09,22.71,74.37,16.74,45.605
13.713,343.22,1274.47,32.37,82.8,26.97,230.714
11.395,336.18,1136.34,19.05,43.43,31.3,162.481
4.281,344.39,710.86,24.21,65.11,9.69,6.161
8.293,345.22,904.11,26.6,61.73,10.02,17.046
4.499,270.84,684.68,19.75,69.18,27.92,3.451
8.218,245.58,926.99,17.89,65.35,16.89,45.213
8.932,106.57,931.55,28.98,60.64,14.7,36.831
8.013,273.26,906.35,37.97,45.23,8.46,10.803
6.507,245.73,814.64,21.82,67.43,13.6,23.201
10.023,302.29,1019.34,39.17,52.17,16.39,51.323
9.172,265.23,959.52,32.37,69.05,33.54,41.25
9.705,163.4,993.68,36.81,50.6,16.79,55.005
4.753,189.27,677.75,32.39,91.64,31.61,1.371
7.03,128.09,851.17,31.66,40.92,25.12,33.662
9.234,29.14,966.8,38.11,72.56,10.74,17.804
12.909,207.61,1231.52,20.92,40.42,13.15,15.998
11.034,20.91,1095.55,34.79,74.3,25.34,149.552
9.461,36.08,1005.64,22.83,82.38,24.2,98.391
5.253,196.3,749.96,26.91,74.74,24.05,11.975
3.244,103.69,609.86,18.29,47.77,5.18,1.479
6.149,194.88,814.81,30.22,59.45,20.79,26.102
9.064,112.94,953.31,19.38,77.27,26.14,81.448
7.221,51.19,840.55,19.13,43.03,12.99,24.596
11.87,165.6,1144.31,15.44,92.99,26.96,183.905
9.821,251.28,1012.0,35.21,62.63,34.68,52.101
12.165,90.43,1172.31,27.91,67.09,20.73,94.082
11.553,280.12,1113.58,33.22,92.08,31.59,148.85
12.739,29.74,1242.58,36.91,74.96,5.7,1.342
6.368,70.34,761.48,15.18,92.2,12.46,18.615
4.871,123.43,679.03,28.65,65.3,12.03,10.516
10.664,142.08,1061.45,34.93,87.64,28.53,137.057
6.345,75.93,778.16,20.89,81.06,11.96,16.507
3.031,93.63,499.2,38.72,54.11,33.47,0.221
5.739,20.23,725.35,30.06,57.97,21.24,21.61
10.646,22.21,1125.81,29.62,45.78,25.76,133.688
3.216,272.02,571.48,20.41,41.97,6.6,1.652
9.39,322.19,963.86,21.04,53.98,25.91,91.076
3.603,190.45,557.96,27.02,92.63,16.77,5.106
6.601,241.44,814.62,18.89,59.33,20.68,31.231
8.143,131.84,886.05,25.87,82.25,22.44,65.067
8.437,122.86,928.09,17.16,51.56,17.23,49.468
7.853,219.52,890.29,18.44,50.29,16.56,42.635
9.744,320.87,1028.64,19.37,68.01,21.43,93.073
3.833,103.59,599.31,33.67,80.21,18.7,4.671
8.486,224.22,922.4,18.01,53.94,16.5,48.246
13.618,135.01,1295.94,33.86,94.71,15.54,25.13
5.399,168.11,753.16,30.79,90.21,11.53,12.902
12.606,258.15,1198.63,25.86,93.71,31.47,218.153
7.742,128.23,826.44,38.09,74.62,23.66,49.365
13.864,124.31,1257.35,30.92,70.48,24.21,155.117
10.837,271.15,1137.86,38.17,94.97,25.08,115.592
10.44,315.48,1088.57,22.8,87.53,26.32,127.345
7.491,168.29,850.91,17.86,41.16,7.36,9.727
13.227,124.97,1273.35,34.31,60.01,13.97,18.355
9.547,196.2,1000.85,29.06,62.08,31.57,70.182
3.95,199.73,645.21,30.2,43.53,30.02,1.379
9.52,325.39,1019.28,35.59,80.11,24.25,95.318
6.917,146.14,827.71,31.2,54.34,24.17,34.191
13.751,280.1,1250.97,25.09,82.25,15.3,22.122
5.714,274.98,748.02,36.36,88.2,28.26,7.696
9.651,318.75,1002.48,32.76,44.6,24.98,99.451
4.904,254.26,664.94,15.8,84.87,15.2,12.399
7.968,224.44,892.26,18.5,91.61,34.45,16.977
12.467,183.14,1221.51,29.09,85.29,12.54,15.823
11.797,357.83,1153.77,36.88,64.36,6.72,2.584
10.194,302.56,1052.0,24.88,82.4,25.76,120.766
11.381,262.91,1097.2,36.79,75.86,33.19,126.456
5.302,7.2,700.05,22.99,90.71,21.42,15.718
5.446,34.24,778.07,23.98,89.61,22.41,14.769
5.124,296.31,716.82,20.9,75.82,13.35,12.097
3.069,323.43,522.71,25.29,81.32,30.08,0.415
7.23,46.76,830.12,29.68,50.55,7.64,9.666
12.655,325.67,1203.39,38.57,81.45,28.36,223.971
12.137,281.18,1156.74,35.46,64.24,31.53,184.784
10.331,186.49,1059.09,23.23,56.57,26.59,132.805
13.774,246.93,1326.27,18.24,70.47,31.23,277.033
4.391,63.66,646.07,29.77,81.31,32.07,0.666
6.86,337.99,792.45,32.8,72.38,24.22,33.183
3.719,300.39,612.07,36.27,93.16,26.71,2.16
6.248,300.36,765.61,27.25,41.07,14.95,23.315
12.629,359.03,1218.17,39.94,50.19,15.13,32.018
10.572,203.59,1094.84,26.41,93.77,23.56,123.002
8.607,346.44,940.38,31.25,91.71,14.97,40.846
12.322,281.22,1214.73,23.42,50.13,18.38,63.216
10.161,230.29,1039.45,15.18,52.65,11.59,20.478
8.245,3.42,899.4,28.2,67.18,15.05,39.196
4.789,283.89,641.36,36.23,88.86,32.23,0.29
3.369,109.94,592.22,30.85,51.81,32.88,0.171
3.52,81.39,594.5,35.69,66.32,32.58,0.7
12.278,129.21,1215.14,15.82,42.99,17.34,53.494
8.973,145.05,961.07,25.39,55.39,15.16,42.496
7.128,224.21,807.03,22.6,43.9,31.25,16.407
12.372,41.12,1174.87,20.5,75.38,26.77,202.977
5.724,58.18,717.5,24.75,67.35,14.35,18.652
12.771,194.98,1193.71,17.22,75.6,16.93,46.123
7.607,82.65,860.63,35.34,50.16,7.45,8.603
6.731,263.39,785.69,24.48,49.47,5.17,4.784
6.919,355.11,872.01,31.67,46.26,12.82,22.185
3.348,313.67,554.31,24.28,54.86,34.32,0.157
13.21,152.67,1235.07,32.11,84.15,31.74,251.436
8.038,289.23,897.24,23.71,51.02,17.4,48.936
12.037,77.82,1148.74,22.55,73.03,15.04,32.196
8.851,55.75,995.81,38.82,51.75,13.98,32.536
7.412,123.17,852.48,25.67,62.46,27.88,31.975
3.921,98.34,623.66,37.88,77.59,12.75,7.197
6.435,174.87,782.69,29.5,61.15,20.28,30.31
4.647,242.01,658.4,36.19,45.55,32.77,1.823
13.513,271.27,1245.93,30.98,76.18,11.74,7.211
11.366,28.9,1089.16,24.77,76.26,31.57,159.039
5.9,295.11,724.18,28.1,64.03,8.93,10.289
8.033,191.48,895.24,39.39,62.22,24.89,58.677
13.837,141.8,1276.52,30.07,91.81,27.88,239.134
10.552,256.86,1041.38,23.57,79.6,33.57,88.408
3.231,270.55,584.28,16.93,43.55,22.49,1.096
10.896,251.38,1102.51,28.36,57.51,32.45,113.054
6.175,140.57,764.28,22.79,47.8,15.74,24.967
13.84,300.48,1315.81,28.1,58.1,21.97,105.886
11.55,78.72,1152.86,26.5,70.78,18.59,70.968
6.037,327.12,781.53,28.91,93.95,31.05,7.385
13.217,91.88,1298.05,15.91,81.68,21.26,88.88
6.946,240.31,848.94,29.24,79.94,10.36,15.623
11.521,82.07,1162.07,31.31,42.89,18.12,63.988
12.248,96.68,1141.68,31.9,47.11,18.47,61.167
3.203,76.65,577.86,21.97,42.53,27.37,0.427
8.811,80.0,943.36,24.0,86.67,32.32,42.046
7.382,224.28,795.29,16.97,79.49,33.53,12.942
10.634,101.69,1075.56,39.77,44.43,6.05,3.761
9.625,231.54,982.77,33.93,42.33,11.77,21.839
4.532,97.33,674.06,39.09,51.54,33.61,0.966
8.701,318.36,889.53,26.86,78.91,17.97,55.869
12.212,182.49,1170.98,27.44,60.56,6.34,2.607
11.812,204.74,1128.93,21.37,46.48,20.43,101.989
13.824,284.99,1283.8,36.75,74.66,18.04,45.26
7.65,121.88,896.87,37.95,62.75,23.1,47.661
5.539,49.37,737.07,30.45,82.14,6.24,5.462
10.056,335.57,1040.07,36.86,71.39,5.65,4.04
11.631,333.16,1159.31,32.2,61.84,18.15,69.72
10.063,358.03,1056.21,39.61,87.71,30.95,91.929
8.886,161.79,927.43,28.11,77.1,21.5,78.17
6.541,316.91,784.61,15.53,55.67,9.4,13.06
5.765,148.96,725.82,22.56,60.78,16.56,21.914
11.287,140.67,1118.08,39.38,70.35,23.57,131.914
11.759,291.93,1168.71,37.11,51.59,27.66,172.703
4.065,83.13,584.97,29.86,93.45,32.11,0.263
6.325,193.36,788.84,29.07,79.4,32.46,7.96
4.018,83.43,609.52,23.38,64.6,27.34,1.2
11.142,226.73,1123.31,32.71,59.09,8.9,7.346
12.162,223.56,1192.6,30.48,88.84,5.43,1.535
6.144,318.02,740.28,37.06,79.24,6.48,5.995
10.965,170.1,1104.78,22.42,75.12,11.78,18.632
4.71,48.42,651.13,36.83,62.63,12.19,10.151
12.242,278.33,1146.09,29.02,44.82,26.43,172.197
5.399,89.91,691.91,19.94,52.93,28.01,7.066
13.687,339.95,1299.83,25.11,56.45,25.2,190.235
3.842,103.88,643.01,24.12,89.62,14.59,6.469
4.185,40.03,667.2,16.87,61.89,24.84,3.795
4.662,342.02,675.25,34.83,50.14,23.61,7.52
11.176,208.59,1076.19,37.79,58.86,11.31,13.419
10.145,15.09,1025.44,37.67,42.13,20.54,88.804
3.825,2.58,620.83,18.96,48.14,31.46,0.0
10.4,294.15,1012.57,22.5,80.72,7.72,5.87
12.792,111.23,1199.01,18.09,67.99,33.21,218.593
5.754,122.14,724.05,27.14,47.63,29.22,7.805
8.513,197.62,947.43,26.89,67.47,20.21,68.577
10.042,29.37,1061.63,30.07,60.58,7.81,6.858
6.214,86.41,768.12,29.82,82.31,33.67,4.163
13.663,324.1,1307.09,15.7,81.11,9.33,3.954
3.507,218.49,625.21,24.75,45.85,17.71,4.048
9.164,101.38,980.69,16.66,70.15,17.96,56.675
10.403,194.4,1089.07,25.38,77.94,18.14,70.409
5.057,344.56,680.29,18.13,87.78,19.77,14.916
11.724,196.58,1127.42,17.2,92.21,6.9,2.056
10.946,189.76,1081.22,38.7,58.92,6.42,3.273
6.79,41.69,839.94,25.34,48.86,14.6,26.662
4.672,285.89,700.75,27.63,41.44,17.5,11.086
3.271,131.29,588.81,25.47,41.32,24.3,1.138
9.455,120.32,1040.95,40.0,66.11,8.77,9.192
3.547,101.82,564.55,20.27,41.2,21.29,3.138
7.854,334.31,905.09,24.66,48.86,12.63,26.364
4.272,83.06,655.12,19.8,70.36,32.67,0.861
3.656,172.91,599.82,26.92,41.55,21.28,4.353
5.181,289.68,665.87,36.5,64.02,27.25,6.597
12.157,133.2,1223.93,37.43,89.16,20.92,96.098
4.841,358.3,663.38,36.32,54.51,15.25,13.148
6.076,291.11,755.33,22.61,90.05,20.09,23.756
4.664,110.66,662.39,23.65,57.35,23.79,6.468
10.957,70.51,1148.53,20.76,54.97,6.32,3.132
10.316,330.53,1027.84,23.47,82.76,20.41,92.999
6.848,123.55,796.73,36.37,63.64,30.15,15.519
10.299,264.14,1001.04,29.91,72.83,24.64,105.031
11.428,278.5,1130.62,26.08,50.77,34.68,121.062
9.764,73.69,1027.95,28.26,80.76,28.27,94.799
6.751,236.77,839.8,36.39,89.03,16.23,29.166
8.984,106.96,937.81,27.4,84.92,9.59,12.525
9.535,23.51,997.25,36.46,92.56,7.28,6.346
5.078,133.1,662.97,38.45,45.47,6.34,5.687
11.032,14.63,1118.24,26.34,89.75,5.17,1.982
12.038,283.76,1160.81,35.04,75.86,5.94,1.546
10.977,263.73,1079.09,34.39,86.99,29.97,133.859
10.989,154.95,1104.74,19.38,60.24,30.49,150.518
11.648,310.93,1155.22,23.01,45.6,34.53,139.955
12.075,135.23,1222.29,34.9,91.44,31.93,190.751
10.051,16.94,994.26,18.37,71.56,30.7,96.752
3.92,82.07,633.84,15.96,42.48,27.39,2.246
3.141,241.55,519.94,29.78,60.46,20.5,1.135
5.873,49.09,714.69,20.72,44.46,26.23,13.598
4.761,156.17,630.21,19.53,74.98,26.27,5.03
6.266,139.56,772.48,20.81,89.03,19.05,28.639
9.506,67.29,1006.87,31.06,62.88,30.54,71.53
9.794,309.07,1038.56,18.77,59.03,29.02,92.611
11.149,167.51,1119.0,34.76,84.71,27.19,157.366
3.122,78.88,541.43,30.59,70.54,32.53,0.66
12.127,248.63,1181.54,27.91,56.1,32.2,194.996
5.269,350.88,694.41,30.77,40.62,5.6,5.065
8.995,284.74,972.09,34.91,52.21,13.99,33.052
8.407,134.53,912.79,29.28,69.57,17.49,52.445
5.365,182.14,715.65,33.49,91.96,11.4,13.044
13.192,335.26,1234.96,30.85,66.33,28.78,252.516
4.626,82.51,611.55,18.64,74.94,7.41,4.775
13.423,235.06,1213.72,29.53,57.99,5.87,0.726
5.483,298.91,716.56,18.59,66.65,15.3,17.73
4.567,109.97,672.71,35.37,84.93,26.43,5.386
11.533,195.48,1145.35,19.43,51.51,11.69,15.611
4.704,45.65,673.42,16.51,73.53,19.31,12.066
10.638,10.23,1066.36,24.49,58.86,16.0,51.658
13.196,59.58,1258.6,33.03,53.63,15.63,29.276
6.073,193.09,758.4,15.6,57.92,12.07,17.39
8.678,255.74,943.1,26.84,66.84,22.35,70.027
9.449,93.32,933.75,22.0,94.58,24.24,82.31
12.928,312.73,1255.14,33.05,85.47,17.19,47.303
12.719,260.02,1218.95,39.24,45.22,10.67,7.562
10.962,169.95,1077.09,19.22,82.22,27.5,158.286
7.298,104.68,884.87,28.73,89.58,15.6,32.657
13.759,239.1,1267.47,39.86,43.11,9.05,2.719
11.267,232.4,1130.18,39.69,50.37,9.1,6.885
9.977,252.99,1070.49,30.97,45.85,32.61,72.592
11.443,161.21,1111.92,22.93,64.89,31.69,165.373
10.155,217.48,1025.85,39.89,40.98,11.81,20.582
12.149,287.27,1188.79,25.39,86.58,11.92,14.299
4.235,35.31,684.38,24.85,42.92,23.23,5.653
6.615,74.2,800.03,15.52,49.44,31.68,9.236
5.387,86.3,693.59,16.24,62.2,19.92,14.619
8.248,245.87,888.68,30.08,61.77,9.31,13.45
7.401,187.31,869.94,22.45,49.18,29.14,28.138
11.586,222.36,1153.61,34.12,77.73,23.39,142.928
12.633,140.81,1231.0,26.89,83.4,23.63,151.153
11.895,120.95,1157.82,24.74,84.02,26.15,172.107
7.584,299.2,832.18,26.36,44.46,24.28,45.463
4.738,147.42,642.15,26.94,44.94,17.37,12.47
7.832,67.1,860.02,18.56,78.61,32.42,21.054
13.868,212.3,1252.3,35.28,56.42,5.72,0.679
6.081,81.21,760.6,20.6,92.75,28.54,10.674
8.02,36.44,922.2,25.88,65.31,12.34,26.278
7.503,325.99,887.4,33.83,52.14,20.92,47.914
13.434,74.81,1258.85,20.4,82.43,7.29,0.861
8.501,271.72,897.66,31.61,60.07,7.23,7.778
8.54,163.38,912.37,37.44,45.69,34.03,27.991
9.31,171.84,988.85,20.5,80.69,30.35,73.762
11.764,229.48,1154.89,26.56,56.44,15.3,36.9
13.918,13.26,1293.48,22.35,73.91,27.89,264.917
9.516,210.75,1045.65,36.32,61.93,7.98,8.057
12.406,311.18,1188.04,37.69,78.63,18.35,64.048
12.761,47.79,1190.95,24.84,94.49,31.46,238.245
11.056,176.37,1089.0,35.69,52.69,16.16,50.144
8.226,145.09,906.97,15.46,84.11,5.27,4.95
9.148,41.13,978.33,19.89,68.07,7.93,8.392
8.054,329.79,970.43,34.85,75.51,24.26,52.679
9.57,354.71,974.91,27.08,75.27,26.78,99.861
10.486,44.5,1056.01,27.91,60.55,12.83,25.202
12.763,198.82,1204.92,15.09,88.96,32.17,233.993
4.975,108.32,713.72,36.02,63.82,7.77,6.419
10.688,129.39,1087.15,25.82,62.51,34.21,95.506
11.958,107.53,1175.8,20.46,84.69,10.27,9.294
13.842,242.48,1280.16,28.05,41.39,28.23,246.749
12.791,27.97,1194.33,25.13,54.02,34.26,222.647
6.261,159.93,834.78,35.95,71.23,25.37,19.023
10.482,316.29,1050.53,15.65,84.69,6.44,4.511
9.823,156.0,1011.54,36.2,61.36,33.51,65.957
8.052,213.87,849.63,21.28,65.92,7.33,8.559
7.724,194.62,920.4,27.25,88.38,5.86,6.897
3.871,161.24,620.43,26.78,62.09,10.37,5.712
3.151,233.41,559.55,21.25,78.52,20.35,2.703
4.501,123.72,650.5,19.52,41.63,12.8,9.665
6.698,253.45,836.43,19.65,74.41,5.7,6.624
6.972,359.96,823.9,31.17,41.45,10.68,17.916
11.658,119.99,1132.23,23.7,58.11,16.68,51.906
7.573,220.84,847.24,20.51,56.68,29.86,28.068
10.201,63.63,1052.4,18.69,91.02,34.18,68.767
4.679,348.65,684.73,31.59,50.54,10.89,9.027
3.11,36.42,537.62,20.91,49.75,20.86,2.227
9.841,163.01,1045.05,29.99,72.06,22.26,100.168
11.16,40.92,1114.22,29.15,52.27,12.74,22.367
9.363,178.18,963.53,31.42,52.3,33.69,50.356
3.594,345.68,573.12,32.76,89.47,32.84,0.409
5.083,36.18,715.56,31.11,65.33,6.12,4.89
5.102,241.66,691.17,33.58,58.31,29.96,3.186
6.75,262.87,823.22,21.29,49.93,33.56,6.941
5.529,267.82,707.8,26.56,81.89,20.41,17.212
12.539,91.0,1208.41,17.26,76.72,32.23,201.24
11.522,150.42,1160.44,32.15,91.72,8.7,5.605
3.088,95.05,562.61,18.33,51.29,31.81,0.261
10.662,245.89,1047.69,39.47,60.03,25.82,129.733
13.326,93.43,1262.67,27.15,43.68,31.92,265.416
3.7,102.5,580.42,31.12,61.82,11.58,6.016
10.719,30.45,1085.97,30.7,46.0,32.88,109.843
12.51,63.91,1172.24,20.65,46.37,9.62,5.33
13.793,291.71,1280.28,32.51,94.49,14.83,19.102
10.833,254.8,1032.44,15.98,58.27,8.71,7.82
7.938,176.17,904.82,21.78,61.51,14.89,36.756
4.286,356.09,627.7,19.55,50.67,30.77,0.333
13.282,289.43,1279.98,35.83,91.06,24.22,149.286
9.366,47.34,992.59,27.61,42.47,11.73,22.683
12.663,10.99,1246.0,31.69,83.34,20.43,95.393
13.689,178.64,1255.85,30.49,50.66,10.63,5.597
6.018,44.46,731.14,29.34,85.44,34.88,2.381
8.907,120.92,953.34,28.57,67.46,32.12,45.772
3.436,340.07,622.62,26.82,63.38,21.04,3.002
7.853,150.91,924.91,36.97,79.54,9.0,12.58
12.243,357.2,1227.75,38.36,73.34,28.53,193.394
4.737,44.99,673.18,15.89,85.27,16.93,11.621
4.209,137.64,622.51,24.77,79.44,27.63,1.952
5.32,26.16,684.22,39.93,85.61,25.54,9.423
8.716,3.09,927.53,19.21,51.68,10.43,17.625
7.961,144.13,898.56,32.22,59.67,20.04,55.483
6.554,194.66,833.49,37.14,73.03,33.31,5.914
11.51,309.36,1135.32,24.67,42.77,19.25,86.367
8.809,345.64,929.1,29.46,55.87,31.7,47.016
11.442,304.15,1096.0,24.89,48.03,6.05,2.977
9.993,214.61,1075.38,16.21,77.38,20.79,91.234
9.792,67.44,999.87,15.02,82.43,20.99,85.377
12.855,316.42,1241.45,23.24,41.1,11.09,8.522
7.261,326.31,813.56,26.22,59.01,15.6,34.09
8.948,36.41,947.43,34.46,91.51,8.12,8.969
5.468,134.55,695.52,38.03,47.69,20.28,17.823
5.861,232.19,749.82,39.63,40.96,19.59,21.478
4.951,34.99,685.15,31.79,46.16,32.61,0.948
6.312,97.76,770.93,31.18,68.28,13.96,21.413
7.484,26.35,864.37,31.97,43.88,5.11,5.035
4.125,320.41,629.8,27.12,71.93,33.21,0.223
9.976,120.55,1052.14,17.38,56.69,18.41,67.629
12.518,61.9,1217.58,22.69,53.38,13.95,22.948
6.122,332.76,707.85,17.56,44.14,33.89,3.514
13.923,318.34,1287.43,20.13,76.08,13.22,12.132
7.011,11.75,830.63,18.91,40.87,20.87,42.265
7.782,313.83,860.43,25.7,64.12,23.31,54.288
11.9,180.57,1183.82,31.76,61.05,6.04,3.808
6.105,267.86,784.03,25.16,86.15,31.96,6.955
10.257,0.6,1051.09,28.13,92.06,14.13,35.421
4.243,185.46,628.2,37.07,43.13,25.92,3.434
5.513,223.72,707.25,21.66,61.45,14.14,16.988
10.588,139.72,1039.85,18.94,82.44,10.27,12.75
4.555,95.33,615.72,19.96,62.6,26.68,3.491
13.719,241.71,1300.88,31.95,66.98,9.71,3.378
12.514,212.9,1189.83,32.88,73.24,9.15,4.695
13.43,333.56,1247.71,16.8,62.16,5.6,0.506
7.358,292.7,855.51,18.74,64.63,15.99,34.887
10.726,222.35,1121.94,31.66,49.24,17.88,66.323
9.413,71.89,948.75,39.17,74.57,9.68,12.27
6.729,335.08,823.99,19.64,87.56,13.1,23.955
7.794,107.9,877.88,22.43,56.35,25.79,47.408
7.581,135.07,889.47,25.56,87.9,12.39,24.505
12.665,9.75,1191.85,19.01,65.47,25.69,193.188
13.579,128.5,1281.21,32.96,43.95,27.7,240.835
5.307,102.2,696.71,24.41,83.63,19.17,15.802
8.297,283.72,926.16,22.63,80.99,20.3,58.648
11.609,25.96,1112.13,36.16,76.69,34.04,138.146
4.166,271.46,649.22,27.62,63.47,26.42,3.11
9.738,302.11,995.58,26.54,73.51,34.72,51.218
12.254,26.37,1156.85,22.79,86.97,10.33,8.636
8.039,144.61,923.99,17.26,40.59,19.17,53.049
13.829,51.55,1270.74,34.78,91.52,7.15,1.154
7.163,57.5,794.82,26.5,91.82,23.47,38.867
9.918,272.39,1005.35,34.62,69.45,32.9,68.063
3.282,94.62,601.5,23.87,47.08,17.63,3.459
11.26,167.25,1138.57,27.09,46.25,9.16,7.843
3.182,268.16,621.34,31.59,50.62,17.0,4.053
11.451,242.5,1106.96,16.8,84.68,16.61,49.181
4.514,72.6,651.4,22.37,52.42,22.65,6.982
3.21,129.38,574.43,34.99,84.68,30.17,1.015
13.21,49.66,1253.34,35.42,42.64,29.83,248.969
11.678,268.78,1117.58,38.71,80.3,5.38,0.883
9.118,15.94,967.72,22.89,48.6,33.76,44.625
8.543,121.28,962.38,28.16,68.13,29.8,51.093
3.617,39.86,565.74,25.29,81.19,6.3,3.524
11.998,219.33,1173.91,38.51,50.01,23.44,140.622
9.666,328.31,965.87,37.21,87.32,29.8,82.191
8.305,39.74,901.85,34.14,89.76,27.5,54.852
10.686,347.84,1093.48,35.08,80.72,11.61,18.577
13.434,139.9,1259.9,30.98,82.53,18.99,66.1
6.102,18.88,791.11,22.36,47.79,27.42,14.474
5.951,122.82,762.68,24.89,80.25,14.87,21.122
6.851,202.42,885.85,16.93,62.5,14.22,24.855
3.633,157.94,639.45,27.33,63.53,34.16,0.369
8.181,196.16,936.59,31.9,74.25,13.53,30.099
9.912,81.91,1021.29,26.31,90.65,22.96,97.099
11.038,251.95,1104.16,38.62,89.64,22.62,114.49
9.756,224.98,1037.26,36.71,56.76,29.16,89.86
4.163,105.18,581.46,24.3,61.54,21.38,5.302
5.93,289.1,747.38,25.59,56.27,21.72,21.89
10.346,317.79,1016.61,21.84,85.39,15.61,46.525
6.82,265.14,783.32,36.53,83.91,6.97,7.642
9.966,258.15,1014.68,29.45,72.76,7.41,6.208
13.228,30.19,1253.9,31.22,46.88,9.83,4.456
8.292,347.05,886.01,20.39,89.23,23.58,66.546
11.565,179.77,1107.39,39.3,85.22,25.39,158.766
7.217,210.0,809.91,25.21,94.18,30.23,21.11
10.417,173.65,1047.91,39.27,54.64,24.01,121.04
12.954,222.35,1264.96,34.31,86.1,14.48,23.191
13.457,295.83,1252.81,22.08,55.36,6.05,1.053
4.114,137.83,603.65,34.7,50.04,17.59,7.033
8.285,277.87,897.81,26.37,94.46,12.17,22.372
4.926,291.81,675.81,24.48,51.44,17.39,13.378
8.683,109.65,952.13,25.51,67.51,6.38,6.24
7.736,200.28,801.71,30.38,48.69,33.95,14.962
9.434,229.82,1001.01,33.11,65.78,23.56,92.906
13.416,76.1,1266.83,31.89,72.29,13.78,14.996
12.663,137.47,1216.82,24.67,66.81,17.95,60.076
10.647,141.6,1080.61,37.84,70.18,12.81,24.358
7.119,250.17,848.82,27.73,62.0,10.47,16.028
4.667,45.36,674.24,33.48,42.87,15.39,10.289
10.468,324.85,1076.76,31.17,56.82,24.16,125.662
3.913,236.98,617.25,15.06,90.59,16.36,6.483
11.068,197.8,1107.9,36.2,49.51,30.04,150.366
7.72,188.97,918.56,26.82,83.52,31.74,23.221
9.138,287.79,994.73,30.26,47.79,8.26,9.601
5.587,95.48,754.89,32.41,67.91,15.94,17.649
9.701,0.81,1040.35,33.58,74.77,15.74,48.45
11.98,36.64,1160.2,20.62,83.92,33.79,169.224
13.553,309.57,1277.08,15.96,60.69,8.01,2.021
12.436,255.28,1237.8,24.09,88.04,23.07,128.334
5.863,198.23,766.35,37.32,69.13,5.19,5.37
10.394,271.18,1032.18,18.64,78.29,19.05,76.466
10.595,108.9,1081.59,20.19,57.14,19.01,73.989
7.059,154.53,817.04,24.64,85.71,11.68,20.78
13.866,84.9,1348.59,38.4,74.13,33.54,262.328
9.46,291.59,1000.98,17.05,82.02,15.19,41.627
11.856,254.3,1135.64,39.34,65.27,6.02,2.284
10.64,237.16,1090.9,33.24,74.1,32.9,99.456
3.68,6.67,558.41,23.54,68.08,30.13,1.427
9.611,29.68,1053.49,38.55,40.54,7.63,8.157
9.175,210.86,975.32,34.3,48.8,21.5,82.975
12.65,126.39,1214.87,25.28,90.75,20.32,93.468
13.163,261.92,1232.21,32.49,92.84,7.88,2.105
10.444,127.42,1049.07,37.01,94.47,10.44,13.146
9.439,248.61,988.42,21.78,83.54,17.0,56.496
13.19,325.88,1252.71,36.3,71.55,6.58,1.571
9.5,297.7,987.09,32.52,55.26,10.64,16.607
13.318,60.49,1237.84,35.09,58.56,10.3,4.948
3.818,41.17,603.28,27.07,55.36,15.32,6.58
8.629,19.96,983.84,30.96,70.38,33.19,34.171
3.023,177.99,594.21,17.77,58.71,18.27,2.401
5.159,353.76,761.15,18.87,43.27,18.93,13.707
11.215,155.09,1123.63,29.22,60.57,19.77,93.513
5.055,318.56,694.61,36.05,80.85,12.85,12.591
7.735,207.39,916.65,33.63,69.59,31.9,21.847
12.774,25.02,1208.04,25.94,90.28,6.54,1.379
10.725,260.63,1103.4,24.57,45.08,29.52,127.011
3.588,52.18,601.52,22.31,42.08,5.5,2.961
5.271,197.86,720.67,35.86,41.03,7.6,6.373
10.804,229.44,1103.6,35.93,53.08,30.3,125.805
11.603,288.42,1185.87,21.2,44.97,22.82,123.716
5.528,173.43,694.38,20.78,52.67,20.58,18.653
11.981,190.49,1222.46,38.24,44.01,6.23,1.288
4.548,83.67,691.99,26.73,61.95,5.21,3.169
11.154,174.29,1095.33,31.85,65.24,18.82,79.921
8.024,12.4,879.3,37.1,69.14,30.26,36.124
11.452,222.38,1119.27,16.64,90.34,7.04,3.885
4.348,257.41,610.7,30.68,54.36,29.26,1.772
4.336,209.67,636.78,21.32,92.0,12.67,8.379
4.927,258.36,699.8,31.31,92.46,5.28,3.091
8.775,54.8,999.43,35.39,64.4,24.93,70.326
6.008,117.04,728.68,17.0,73.1,27.47,11.996
7.767,242.72,877.07,24.92,40.61,29.73,31.251
6.726,179.79,809.95,27.4,67.41,34.63,6.849
4.302,161.98,649.91,25.87,52.36,20.72,8.075
11.885,257.92,1199.01,15.29,90.63,9.53,6.097
13.72,187.28,1286.88,36.76,66.42,22.42,121.878
13.849,32.4,1342.63,28.99,44.89,25.88,192.9
10.457,26.38,1039.13,22.19,46.32,23.97,122.682
12.942,122.83,1255.02,29.98,60.72,12.16,10.544
3.275,250.1,576.58,25.64,86.76,19.36,3.012
5.988,186.33,768.52,39.24,94.95,13.06,18.825
7.5,329.85,896.62,26.6,72.97,34.12,13.131
11.813,297.01,1115.71,27.19,50.93,19.38,78.689
5.119,192.05,688.36,29.1,51.21,14.88,13.859
9.627,323.37,1066.34,35.63,59.87,12.07,21.247
5.491,325.19,709.59,38.32,80.85,9.0,9.944
5.017,149.51,665.67,20.48,59.58,20.49,13.457
5.146,334.35,712.17,35.31,66.05,14.24,13.692
13.164,358.97,1226.11,36.4,67.61,18.96,67.63
4.223,135.33,632.48,30.61,57.4,27.01,3.371
11.687,309.19,1186.8,19.06,54.35,19.61,80.524
13.291,144.52,1273.12,33.53,78.16,17.53,47.287
8.695,213.85,947.52,33.19,48.22,16.91,52.957
5.554,312.61,758.02,38.72,41.66,21.23,17.602
4.923,234.29,677.35,29.19,79.98,6.07,4.018
3.321,127.39,531.59,25.7,75.57,24.97,1.784
8.906,240.13,930.18,25.2,42.62,22.45,77.328
12.727,87.81,1250.87,35.7,80.06,30.42,202.015
10.449,351.38,1066.57,32.26,72.59,33.96,87.101
11.196,27.12,1077.58,35.48,42.55,12.24,18.253
3.394,290.69,540.52,27.81,69.09,6.92,2.246
5.461,59.4,755.68,28.16,59.5,29.65,4.756
5.532,146.75,775.2,36.21,76.5,11.69,12.977
4.615,323.83,651.82,34.69,67.38,31.7,1.435
4.296,200.93,642.72,38.95,71.57,14.68,9.886
3.223,163.22,562.4,30.26,59.34,18.79,3.031
12.54,206.96,1189.35,31.69,78.95,32.08,226.602
3.387,92.01,605.2,29.42,90.21,20.46,2.795
6.704,95.73,820.02,21.53,75.37,14.75,24.697
4.711,116.71,689.26,25.07,51.32,12.45,9.855
13.308,15.06,1285.12,33.21,54.98,29.37,259.743
4.667,102.39,665.86,31.3,60.13,34.45,0.0
12.997,228.03,1230.57,35.19,84.21,5.12,0.736
3.987,211.56,619.15,18.36,66.85,19.85,5.894
10.222,35.18,1029.17,24.66,62.89,6.33,4.544
3.409,93.86,539.8,32.26,75.21,18.68,3.563
7.041,91.88,811.0,24.34,53.17,17.84,36.139
4.819,54.85,622.85,28.39,79.0,16.61,12.28
3.62,175.31,567.22,34.56,89.61,32.42,0.067
4.004,55.49,599.67,17.7,52.45,13.93,6.873
8.985,312.6,981.18,30.55,90.52,20.29,72.107
9.66,144.58,988.71,25.87,70.36,25.11,106.442
9.573,113.0,975.3,24.45,78.56,18.87,68.904
7.054,329.05,827.71,34.08,48.82,7.46,9.519
10.675,48.06,1086.57,30.31,88.53,5.77,3.009
7.735,213.69,909.7,35.26,49.39,18.77,48.531
11.547,15.17,1146.78,22.51,54.07,9.12,7.828
13.614,358.86,1258.28,31.83,70.12,20.36,87.728
5.321,39.74,716.04,32.88,92.81,26.09,9.423
5.485,177.49,747.6,30.94,61.46,12.62,15.494
8.471,327.56,951.44,29.81,51.49,32.23,34.859
4.794,192.06,657.74,36.71,84.48,22.12,10.523
4.319,97.29,662.36,39.24,53.65,21.43,6.251
4.399,103.29,637.59,15.06,69.73,26.92,4.136
7.688,94.73,868.29,17.97,91.83,27.39,37.436
12.742,17.93,1231.96,36.67,60.99,14.96,29.196
8.344,245.85,946.94,17.52,92.6,5.03,4.032
7.708,206.21,854.02,28.01,58.28,31.91,23.676
10.264,65.12,1048.46,37.86,61.39,30.99,99.74
5.797,147.93,686.84,27.56,43.38,16.89,20.572
5.59,112.62,731.82,23.89,85.33,5.9,6.118
8.036,130.6,910.67,30.86,77.21,31.56,29.837
9.484,7.4,995.99,30.74,63.53,13.97,36.925
4.701,36.94,670.08,15.72,59.02,23.84,6.935
12.172,280.36,1143.12,22.19,41.45,24.04,149.2
5.343,223.28,732.46,25.27,64.04,8.73,8.945
7.135,19.39,882.61,33.56,67.11,22.25,39.368
5.87,121.11,756.1,22.39,62.89,7.42,8.456
13.863,356.0,1277.1,20.29,78.39,21.66,105.157
4.293,347.12,585.41,16.02,69.85,34.0,0.74
13.07,9.39,1176.1,15.84,64.54,23.04,132.064
12.039,33.86,1172.97,29.28,62.16,5.33,0.912
13.176,310.4,1188.23,38.54,68.01,29.69,229.18
13.32,156.07,1260.52,15.81,69.86,24.91,184.764
8.394,283.86,931.91,30.16,42.45,15.8,40.711
5.192,214.53,672.86,21.99,92.97,19.35,15.256
5.697,315.25,743.79,21.2,57.41,34.39,2.997
10.938,4.57,1100.36,35.48,58.49,20.64,105.056
9.282,55.0,984.74,15.44,51.25,5.33,3.788
13.041,218.99,1257.68,24.49,69.48,30.35,252.017
8.403,182.7,907.43,23.08,60.03,23.78,71.29
4.012,253.46,674.98,37.47,86.66,7.75,3.56
4.751,284.88,648.86,18.46,56.81,26.19,5.622
12.1,226.59,1164.49,32.48,44.78,31.62,195.424
10.087,141.49,1068.66,21.89,45.67,19.3,77.902
12.293,359.05,1183.49,29.82,91.92,19.75,90.172
11.191,32.48,1132.42,27.21,72.13,11.93,18.412
4.924,128.92,689.13,23.6,52.32,12.72,12.222
12.33,196.8,1234.97,30.2,73.97,27.59,200.688
13.166,60.66,1257.29,19.42,90.25,18.87,64.229
11.711,140.08,1123.26,24.95,88.42,34.29,150.014
8.179,170.04,903.75,22.46,45.34,13.61,32.013
4.028,350.21,622.73,19.39,83.41,23.94,5.164
3.856,255.53,666.02,21.41,76.27,19.19,4.18
10.96,305.74,1068.72,31.79,51.14,23.92,129.934
8.775,106.05,909.52,29.7,86.7,22.98,69.031
3.829,54.99,605.4,36.83,77.95,31.39,0.402
6.394,110.33,812.77,31.13,83.42,31.2,9.043
5.321,321.12,758.88,30.09,68.68,20.42,15.854
10.748,302.82,1080.76,37.76,70.06,13.77,28.708
7.904,239.49,910.79,21.94,90.03,11.29,19.987
10.248,137.86,1066.09,27.02,71.31,12.48,23.922
3.914,25.32,621.11,34.44,46.99,30.92,1.017
8.843,126.4,941.92,33.89,59.55,10.86,18.642
11.776,262.15,1119.11,28.17,61.13,10.19,8.536
4.63,337.95,631.02,17.53,53.55,10.18,7.834
10.921,207.14,1102.76,34.89,59.89,17.06,58.808
10.25,20.13,1047.65,35.83,44.76,9.75,11.817
8.168,305.83,900.11,19.7,68.11,33.46,23.894
7.828,157.76,875.28,21.89,58.88,16.22,44.028
10.152,359.57,1041.1,26.04,92.09,7.02,5.296
6.726,354.31,786.45,36.03,65.06,33.75,7.861
7.087,202.84,874.66,25.52,91.24,15.07,30.606
10.401,33.47,1046.31,25.96,83.07,28.05,130.736
7.776,320.63,929.69,27.0,45.12,9.8,14.661
13.651,293.63,1290.81,18.14,92.95,14.92,19.743
13.409,203.12,1228.65,32.65,57.46,31.36,279.364
4.083,238.26,657.85,34.55,54.74,26.79,2.534
8.695,290.92,939.12,15.34,76.47,28.44,59.909
12.633,273.94,1203.83,24.95,45.89,23.88,147.655
8.093,195.1,891.31,29.79,58.1,8.02,10.602
9.116,179.85,939.94,39.41,76.49,7.29,7.352
7.924,93.93,863.38,29.61,77.47,17.71,44.821
6.526,169.96,767.42,31.89,68.93,29.9,13.86
8.885,42.57,963.76,25.64,49.78,32.94,42.902
7.044,235.71,832.33,24.15,73.66,30.84,16.755
13.427,103.84,1286.5,32.49,76.66,28.55,230.995
9.133,32.2,1004.0,28.58,75.26,28.06,79.25
8.392,303.86,952.58,27.25,54.95,14.61,36.089
10.675,221.33,1050.02,25.09,62.62,25.87,141.188
7.187,113.93,905.91,15.61,50.56,27.82,24.956
6.16,66.37,747.72,24.62,50.8,22.63,22.886
6.785,34.23,780.64,20.5,89.35,18.92,33.871
3.5,152.08,577.3,39.47,59.12,13.13,4.582
9.931,22.33,1036.48,20.53,81.81,25.31,111.657
5.08,73.08,636.19,17.88,56.25,6.54,5.486
3.029,142.61,567.9,32.48,50.12,21.9,1.613
4.765,125.84,669.95,38.73,83.11,17.78,11.424
4.307,2.0,655.27,29.14,87.11,8.88,7.076
11.821,287.04,1140.27,16.0,61.83,22.46,122.621
3.164,337.72,566.47,27.44,92.98,12.25,4.074
11.528,134.82,1161.49,34.71,77.89,26.1,162.319
5.241,258.49,705.57,29.02,47.63,18.26,15.868
12.756,100.18,1229.87,29.47,63.09,18.38,60.91
9.821,30.35,1060.15,29.61,43.87,11.37,18.802
10.632,188.29,1073.83,38.48,41.96,5.05,1.824
10.621,191.03,1105.0,28.44,79.07,21.88,110.35
12.516,175.76,1194.55,34.18,91.78,7.07,2.356
10.343,321.62,1051.26,22.5,49.51,6.33,4.556
13.505,223.43,1285.56,20.43,47.85,17.12,41.284
10.184,95.05,1065.36,15.88,72.38,28.28,107.436
11.069,52.92,1111.01,15.6,72.41,20.42,97.73
4.341,196.25,672.38,20.93,55.32,14.05,9.378
8.954,198.26,921.76,20.43,42.3,15.36,45.716
11.688,284.64,1111.92,18.3,67.17,21.34,107.104
10.808,186.64,1104.57,39.98,45.32,21.55,106.865
10.713,107.59,1089.65,31.39,54.21,10.13,11.354
8.91,349.37,981.4,21.35,84.92,33.79,37.269
4.029,250.76,610.4,36.08,78.52,15.85,7.059
12.0,196.15,1191.06,35.03,90.3,28.81,193.985
13.035,97.16,1214.04,15.64,43.86,9.71,3.727
10.005,253.39,1060.58,39.79,85.86,6.58,4.955
7.369,266.45,821.87,15.57,91.58,26.61,32.935
7.496,65.21,861.75,24.42,54.92,6.41,7.234
5.144,282.14,682.75,16.69,41.91,11.43,10.768
9.436,268.93,976.77,39.83,40.23,20.93,76.78
7.296,53.31,886.77,29.33,61.66,10.19,16.534
6.048,359.69,773.68,26.45,82.97,7.05,7.465
12.476,204.98,1189.41,15.93,90.29,5.52,1.709
7.872,335.2,876.48,33.29,66.15,18.09,48.975
8.246,101.37,909.06,18.7,74.48,7.98,10.861
3.272,236.2,608.55,34.33,87.49,29.64,0.32
9.573,297.32,983.36,15.25,43.15,21.91,87.5
4.902,41.23,701.42,33.67,80.0,17.48,13.748
12.897,239.57,1253.73,29.22,47.05,28.95,233.272
11.357,151.62,1170.25,37.09,42.73,32.17,143.36
10.764,129.62,1085.49,19.08,46.45,29.97,136.033
10.735,249.69,1053.17,25.72,62.45,7.38,5.388
8.507,302.65,914.48,18.49,90.62,33.02,31.346
8.435,229.2,919.5,30.31,66.25,31.84,37.442
8.066,150.69,856.57,24.47,63.21,29.13,42.989
13.606,257.19,1319.68,20.49,78.64,27.93,228.277
11.63,343.88,1136.44,37.74,51.69,8.32,5.497
13.931,92.11,1311.48,23.83,78.6,34.94,279.332
10.603,47.95,1103.41,22.65,45.23,10.75,14.617
13.388,15.44,1288.4,16.32,86.35,21.82,115.119
7.647,27.2,853.68,22.32,71.97,21.11,53.563
5.496,148.59,723.8,20.11,65.15,18.76,19.082
8.928,275.62,950.35,17.28,69.86,32.05,44.586
6.651,236.83,793.29,38.95,94.94,8.37,11.609
13.018,351.76,1218.83,15.93,79.89,34.06,239.061
4.642,294.48,664.11,31.63,70.85,10.74,8.494
11.702,52.17,1110.75,33.93,86.0,15.7,40.767
9.756,328.74,1021.58,24.21,82.64,25.84,108.629
4.223,140.91,631.62,23.07,84.09,21.38,6.729
4.201,169.34,653.85,15.01,47.14,25.82,3.667
5.212,71.92,742.5,16.77,55.78,23.67,10.661
8.167,56.18,947.84,16.76,63.01,34.61,18.437
4.327,22.75,664.74,36.61,87.28,19.96,7.622
4.955,41.58,698.22,27.34,66.3,21.35,12.396
11.404,92.67,1110.3,16.04,51.23,16.92,51.923
8.075,31.68,913.61,31.6,48.35,28.35,47.566
13.673,323.12,1273.43,19.62,50.88,25.91,199.5
4.41,217.67,672.78,39.0,90.71,7.35,3.846
5.497,99.35,716.33,36.5,40.8,33.41,2.501
7.61,40.63,887.45,18.28,58.88,21.74,50.093
5.836,162.63,751.79,20.5,51.01,13.89,19.532
4.199,72.75,644.86,32.13,60.32,33.57,1.288
12.994,99.11,1196.15,36.78,59.26,18.45,56.042
6.848,132.31,812.88,18.55,92.72,20.19,37.26
9.144,349.4,985.97,37.69,84.51,34.95,35.141
6.744,187.63,854.28,30.24,90.74,6.26,6.919
11.114,22.26,1141.69,36.64,71.11,14.41,32.708
13.761,89.4,1331.95,25.65,64.31,27.69,223.02
11.144,269.5,1117.12,32.25,61.81,15.02,36.324
8.383,42.46,932.97,16.99,44.59,23.24,68.948
11.784,68.69,1165.69,30.45,71.35,10.11,9.059
12.093,278.0,1129.67,37.77,69.29,31.53,174.841
7.047,224.97,859.25,35.2,40.76,18.94,38.166
6.355,167.32,798.46,15.47,55.43,19.99,29.825
13.732,57.05,1279.07,36.17,83.67,32.89,294.762
5.55,117.04,711.32,16.11,70.05,12.43,15.297
11.794,239.91,1132.81,35.41,83.87,9.35,6.972
7.645,195.4,842.98,18.69,74.11,19.11,47.962
10.681,180.83,1087.66,31.43,55.32,17.59,63.659
10.479,290.04,1034.23,36.5,76.51,21.27,91.583
8.548,297.17,903.7,24.01,50.06,14.32,34.527
8.679,295.1,921.64,19.41,75.24,13.54,32.522
12.176,321.51,1175.55,26.52,46.87,7.42,2.648
9.975,224.54,1024.1,29.68,46.09,14.31,36.071
7.9,57.88,937.0,17.41,69.83,6.3,6.331
11.508,287.05,1071.04,26.18,78.33,7.64,3.423
9.507,135.72,965.13,26.79,47.87,25.48,97.404
8.678,247.54,928.41,37.88,49.38,29.2,54.611
12.308,95.27,1243.39,23.15,91.43,31.01,185.207
9.686,134.13,995.63,19.03,74.98,14.17,35.244
13.043,328.21,1277.12,35.27,91.14,27.31,208.737
7.307,44.69,826.02,27.59,83.1,6.27,7.115
4.804,310.82,679.48,34.09,76.08,28.58,3.903
5.037,263.78,702.08,18.43,91.03,16.04,14.37
4.318,86.49,603.72,34.26,73.94,23.57,3.733
6.642,224.08,835.88,36.44,89.51,26.06,23.205
7.118,95.27,816.2,24.15,67.85,27.96,25.544
9.549,284.43,969.24,29.21,76.66,14.43,35.657
13.24,56.36,1209.57,19.24,48.57,10.46,5.955
9.938,285.56,1016.56,22.09,70.82,13.55,30.835
4.735,13.69,667.72,22.36,93.75,10.33,8.488
11.63,286.75,1112.39,17.77,73.02,21.9,107.867
7.927,89.45,889.59,24.15,87.59,23.96,52.314
11.21,52.6,1080.42,16.28,74.45,30.78,147.916
6.892,356.75,806.61,36.88,66.23,31.52,13.617
10.14,42.98,1066.73,36.34,46.94,24.06,108.94
12.216,97.18,1134.64,28.94,60.7,6.53,1.944
10.072,76.53,998.01,24.83,92.57,6.62,4.476
7.246,184.09,827.9,35.7,77.45,32.24,15.992
3.218,81.5,547.57,34.12,69.23,14.77,3.356
5.05,185.13,667.16,26.73,80.36,31.6,2.808
3.637,88.53,574.86,22.35,40.0,28.88,1.382
4.898,190.13,692.11,15.7,52.96,22.65,10.408
10.387,249.31,1098.24,26.12,58.63,23.11,103.377
3.547,96.25,603.48,31.52,54.18,24.8,1.204
3.79,62.51,619.32,23.01,83.99,14.75,6.054
12.31,225.34,1156.71,19.56,88.39,33.43,185.376
9.162,244.64,961.32,19.61,46.25,32.74,48.271
12.832,350.77,1226.15,37.36,72.7,18.01,58.899
9.826,228.8,1022.82,35.98,46.79,27.67,101.761
12.533,94.64,1215.0,34.8,43.01,5.87,0.701
11.774,172.89,1160.82,16.87,80.8,28.02,195.478
7.215,168.31,879.86,31.43,70.84,17.84,39.878
13.225,258.08,1260.34,16.5,63.09,21.21,97.664
4.958,262.81,704.22,15.55,78.38,13.41,11.872
7.998,7.3,855.39,20.05,68.39,10.76,18.633
5.476,163.63,701.16,33.47,87.53,25.09,12.362
4.719,104.51,680.13,32.73,43.67,31.35,1.722
12.06,37.43,1201.18,25.37,70.2,16.1,44.33
10.652,118.06,1026.97,30.9,65.94,26.78,127.689
13.455,147.59,1321.16,27.52,57.81,34.08,262.468
13.926,96.62,1312.45,33.89,68.09,33.82,279.758
12.373,316.14,1178.0,30.49,67.04,21.96,119.479
4.985,227.57,687.04,29.86,53.91,24.45,9.796
13.74,91.8,1277.05,20.44,65.46,18.64,52.041
12.139,94.4,1174.02,29.9,79.57,27.51,181.164
3.642,293.96,605.46,26.86,88.31,29.73,0.076
13.127,11.38,1238.85,39.97,91.18,7.25,1.78
3.839,89.97,638.29,25.21,73.89,28.55,1.521
12.847,256.26,1224.62,28.49,78.23,6.65,1.015
4.219,102.56,632.6,15.08,76.01,12.59,8.242
6.475,315.76,807.29,34.37,86.37,9.02,12.215
13.706,327.74,1251.01,16.61,77.42,7.6,2.639
9.251,130.42,935.42,32.16,83.24,20.76,77.731
13.294,25.51,1259.28,23.54,44.87,31.34,273.82
3.12,0.06,561.89,28.33,68.18,32.56,0.0
10.064,107.42,1008.14,34.68,56.96,9.8,12.006
8.578,117.34,970.35,38.79,83.4,7.35,7.523
11.309,202.93,1125.86,23.88,69.5,32.94,144.318
5.209,166.84,724.05,36.54,91.81,34.43,0.882
10.945,85.26,1097.16,38.94,64.82,10.1,10.394
12.167,248.53,1150.71,19.83,65.0,22.42,119.094
5.293,338.17,704.53,22.84,78.2,13.87,15.843
6.015,239.15,714.7,27.37,90.75,9.03,10.95
9.464,278.13,927.06,35.31,91.5,8.12,7.337
13.652,52.0,1301.66,33.91,81.17,28.18,241.697
10.498,116.7,1049.57,39.49,71.79,24.75,121.861
10.556,166.74,1041.78,34.26,53.85,32.27,109.562
7.469,257.81,874.34,25.16,79.34,13.14,26.126
7.316,10.84,878.93,35.47,66.72,19.09,43.009
13.482,286.43,1293.88,35.98,51.51,34.27,252.491
4.275,306.86,647.0,33.5,84.89,16.53,8.379
12.866,188.09,1226.91,34.21,49.97,21.91,123.233
3.646,290.89,596.41,19.25,69.82,16.82,4.711
3.033,235.56,586.83,32.89,76.35,14.95,3.002
8.57,217.94,954.08,34.58,53.16,25.14,70.982
11.94,82.6,1158.63,33.34,90.66,23.15,129.708
13.952,107.87,1255.04,32.28,82.84,27.44,222.233
6.115,149.29,750.35,21.46,87.11,33.31,5.608
6.203,323.54,739.11,25.12,51.87,26.61,17.658
7.252,271.37,859.85,36.08,66.78,18.22,37.311
3.175,351.53,575.3,37.07,54.62,32.29,0.397
7.683,314.51,858.91,24.87,60.62,25.81,45.1
8.889,117.35,976.09,29.84,40.35,22.45,77.721
9.901,18.77,1010.47,37.01,67.61,9.51,12.23
3.682,118.62,625.63,15.45,81.53,18.86,4.487
4.667,300.45,646.27,25.59,94.63,13.37,10.811
6.466,309.89,800.37,32.41,83.27,14.74,24.87
3.394,190.52,579.55,34.72,57.74,13.74,4.726
7.278,24.31,790.37,37.41,83.32,9.29,12.324
3.717,217.02,613.42,36.31,47.8,17.57,5.572
3.661,210.61,588.74,27.63,87.19,9.21,3.611
3.298,24.37,616.7,25.93,69.77,18.88,2.516
5.711,48.27,716.31,23.15,45.04,12.61,16.016
12.695,82.12,1231.47,36.08,56.7,16.52,38.776
4.58,133.92,652.19,38.0,71.19,27.42,3.455
11.002,310.78,1100.59,20.99,58.9,21.17,104.78
10.622,59.5,1062.37,22.05,55.44,30.18,125.568
3.384,348.8,543.12,37.78,78.67,30.71,0.071
11.723,32.96,1119.21,30.31,79.36,14.73,32.571
13.972,356.72,1310.03,34.34,56.44,7.15,1.158
8.275,130.71,872.03,16.42,52.5,11.08,19.532
10.108,63.65,1012.38,16.64,49.13,16.62,50.797
4.073,339.53,645.89,28.14,73.16,14.84,8.112
10.854,24.03,1074.96,17.02,75.89,29.15,143.264
9.009,74.46,973.07,16.13,61.25,29.5,60.851
11.791,212.18,1134.26,30.05,93.04,19.04,80.219
13.663,132.3,1329.81,38.75,80.91,24.3,149.112
3.238,212.51,505.04,22.7,47.58,15.13,3.782
13.895,267.93,1261.65,19.83,61.19,10.8,4.202
5.603,8.4,771.06,29.83,87.55,15.83,19.015
10.855,48.65,1114.2,24.36,55.97,29.28,139.044
4.86,122.8,695.85,36.67,43.91,16.76,12.82
5.229,126.4,716.96,22.88,82.58,27.04,7.234
13.205,76.88,1290.64,23.69,45.47,8.24,1.772
4.362,236.24,666.18,21.1,47.68,29.93,3.191
8.163,247.74,962.56,16.35,49.92,27.24,46.313
7.075,227.55,834.97,33.5,48.35,20.5,39.738
3.33,206.06,543.3,20.4,80.2,11.4,3.968
5.408,16.82,681.77,31.31,43.48,7.47,7.44
10.093,202.41,1049.72,39.8,63.25,30.75,97.358
12.05,183.66,1204.94,29.05,62.39,24.08,153.041
9.002,95.75,1007.49,20.1,57.48,32.2,44.165
7.638,354.34,837.34,21.2,91.84,15.87,38.319
8.97,356.76,971.39,26.3,76.24,6.09,5.195
7.486,178.18,841.64,16.29,55.37,32.84,16.8
10.217,336.61,1041.22,28.24,94.18,13.2,28.608
10.596,340.76,1019.79,29.59,77.75,22.3,110.827
11.883,326.6,1164.83,21.39,47.97,31.9,183.799
5.9,209.82,726.35,15.92,56.56,28.26,11.19
11.964,296.94,1164.17,19.76,77.02,23.68,141.155
6.928,183.42,839.99,25.41,68.86,28.41,23.276
12.184,193.96,1175.34,21.3,58.72,18.64,75.038
11.985,303.41,1149.84,31.3,49.48,15.34,35.845
7.894,182.45,856.85,16.76,90.68,22.79,57.415
7.488,31.28,837.72,32.59,56.82,25.02,43.677
13.278,21.11,1246.26,32.34,84.05,6.47,0.694
3.476,41.89,602.81,21.42,40.78,29.79,1.302
6.733,301.99,834.6,29.73,40.63,30.62,13.249
4.91,319.78,662.07,29.68,84.15,14.03,13.14
5.359,6.69,722.22,33.37,69.37,24.73,11.446
10.845,142.16,1065.37,34.06,69.32,27.44,144.412
7.853,188.37,893.61,18.25,75.83,25.38,50.666
9.989,328.08,1046.23,29.52,66.2,28.59,108.552
5.428,127.86,746.55,30.4,87.33,17.71,17.874
11.905,90.29,1124.94,19.88,91.32,6.61,1.954
6.718,284.2,814.21,17.76,93.6,29.46,15.286
13.388,104.75,1296.5,37.2,52.5,26.75,200.737
13.726,175.26,1279.6,22.22,91.79,34.38,294.37
6.918,268.2,857.26,15.51,47.99,6.46,6.057
6.649,187.46,762.49,23.0,87.86,11.24,18.587
3.921,160.18,601.52,38.92,68.61,19.09,4.918
8.658,197.29,924.39,25.47,93.15,5.56,5.368
10.667,32.51,1082.33,25.49,88.12,11.81,19.95
6.338,28.65,739.13,27.73,45.05,18.19,28.128
5.817,197.9,764.18,16.86,67.67,24.4,16.576
13.499,284.87,1267.94,37.12,82.6,20.77,84.473
11.141,201.73,1110.91,18.51,62.82,22.89,131.024
7.754,133.61,866.41,33.34,69.26,24.1,49.572
11.35,114.24,1132.52,22.0,93.09,18.83,73.652
6.424,249.25,783.48,34.81,50.18,18.66,29.53
13.157,44.61,1218.52,32.2,85.05,8.84,3.163
5.092,159.56,714.5,17.58,47.98,33.12,2.127
11.395,299.07,1101.83,25.97,72.4,26.04,156.044
3.223,244.08,596.21,21.26,78.54,32.11,0.0
3.922,142.13,569.05,19.87,53.4,34.05,0.0
7.383,45.93,854.88,27.64,64.85,26.59,34.999
8.511,13.49,952.08,15.39,48.25,28.48,53.843
9.566,175.06,962.44,32.4,68.49,7.07,6.614
9.285,257.95,968.81,37.85,93.45,29.68,66.444
9.228,67.43,989.67,38.09,77.02,5.96,5.342
11.559,306.67,1183.08,27.35,68.55,19.61,84.305
10.481,192.07,1099.17,29.98,50.06,26.87,132.624
8.627,84.43,940.32,39.39,53.38,32.15,36.122
5.082,316.56,707.99,22.01,67.89,28.71,5.607
4.649,348.07,615.49,24.46,82.65,32.79,1.32
7.523,318.66,883.67,33.18,86.18,27.05,37.97
3.247,109.85,601.81,24.55,80.51,13.64,3.048
12.6,303.29,1232.67,35.61,81.36,12.86,15.114
6.155,2.66,766.95,18.19,94.71,28.94,11.655
5.43,162.99,751.36,39.38,93.28,13.53,14.488
10.438,237.4,1083.3,16.5,46.75,32.57,93.879
10.26,218.72,1067.96,28.39,87.66,28.82,114.267
7.433,277.19,846.75,22.91,52.26,23.82,41.756
6.463,338.29,778.95,19.4,48.31,30.65,11.49
11.765,244.65,1138.32,30.84,42.62,10.52,10.125
5.96,234.7,765.74,20.77,75.25,28.45,10.897
11.02,68.67,1128.24,28.36,88.84,5.31,2.341
10.561,99.99,1075.65,39.97,71.48,15.86,46.088
7.028,157.97,870.19,29.67,49.64,6.14,6.794
10.784,190.88,1071.64,31.45,84.07,26.56,149.599
4.333,14.23,622.82,24.59,45.56,29.28,2.084
3.602,43.63,613.88,19.71,54.01,13.22,4.298
4.085,302.41,637.74,39.21,46.81,8.38,5.2
10.378,312.81,1060.94,33.62,71.74,12.34,22.829
5.142,266.21,723.13,33.03,81.45,24.13,10.064
4.493,258.02,642.89,22.87,88.79,34.43,0.584
8.444,114.1,917.28,19.3,45.49,23.53,69.798
7.318,33.52,862.21,32.26,44.64,11.71,20.77
4.561,33.06,587.64,23.22,66.37,28.71,0.938
11.944,308.15,1152.4,31.55,44.88,12.4,17.553
6.56,43.42,791.23,31.31,75.62,30.75,11.684
8.152,218.3,899.96,28.43,44.77,8.18,10.996
11.965,269.03,1137.71,35.96,45.64,11.27,11.699
4.254,156.6,633.29,26.15,42.85,32.73,0.594
13.329,346.34,1243.77,31.86,89.61,5.82,0.81
5.886,125.26,755.85,38.81,75.62,21.41,21.035
9.951,253.99,1050.07,19.76,82.17,21.89,95.379
5.25,164.02,704.66,24.33,75.09,34.96,1.185
6.469,126.28,779.25,32.19,65.54,17.77,28.354
13.407,25.83,1280.33,39.51,65.52,14.32,18.349
5.982,6.82,745.02,20.71,59.15,28.93,10.552
5.729,269.0,732.4,22.74,74.66,25.03,13.901
3.18,200.21,612.87,36.67,68.03,29.82,0.195
9.318,339.09,996.58,35.63,79.14,25.84,91.888
8.974,124.07,951.21,16.13,40.77,30.92,55.296
11.642,187.15,1177.71,21.39,77.73,27.45,182.718
4.43,123.28,647.84,28.52,68.51,5.39,3.811
6.656,232.16,794.08,30.25,50.22,32.01,10.078
13.736,122.94,1290.1,33.56,56.56,30.3,267.008
4.601,44.59,655.62,25.01,68.23,13.12,10.779
13.982,81.12,1336.04,28.61,85.0,17.52,37.659
7.991,183.56,908.83,19.93,46.48,28.06,45.79
3.549,122.7,572.98,18.82,75.35,20.71,3.845
13.804,92.96,1273.92,16.29,69.54,23.48,135.363
7.011,210.21,828.07,26.77,54.14,15.37,33.125
3.382,355.84,561.88,22.42,78.92,31.01,0.0
10.75,251.91,1081.17,33.3,83.7,16.16,47.324
6.522,97.34,783.93,30.06,50.04,7.94,9.324
7.98,250.87,845.86,36.34,91.1,32.28,22.384
5.021,184.92,676.43,18.52,74.96,18.77,14.964
12.605,55.9,1243.18,38.76,89.89,17.31,46.678
5.415,306.78,714.95,30.38,57.64,33.97,1.921
12.572,350.08,1202.6,28.29,77.07,18.03,62.306
9.01,299.47,1002.47,27.66,90.5,15.09,39.69
12.202,273.24,1219.67,23.69,49.03,22.73,126.91
12.63,137.21,1268.8,21.12,45.79,16.28,39.008
12.117,301.75,1158.08,24.75,89.0,6.45,2.283
10.48,295.37,1018.31,35.31,51.14,7.37,4.612
7.361,106.31,803.14,26.46,89.26,14.89,31.172
7.437,102.86,909.81,17.29,91.24,34.93,8.831
6.742,343.79,800.15,18.64,67.74,16.49,30.928
4.635,271.67,685.27,36.75,54.41,29.22,2.891
12.758,331.32,1217.96,24.1,77.81,17.06,46.899
3.15,76.55,542.99,24.57,58.72,7.53,2.844
7.647,296.5,877.96,26.49,61.46,10.51,18.567
12.807,231.33,1215.42,38.23,52.46,32.52,233.376
8.536,113.6,837.04,23.62,50.21,22.95,57.852
6.129,161.04,775.02,22.24,67.49,17.44,27.45
13.348,41.68,1284.37,38.89,92.18,28.18,227.586
3.496,77.3,603.91,33.66,58.41,30.19,1.668
11.579,35.93,1108.28,31.81,84.4,23.33,130.78
12.752,225.97,1193.74,30.94,74.52,14.35,23.952
6.317,283.83,717.46,27.35,40.34,30.67,8.677
12.918,110.12,1259.01,34.98,41.41,11.08,6.931
4.858,101.92,693.13,28.43,63.71,32.47,2.122
13.647,51.02,1277.71,26.42,62.56,18.06,49.7
8.028,360.0,897.1,16.4,90.21,19.66,55.757
4.746,245.02,659.78,33.94,90.99,26.37,4.736
7.533,339.32,835.24,26.49,63.79,34.69,12.596
8.165,42.55,911.86,21.38,89.39,26.4,55.998
11.151,45.78,1091.6,19.89,87.36,32.82,128.993
10.997,62.75,1120.43,32.23,72.71,21.14,102.181
12.992,152.17,1262.92,22.53,68.89,32.15,255.486
6.742,232.31,792.86,27.82,43.91,24.13,30.372
3.186,358.16,585.32,20.53,53.15,17.53,3.705
8.316,122.47,919.16,35.62,75.61,28.43,49.436
3.953,192.8,598.55,28.58,61.2,10.48,6.373
13.938,197.11,1289.62,30.12,62.92,30.27,296.81
3.148,195.31,548.53,37.76,64.25,21.66,2.479
10.215,10.17,1046.05,21.46,84.38,16.66,56.668
7.356,228.93,857.94,39.65,45.37,14.84,30.695
8.788,69.78,963.37,38.39,44.85,33.0,34.824
6.198,185.38,819.72,15.5,70.9,19.35,26.516
5.883,312.98,719.44,29.57,79.0,34.84,2.595
11.602,305.85,1140.03,19.23,81.98,29.8,178.831
8.923,215.41,961.45,18.56,71.24,27.69,75.672
12.115,247.06,1216.42,23.42,90.42,23.53,133.873
6.761,264.46,821.7,37.67,51.12,27.4,21.038
6.546,142.49,802.43,34.16,78.51,20.53,31.213
12.13,132.4,1167.73,31.0,63.35,8.32,4.35
8.686,30.17,925.14,19.89,64.08,7.68,8.924
8.067,70.84,876.9,38.15,94.66,21.53,54.276
5.749,205.6,736.84,30.86,64.61,6.8,6.592
4.259,243.6,662.77,36.04,53.33,17.85,9.616
9.704,72.42,1021.59,23.04,50.13,10.83,16.654
7.066,160.86,847.45,34.36,49.52,14.3,28.544
4.417,24.79,638.61,31.0,63.36,23.34,6.583
11.432,283.67,1139.32,31.59,64.7,17.04,54.029
11.782,117.84,1147.56,34.09,88.99,16.95,50.894
9.43,20.03,979.83,15.74,82.11,21.47,85.864
7.798,110.17,913.28,20.7,90.06,11.78,21.077
7.004,235.88,822.54,27.32,43.91,30.82,16.172
12.665,231.52,1248.67,25.64,53.52,7.43,2.497
11.254,242.14,1118.88,36.1,77.69,5.65,2.515
12.795,178.92,1229.72,25.68,55.57,21.27,119.791
7.522,352.3,858.31,19.94,41.58,8.84,12.704
7.404,182.74,852.94,30.25,80.17,13.76,29.245
13.385,118.83,1283.72,39.32,45.48,26.59,202.593
11.081,210.5,1096.31,16.82,43.59,16.32,51.62
9.055,190.11,962.85,20.84,93.5,16.6,49.996
13.303,349.65,1220.68,25.71,80.46,6.63,1.186
3.29,175.77,546.25,26.8,53.2,19.82,3.113
12.319,305.64,1171.1,21.72,67.92,30.57,215.752
7.092,162.35,834.05,22.06,89.48,12.61,23.163
9.138,132.2,960.78,27.8,92.26,6.41,5.527
5.932,308.66,742.57,16.12,82.69,29.03,9.043
10.135,95.04,1051.81,27.77,68.11,27.82,109.968
7.681,17.83,828.97,28.39,82.43,33.19,17.725
13.997,82.56,1331.15,32.58,72.45,18.54,47.038
11.389,152.52,1125.34,15.22,41.59,19.37,83.672
9.49,86.28,974.4,39.51,81.26,30.67,69.793
12.652,210.52,1203.12,38.15,74.76,27.92,212.134
10.099,2.98,1051.25,33.28,51.94,18.31,71.03
13.066,28.63,1219.18,39.96,61.3,29.44,241.737
13.269,159.86,1284.93,31.63,94.07,29.08,249.472
6.41,125.29,726.07,18.28,49.43,22.41,25.667
6.157,2.4,785.57,26.2,57.95,22.19,26.255
4.075,256.39,603.91,23.66,88.88,29.23,1.857
11.023,289.03,1113.49,16.64,91.34,27.0,140.747
3.688,37.34,580.1,27.47,70.34,33.22,0.454
10.378,42.62,1074.41,23.17,62.63,10.35,13.612
6.042,78.52,766.99,38.1,49.91,27.03,12.344
10.019,177.45,1034.41,33.42,58.54,16.51,56.449
7.302,324.55,849.25,25.66,82.84,7.89,10.839
10.022,258.09,1076.29,21.93,70.89,19.47,75.415
9.358,182.59,982.03,37.18,89.44,25.35,92.795
3.73,213.96,577.75,27.82,77.98,9.23,4.724
12.12,314.21,1118.65,28.33,74.72,19.55,79.873
3.304,213.2,579.83,15.28,49.04,5.61,2.99
7.903,357.61,900.11,18.81,66.99,10.7,19.1
13.008,176.2,1231.94,22.89,69.72,17.78,55.248
6.783,140.6,826.73,33.61,86.17,6.94,7.682
7.051,42.84,785.25,31.74,94.56,16.52,33.322
4.279,113.72,619.94,39.28,68.8,24.52,4.106
12.929,184.12,1263.7,24.86,82.95,6.96,2.294
4.812,82.98,712.59,32.87,82.51,6.1,4.297
4.437,230.8,665.21,35.53,76.75,24.85,4.827
12.873,195.19,1209.94,29.16,55.52,14.16,22.118
12.364,334.54,1209.58,27.73,57.33,30.42,219.619
6.295,274.08,790.64,30.71,90.8,32.78,6.355
10.367,156.05,1027.96,22.9,81.25,7.29,6.024
13.664,359.71,1293.77,20.31,72.54,7.61,1.969
12.48,286.5,1211.53,33.57,51.15,33.91,197.011
10.247,302.19,1040.52,28.01,73.04,22.12,105.886
3.662,347.41,604.21,15.6,56.32,23.31,2.682
4.201,343.63,622.63,17.33,66.21,32.78,0.27
10.752,256.15,1090.7,35.67,48.97,10.03,10.857
11.686,112.73,1157.13,31.87,68.08,6.43,2.526
4.736,102.95,679.66,39.94,60.49,24.93,6.126
4.387,54.5,653.31,25.14,53.88,9.6,7.475
9.705,56.25,989.69,39.78,42.09,16.01,47.583
7.56,231.39,879.38,30.93,83.04,34.14,13.255
7.838,24.16,938.67,16.28,89.82,34.15,15.336
12.672,174.09,1181.1,39.28,52.85,26.79,200.199
13.817,279.08,1292.56,26.33,54.02,8.08,1.939
10.117,25.83,992.0,31.91,88.15,25.9,112.904
7.438,38.48,872.96,16.56,79.57,20.04,45.133
8.365,118.45,897.62,34.92,81.87,8.59,11.675
9.936,154.56,1017.15,20.9,51.3,24.44,112.892
3.744,131.06,655.7,16.98,87.19,27.85,1.251
3.105,17.59,558.61,15.47,89.71,22.14,1.687
6.205,156.32,754.18,23.21,63.83,29.3,12.517
5.131,159.91,647.84,15.1,69.81,6.9,6.676
13.814,152.29,1320.59,20.13,44.53,24.0,161.862
4.907,169.51,709.79,39.12,50.68,32.04,1.898
4.217,312.32,648.48,21.88,40.23,25.56,3.911
11.223,317.95,1201.42,37.6,78.59,8.86,5.831
7.265,58.45,921.16,20.85,47.37,11.96,19.084
4.556,36.62,654.01,32.88,85.06,26.15,4.786
8.506,359.86,912.45,39.87,46.03,22.64,69.637
10.564,195.57,1076.6,19.8,72.44,20.14,95.033
10.409,89.87,1004.98,37.71,80.35,30.85,97.643
8.824,50.94,971.54,23.28,74.08,21.01,74.323
10.962,76.81,1099.65,18.01,67.04,20.56,93.968
10.074,81.02,1014.42,19.58,78.48,28.3,105.857
12.7,170.02,1215.58,24.31,57.54,32.79,236.328
10.581,175.06,1125.4,23.8,50.06,17.63,63.188
12.175,14.6,1197.41,26.92,83.81,22.52,137.681
13.44,99.87,1282.59,17.63,77.95,21.53,98.908
8.656,151.45,917.69,33.77,80.68,5.02,3.167
12.169,342.66,1157.17,33.77,56.71,19.89,90.099
7.067,167.77,786.98,26.37,49.14,22.26,40.773
6.798,162.37,850.35,21.39,55.07,8.61,11.442
13.092,135.96,1227.2,29.79,91.46,31.9,264.147
7.58,58.39,876.87,36.88,43.31,15.38,34.732
11.872,134.55,1189.5,36.59,80.95,32.34,172.468
8.588,207.31,926.32,20.9,94.75,33.17,32.575
10.299,12.64,1046.3,20.13,87.4,30.0,118.701
9.124,46.89,960.95,35.92,89.78,16.93,53.231
3.069,259.25,559.95,29.29,72.99,5.69,2.514
10.339,279.65,1032.15,30.23,94.26,34.66,70.32
6.609,37.23,791.98,29.64,73.28,33.03,8.041
7.618,282.11,875.7,19.03,93.78,24.7,43.655
3.436,355.9,630.02,29.98,66.7,23.86,2.822
5.691,53.75,756.47,37.16,65.37,21.74,18.31
9.136,112.13,981.5,29.44,59.99,26.58,84.086
6.988,309.06,844.57,23.06,94.29,27.36,26.304
10.587,212.19,1036.63,18.26,69.4,18.86,78.494
3.017,213.52,567.95,21.3,45.78,21.54,1.27
4.51,198.79,633.43,37.19,94.54,32.83,1.029
9.464,359.52,968.17,28.67,85.26,6.56,5.179
7.831,249.71,837.9,23.68,66.04,7.82,9.158
6.483,199.52,794.37,17.51,83.99,30.41,11.986
5.248,57.96,718.26,15.54,56.08,17.85,16.465
4.892,350.16,664.79,21.01,82.91,7.47,6.41
12.465,65.37,1227.52,27.58,76.69,11.04,8.958
11.26,247.38,1085.72,19.42,57.16,9.61,8.119
12.659,201.3,1200.55,20.77,59.06,27.3,213.442
6.47,281.94,757.83,17.13,83.1,24.36,23.855
5.03,168.56,681.77,19.93,52.88,11.68,11.89
6.579,79.27,806.37,36.05,47.61,7.66,8.854
10.026,319.88,1048.92,37.95,53.44,20.79,89.74
12.073,202.13,1160.6,16.53,85.36,9.09,5.594
9.881,268.7,970.15,33.95,83.54,33.49,59.952
4.047,27.88,598.09,26.07,75.13,6.41,4.955
6.828,18.44,846.45,29.73,71.71,18.85,36.482
6.537,10.13,827.84,35.09,74.53,30.11,13.395
12.374,315.95,1228.01,15.58,78.51,26.76,193.068
6.779,302.1,767.67,17.84,49.16,32.99,8.586
3.66,187.67,601.7,24.88,84.11,19.55,4.922
9.135,157.98,999.12,29.73,55.63,31.81,55.727
4.182,33.57,652.01,21.9,46.1,21.14,6.876
11.728,43.52,1177.22,27.37,81.35,21.67,116.742
11.732,106.5,1109.85,33.07,58.66,19.03,71.492
12.635,345.79,1232.36,33.63,56.56,23.53,147.659
3.616,65.95,591.35,20.74,50.61,19.29,3.556
3.149,278.48,588.93,35.34,86.78,15.68,2.757
7.639,330.75,909.8,24.43,86.27,33.07,16.226
10.364,189.88,1074.21,23.26,70.39,18.51,76.585
3.934,353.43,533.56,26.06,64.82,18.0,6.18
4.45,327.9,649.65,16.78,86.8,6.01,4.158
4.898,274.07,718.83,21.25,66.0,12.02,9.79
7.296,51.82,859.55,27.52,57.7,5.63,5.497
10.933,335.18,1136.61,31.3,70.87,17.87,63.94
3.007,295.74,533.25,22.94,54.33,27.39,0.686
6.273,188.96,779.3,21.46,90.95,13.42,22.388
11.198,60.53,1122.49,24.97,62.77,7.87,6.211
13.61,188.03,1288.74,32.86,52.55,13.38,13.733
10.706,221.65,1124.56,22.61,44.37,22.21,107.892
12.287,222.19,1180.81,26.55,65.9,16.09,41.493
9.792,347.0,1017.84,31.18,46.46,7.43,6.879
4.148,87.3,618.58,39.2,90.14,18.35,6.314
11.809,194.74,1137.65,31.46,83.2,30.42,185.483
4.822,307.39,689.08,16.46,43.16,9.22,6.695
6.515,107.57,761.93,35.39,42.85,33.33,5.518
9.967,9.34,1017.39,39.93,54.95,5.11,2.332
12.721,311.57,1264.21,25.41,71.19,29.43,219.404
11.151,264.29,1108.33,36.54,68.65,18.8,69.851
9.146,9.2,976.28,31.47,54.47,34.99,35.779
12.043,147.71,1077.53,31.98,92.14,10.73,8.512
8.482,227.92,939.44,34.03,41.77,11.73,22.281
12.246,273.65,1159.45,17.9,72.5,20.81,98.207
7.703,161.32,875.06,21.46,60.5,11.12,20.489
5.733,161.93,734.45,37.87,82.44,19.65,21.629
12.406,328.65,1171.79,23.95,52.0,27.1,204.981
12.983,3.84,1243.87,21.42,68.32,21.14,107.505
12.092,29.48,1175.11,15.86,79.46,14.56,29.391
4.576,337.12,699.51,19.34,66.61,25.56,4.875
9.298,256.41,1015.64,27.31,77.36,18.0,60.474
9.597,355.95,1050.58,18.52,40.86,18.99,71.911
7.662,337.74,850.48,27.87,84.15,22.68,51.022
4.628,319.96,667.17,20.26,74.79,32.73,1.259
9.961,28.23,1049.71,27.34,50.89,18.76,75.002
12.971,21.16,1198.37,32.22,78.08,19.52,78.848
7.505,182.56,815.74,27.68,68.92,12.2,23.422
8.119,135.97,899.15,15.54,43.72,33.56,22.146
6.754,19.92,778.63,26.27,69.75,29.08,18.194
8.265,192.82,911.17,35.9,89.07,21.41,64.065
5.169,335.2,749.83,21.83,51.39,20.66,14.53
10.566,306.3,1094.37,29.84,92.8,8.25,7.108
6.452,157.22,787.61,33.19,53.58,10.84,16.425
11.146,24.67,1109.76,25.6,68.59,33.85,124.619
5.243,264.24,706.71,24.82,88.84,8.68,8.263
13.606,292.48,1262.13,29.63,68.88,12.87,11.319
13.122,146.69,1251.2,38.83,82.87,19.83,82.844
10.08,137.37,1028.42,17.42,45.6,17.83,64.105
5.872,71.03,749.61,37.95,90.27,33.34,3.26
11.493,120.82,1122.43,19.51,65.08,12.8,20.276
7.655,311.82,857.87,25.91,87.24,13.5,29.35
10.0,299.21,1035.87,29.48,75.45,22.49,103.444
7.964,152.75,933.18,24.08,67.26,26.08,52.203
6.293,198.82,785.61,36.26,63.79,15.55,25.37
12.12,320.5,1146.82,35.47,47.49,34.29,160.972
10.65,223.61,1055.86,21.19,94.02,22.73,115.493
10.714,17.23,1054.95,34.69,67.59,26.75,139.337
4.966,5.89,696.47,35.25,44.63,33.4,1.39
3.305,231.04,525.71,20.69,62.37,13.62,3.8
9.692,217.72,989.03,27.36,51.31,19.71,80.296
4.861,104.36,660.46,26.29,92.29,30.77,2.221
5.984,273.7,772.11,25.88,53.92,17.06,23.043
5.866,331.11,736.91,19.35,69.89,7.7,8.817
13.8,212.4,1275.12,36.06,55.77,21.83,111.841
9.408,76.75,993.38,35.78,54.96,10.03,14.017
10.498,342.6,1060.56,39.22,91.68,34.33,81.211
13.449,59.48,1288.43,15.91,52.76,6.28,0.868
3.481,285.07,561.82,19.53,47.76,24.16,1.555
7.309,173.47,824.03,23.0,46.99,11.66,21.271
4.112,172.95,657.66,39.5,73.4,14.02,7.915
4.288,274.16,652.16,33.94,57.04,13.87,8.576
13.061,277.43,1256.3,16.67,69.09,13.09,13.991
7.97,252.78,866.99,25.57,81.31,12.96,26.285
5.624,26.26,730.05,34.01,61.8,25.54,12.992
4.849,202.34,659.92,15.92,47.02,14.2,12.739
6.78,140.31,845.54,30.29,93.52,27.66,21.762
8.236,350.73,919.7,35.51,43.37,15.98,43.784
3.27,213.14,580.69,20.95,64.74,33.71,0.301
13.362,8.6,1262.7,35.98,80.28,20.63,97.816
9.572,48.66,1007.23,28.47,86.24,9.62,13.347
5.649,241.96,706.71,33.34,44.42,31.73,4.061
11.753,19.93,1158.5,27.39,52.29,32.06,180.553
9.932,76.31,978.47,38.98,76.33,23.94,99.703
5.342,135.73,711.23,39.15,72.61,29.57,5.453
4.895,49.83,653.59,37.57,55.76,12.42,11.014
5.695,109.69,787.35,20.9,74.8,25.59,12.691
5.385,49.01,745.49,31.46,58.17,32.72,3.083
13.261,189.96,1290.37,22.63,54.97,11.57,8.173
9.855,289.84,1016.51,35.04,78.25,7.5,5.91
11.181,255.48,1141.34,38.43,55.89,13.4,23.576
11.937,61.4,1172.56,25.93,52.45,9.83,7.146
8.64,182.98,942.91,18.72,81.84,12.85,29.841
9.019,294.35,943.72,35.53,73.34,18.16,57.815
7.045,29.88,833.3,38.49,58.9,13.52,25.223
11.065,50.72,1085.15,39.89,89.71,9.4,8.551
9.184,58.89,974.09,20.78,93.62,19.56,71.059
6.883,356.06,825.71,26.18,74.79,21.24,38.211
4.016,348.88,665.85,19.9,89.56,16.68,7.849
5.371,52.23,750.88,37.94,53.87,23.46,12.373
7.893,126.72,926.04,26.08,59.49,7.81,10.351
9.843,31.27,1023.69,28.5,89.95,15.98,49.431
4.836,227.63,695.07,34.92,58.52,21.53,10.749
4.246,278.9,638.05,32.67,53.35,11.99,7.551
5.118,238.28,690.56,15.59,76.4,7.49,6.547
13.369,82.26,1279.84,35.48,94.91,28.24,214.325
3.432,287.74,605.4,28.47,74.62,27.37,0.577
7.552,82.93,845.01,33.75,40.91,13.51,26.09
13.579,146.72,1235.6,20.71,72.72,14.38,18.089
7.721,340.85,877.35,29.4,74.37,33.85,15.841
3.951,6.48,603.79,30.46,68.9,30.81,0.761
6.518,293.59,784.31,21.12,91.35,26.57,20.835
9.673,305.34,1002.77,33.61,50.51,25.9,100.11
3.899,87.3,597.6,38.46,40.72,10.92,5.603
4.888,216.19,691.77,38.78,90.25,7.93,6.722
9.139,136.86,994.03,37.1,82.05,34.84,34.435
7.239,298.4,881.94,34.38,85.22,23.15,38.281
4.62,223.86,637.58,34.42,90.99,17.98,10.29
3.207,189.74,572.7,15.09,65.04,6.2,2.658
3.141,190.17,586.79,34.31,69.22,32.38,0.0
3.89,249.9,652.95,21.68,65.27,5.64,3.759
7.016,202.39,834.63,28.22,76.29,23.69,38.886
3.09,314.42,593.21,33.4,48.87,12.15,2.576
7.63,155.29,922.28,34.1,41.15,9.45,13.586
13.87,201.13,1283.9,30.78,51.38,30.39,294.711
11.993,34.02,1210.52,17.43,59.9,34.18,164.39
12.365,215.82,1185.09,35.2,56.64,33.15,201.219
10.041,251.87,1077.91,29.54,77.03,17.16,54.625
12.996,241.45,1292.9,21.03,93.44,15.02,24.705
3.844,261.82,609.0,34.75,78.99,11.44,5.733
6.597,291.03,820.55,19.11,44.37,25.83,22.991
10.08,124.59,1045.82,27.05,60.79,8.82,9.861
11.551,327.65,1132.35,24.31,71.99,31.48,173.971
5.854,79.97,758.08,27.39,90.74,13.59,16.95
9.392,306.29,1013.8,39.81,40.5,18.09,61.0
8.637,340.6,938.36,34.59,79.13,19.55,65.67
8.117,54.72,888.42,37.17,57.39,12.23,24.317
5.294,42.82,717.13,35.61,45.62,21.72,15.061
4.121,51.69,614.89,23.03,64.29,25.17,3.577
13.256,83.55,1271.26,39.65,87.86,17.88,46.623
5.358,353.39,738.93,18.54,47.22,8.93,8.519
7.596,27.41,879.7,18.04,74.97,31.82,21.422
6.996,296.09,821.94,34.6,81.52,27.95,23.981
4.188,229.63,633.73,23.93,46.83,8.74,6.192
8.956,84.42,1006.17,30.43,85.8,25.94,70.129
9.238,89.62,976.31,17.51,73.26,20.51,73.858
11.422,54.0,1123.36,35.76,76.57,27.29,159.953
6.801,226.73,757.63,17.57,85.48,26.4,24.962
7.697,53.05,850.76,27.29,84.08,34.55,12.398
6.586,248.68,804.83,26.4,63.42,32.59,7.641
7.044,243.91,814.93,30.97,42.21,30.25,17.955
8.004,107.07,925.63,30.36,81.39,14.96,34.677
6.2,112.84,785.6,24.48,56.19,34.92,2.683
3.449,39.27,585.56,27.26,61.25,30.9,1.609
13.677,266.81,1293.5,28.06,52.9,31.32,273.679
3.509,103.58,599.01,33.69,52.5,24.66,1.7
9.999,352.99,1059.45,35.25,85.4,18.64,74.217
9.057,319.43,964.45,35.18,42.61,6.16,5.267
5.1,17.55,718.21,34.77,65.5,24.1,9.543
4.432,32.02,652.13,24.01,50.73,6.87,5.764
9.27,121.98,966.99,23.46,91.09,8.68,10.699
4.358,138.32,637.33,16.77,69.4,6.62,5.443
7.279,321.28,812.52,24.53,78.83,28.86,27.099
13.596,239.49,1263.43,39.4,79.2,7.56,2.006
13.953,114.92,1314.35,36.71,90.28,13.18,10.147
11.633,23.27,1143.52,22.58,59.98,33.27,162.558
11.26,177.41,1094.89,16.49,41.48,32.37,142.783
3.616,229.36,577.59,20.13,58.73,11.21,4.954
12.487,42.17,1188.59,19.85,57.82,10.81,9.59
13.354,77.1,1287.18,16.17,61.6,17.39,42.214
4.424,289.07,651.23,30.75,41.76,16.87,9.826
12.1,15.61,1156.14,17.26,85.9,18.47,69.196
9.669,96.68,1029.19,24.61,63.74,27.75,93.898
11.134,210.21,1126.69,21.96,93.92,26.29,154.088
3.743,234.31,616.9,17.14,73.97,23.29,3.783
9.175,54.77,948.67,31.4,47.67,18.36,65.22
6.351,280.23,762.01,30.5,54.35,30.45,10.597
8.735,342.98,946.0,15.95,61.11,5.4,5.077
10.097,255.43,1063.93,24.52,93.7,8.7,8.361
13.218,311.74,1229.14,21.21,51.04,21.02,103.151
5.957,79.05,754.08,19.45,81.78,16.23,22.121
8.618,145.88,973.4,29.63,55.04,31.27,42.997
9.991,147.64,1011.33,17.83,93.7,18.99,74.224
10.167,6.56,1041.21,27.17,85.49,24.61,122.703
12.737,352.13,1212.91,15.73,40.9,34.41,212.223
4.531,158.27,647.88,16.55,41.69,9.97,7.256
4.627,328.65,690.57,29.61,78.5,34.74,0.908
8.37,219.14,920.14,35.4,41.81,25.22,63.875
3.208,303.1,527.47,31.99,80.97,27.64,0.0
7.636,286.67,859.72,26.12,75.83,5.86,5.554
7.439,143.41,872.93,18.54,64.0,22.46,47.476
3.707,304.56,621.53,16.66,83.56,23.89,2.333
4.925,326.57,676.24,34.67,84.85,29.39,4.786
13.133,238.63,1220.2,27.48,61.15,8.67,3.169
7.645,189.92,835.14,30.18,89.47,13.0,26.682
7.138,326.94,852.66,32.14,92.86,24.47,35.846
13.257,162.06,1232.87,35.32,73.57,8.17,2.618
4.202,65.0,577.64,16.02,93.66,20.1,6.176
3.742,359.33,601.77,38.91,74.83,23.91,2.692
11.445,75.75,1122.19,34.35,94.49,5.82,2.475
8.633,259.06,947.39,19.0,58.57,33.72,29.11
10.284,195.88,1064.9,23.56,47.37,33.55,84.728
6.422,66.68,801.71,20.62,44.36,29.53,12.502
9.402,162.76,987.69,33.23,85.35,23.78,97.939
9.286,192.02,987.66,27.75,76.14,26.33,96.246
4.913,136.35,640.08,15.89,85.41,14.3,11.701
11.332,60.09,1085.1,27.86,59.08,30.02,151.187
10.31,202.93,1068.54,28.39,78.29,7.3,5.649
7.82,205.89,856.29,17.0,92.96,13.43,28.887
7.86,1.63,890.27,15.15,49.18,21.84,56.019
8.346,317.58,916.72,25.46,85.95,9.43,13.845
9.278,292.96,994.83,16.4,46.33,5.61,4.72
11.538,194.65,1135.38,15.86,88.48,20.56,102.243
11.966,166.95,1158.7,24.17,75.51,9.51,6.68
8.539,298.95,884.05,30.52,41.02,24.29,67.636
10.303,153.25,1107.2,37.1,52.83,6.51,3.954
4.651,245.79,623.15,27.33,62.66,18.35,10.772
5.574,219.84,756.14,29.16,58.21,25.96,11.184
9.928,153.99,1014.87,35.91,69.69,13.37,30.355
10.86,61.98,1059.8,36.72,67.89,12.24,19.32
13.283,316.41,1286.56,31.9,55.1,13.0,14.146
11.77,198.54,1128.85,26.7,74.6,8.74,6.171
8.89,166.81,986.92,33.65,45.14,6.8,6.888
12.277,171.07,1164.5,26.08,90.28,25.05,176.716
11.828,320.86,1146.93,30.21,94.19,6.28,2.549
5.919,235.13,774.65,28.66,84.66,19.9,23.133
10.462,310.64,1051.16,38.66,91.55,19.32,77.502
11.767,61.31,1208.91,35.92,83.92,15.33,33.967
10.635,43.55,1124.54,34.3,78.38,5.91,3.541
9.583,217.33,930.96,19.37,87.38,29.44,78.148
8.751,343.42,958.36,17.35,77.63,14.79,40.217
8.718,163.65,951.49,36.69,44.7,6.74,6.813
10.541,258.46,1032.67,36.03,71.92,23.28,108.808
13.108,81.28,1232.12,31.44,57.72,16.73,38.949
13.213,223.16,1279.59,24.61,85.49,6.42,0.727
5.095,159.73,742.6,24.77,65.61,15.32,13.703
13.255,292.94,1235.37,27.95,58.22,26.3,192.865
13.346,283.97,1263.87,27.38,88.17,20.79,93.769
7.515,104.64,857.17,35.95,56.66,15.66,35.383
7.008,126.19,839.57,20.55,43.39,17.31,35.664
7.707,201.13,900.29,32.62,57.04,18.33,46.969
3.779,188.42,597.7,39.06,49.68,7.93,4.363
7.46,72.99,857.25,30.22,67.26,5.29,5.752
10.336,259.41,1063.75,23.34,75.56,30.86,101.947
6.108,207.95,750.98,19.29,84.12,28.3,13.138
12.592,68.14,1209.84,35.31,87.47,30.61,216.742
5.072,351.4,692.41,33.37,89.74,31.44,2.474
11.203,101.55,1111.38,30.38,45.78,6.09,2.196
3.525,301.82,617.18,31.8,71.44,25.18,2.307
9.483,22.22,968.03,29.21,42.23,26.81,97.178
9.863,326.66,1026.8,29.18,90.98,16.1,51.669
4.066,2.19,640.82,32.89,88.76,25.49,2.815
4.948,106.6,656.24,16.6,81.4,28.84,3.617
10.937,231.69,1132.55,34.19,65.48,13.19,25.699
13.065,158.74,1249.35,20.22,40.11,33.04,254.526
11.084,174.83,1071.39,28.86,44.03,9.09,7.765
9.641,10.06,986.54,35.09,62.24,30.44,83.178
6.196,191.86,740.65,38.74,56.56,10.72,13.838
13.786,184.65,1330.57,33.23,50.61,15.97,28.38
11.012,64.92,1079.97,29.04,65.84,32.51,127.33
6.435,80.78,819.39,20.14,89.99,32.97,6.827
3.855,151.18,651.95,19.64,88.31,23.68,3.286
3.377,105.05,603.93,25.76,87.02,32.7,0.144
7.862,107.06,894.3,26.75,55.83,29.67,32.075
11.338,39.14,1077.66,26.94,74.18,19.64,86.63
9.654,7.98,990.3,34.97,70.63,9.79,14.453
7.968,38.15,852.96,23.97,89.93,18.97,51.828
11.062,73.6,1120.67,33.94,44.56,6.07,2.73
3.623,313.39,604.35,24.94,53.75,16.62,5.584
10.07,353.32,1076.71,31.05,79.14,18.69,72.233
9.853,312.14,1026.69,34.99,83.41,34.72,55.91
7.263,287.31,832.25,34.36,78.73,18.19,38.755
13.517,155.37,1283.19,39.29,64.11,16.39,33.863
4.04,97.5,592.86,25.84,70.01,22.42,5.038
3.452,160.27,661.39,38.3,94.42,9.14,2.368
3.805,261.54,633.63,18.51,84.64,18.32,5.758
10.159,6.85,1029.19,36.09,81.5,17.86,67.183
5.237,90.97,713.5,29.19,48.24,19.65,14.474
7.556,33.21,884.87,26.19,86.43,15.46,36.518
13.787,40.66,1284.95,15.43,45.82,19.29,63.271
5.738,4.55,768.53,21.76,74.02,18.69,21.304
4.114,252.41,669.79,24.18,75.65,8.77,4.995
13.406,349.17,1275.4,27.32,83.89,15.72,30.118
8.566,77.36,958.24,39.6,77.67,26.72,60.543
9.36,151.11,998.27,25.51,85.06,7.42,8.028
11.014,254.55,1091.07,24.77,94.7,9.05,7.648
10.83,172.52,1066.1,22.88,76.21,28.91,150.81
10.731,351.55,1022.05,25.7,74.46,9.7,10.67
11.298,293.3,1095.33,39.88,48.91,18.28,64.241
3.305,94.36,559.07,18.32,51.12,23.4,1.336
5.945,101.75,737.69,39.94,65.17,17.18,20.603
11.441,174.69,1119.27,25.9,66.45,20.65,102.568
3.31,113.53,580.11,21.27,93.36,17.03,4.465
7.327,280.25,857.15,33.1,73.71,14.11,27.561
4.294,353.39,635.42,23.87,62.59,24.72,4.727
11.754,5.1,1128.73,28.86,43.22,22.81,137.527
11.195,247.18,1131.12,39.03,75.29,9.41,7.412
4.888,81.63,679.76,23.06,58.44,11.29,9.186
13.502,259.19,1218.52,15.25,48.71,33.32,244.708
13.14,101.96,1182.36,16.39,89.55,29.42,214.193
9.545,354.38,1003.9,32.92,68.89,9.33,12.394
11.271,169.58,1106.32,34.81,42.37,27.23,167.074
7.539,339.04,840.76,17.65,68.86,8.93,13.088
10.98,227.92,1130.66,27.39,55.03,24.68,140.385
12.2,133.12,1153.74,37.39,64.96,14.19,25.231
7.138,89.15,820.48,34.4,50.05,22.1,38.84
6.416,305.31,782.95,32.9,43.4,15.98,26.987
11.189,28.53,1115.3,39.98,79.18,24.22,138.695
10.793,54.64,1105.91,32.03,93.5,31.29,120.63
9.805,151.18,1009.79,18.36,52.61,27.39,110.007
12.79,283.57,1207.65,39.76,43.58,6.27,2.054
9.714,340.8,1032.52,24.01,80.08,13.96,35.422
9.742,236.51,995.2,39.17,90.36,11.67,19.202
10.48,193.79,1077.86,33.76,66.34,10.21,13.209
8.591,154.32,924.05,15.3,53.79,7.13,8.433
7.257,106.77,849.99,16.59,89.24,6.57,7.182
13.076,50.6,1234.29,33.3,81.79,26.02,191.746
9.978,36.36,1030.6,19.6,41.74,7.5,6.917
5.01,253.83,671.08,18.77,83.22,33.49,1.192
5.359,48.5,731.28,39.55,46.56,25.91,9.217
13.516,16.31,1233.16,29.04,57.96,27.82,244.11
12.269,270.88,1141.75,15.09,48.37,7.06,1.99
12.173,257.45,1168.62,30.91,41.58,16.27,41.915
3.989,307.16,616.12,24.24,83.67,32.81,0.0
7.906,319.6,940.53,31.14,43.55,9.09,13.104
8.736,169.82,948.89,22.26,63.75,33.46,35.876
9.801,254.82,1006.02,21.31,74.32,15.06,41.35
12.645,349.06,1229.75,33.53,92.72,16.53,41.583
13.924,312.03,1285.82,27.16,84.83,10.02,3.621
3.855,94.37,586.59,28.33,92.01,10.26,5.317
6.494,96.45,829.51,28.62,81.55,27.3,17.553
11.462,332.67,1174.58,26.18,85.2,15.4,38.912
11.864,176.05,1181.54,35.58,59.05,13.51,24.26
13.542,316.57,1327.57,34.99,74.19,21.24,94.619
10.768,153.39,1052.95,32.83,72.75,12.38,22.201
10.964,262.08,1116.14,37.11,75.06,14.73,34.076
4.125,324.97,596.59,15.18,67.26,25.58,2.62
4.365,54.05,624.31,15.22,63.07,16.59,8.756
3.541,257.89,580.32,26.67,77.63,15.86,4.854
12.819,138.86,1209.87,39.87,50.36,14.26,21.732
7.494,359.72,873.61,30.42,80.52,28.86,30.857
9.813,251.71,1006.2,39.85,80.24,26.79,99.096
13.158,10.42,1268.21,22.82,74.05,5.53,0.865
5.367,46.14,716.17,36.0,86.17,25.83,9.641
11.065,19.71,1130.17,17.43,86.9,6.0,2.913
5.496,305.38,746.92,19.06,62.57,23.73,13.722
7.62,234.94,927.3,38.03,64.52,7.69,8.886
8.588,354.09,970.42,30.57,92.13,31.91,39.686
9.755,156.2,1036.01,19.28,55.61,8.46,9.377
12.286,161.28,1229.71,38.47,54.2,7.78,3.136
11.878,27.61,1141.66,16.25,52.83,19.77,88.045
9.886,120.44,1057.41,28.35,75.89,14.24,34.774
9.519,101.11,978.54,30.65,55.64,17.07,54.811
9.144,121.38,965.78,29.1,87.27,16.97,52.991
5.255,336.56,715.18,31.31,90.36,7.4,8.622
3.702,131.0,622.03,23.9,54.8,33.14,0.638
7.746,303.12,899.04,20.29,52.51,6.83,7.633
10.967,205.19,1126.86,24.24,55.18,21.74,117.117
8.017,122.05,895.93,34.06,94.27,6.11,6.835
9.394,228.26,995.05,37.29,48.53,19.22,70.271
4.3,126.71,644.37,19.8,91.67,28.81,2.931
13.405,282.81,1265.96,17.6,47.27,22.41,114.362
9.887,294.95,993.58,33.64,88.7,19.86,78.344
8.171,311.55,906.2,30.5,60.02,12.22,24.975
12.343,193.88,1191.35,34.25,68.62,22.85,137.368
4.104,81.08,603.12,31.79,65.98,14.05,7.897
5.742,341.43,740.1,27.24,73.41,16.01,21.75
5.292,279.23,714.5,16.7,41.57,28.28,6.337
13.985,107.97,1320.15,18.31,50.55,30.23,274.295
3.624,49.68,595.83,32.86,45.65,9.66,4.796
7.068,50.14,782.23,18.41,44.07,5.28,4.29
6.329,28.15,754.72,17.64,77.08,25.09,22.594
8.356,301.15,934.91,39.59,75.07,20.62,59.646
11.335,275.05,1079.23,33.49,89.83,30.74,143.521
10.661,323.02,1107.37,36.71,84.3,22.53,112.377
5.476,152.26,712.62,33.35,42.3,16.03,18.474
3.955,310.12,683.07,31.16,88.76,13.49,6.247
11.75,22.35,1149.0,22.94,77.79,33.67,163.365
4.78,58.81,692.36,35.65,56.45,18.27,11.656
6.268,110.94,812.19,32.15,76.93,11.65,15.498
9.358,75.17,1018.36,27.03,75.96,10.5,15.78
12.886,54.45,1205.52,22.98,80.04,10.42,6.71
10.046,273.15,1031.63,16.58,55.83,8.65,9.389
6.953,103.16,845.0,31.82,47.39,20.1,36.214
6.996,127.8,815.48,28.54,58.6,32.05,12.954
9.997,203.83,1026.69,37.83,52.09,32.99,77.689
6.009,222.05,742.36,23.74,87.62,23.23,21.085
11.504,37.77,1178.48,33.84,83.83,29.15,168.814
12.023,52.16,1186.68,35.9,44.51,28.09,195.509
4.113,330.62,649.97,34.03,92.84,15.69,7.519
4.006,284.63,627.43,26.39,86.2,28.81,1.587
10.285,186.23,1071.61,35.38,52.02,32.96,89.576
4.554,180.22,617.42,15.04,43.04,27.75,3.795
9.718,197.5,1029.77,31.34,66.35,20.69,87.098
3.408,281.99,587.98,36.81,84.48,32.97,0.1
7.5,119.07,880.2,38.87,44.25,33.55,13.047
7.158,52.56,899.44,36.9,82.38,16.55,31.464
11.511,206.28,1111.34,21.69,77.4,32.96,154.223
9.194,308.77,953.01,15.38,56.53,19.03,66.498
5.336,132.56,694.45,30.03,62.48,6.71,5.827
8.29,171.59,935.69,25.38,47.07,6.19,7.601
9.744,145.73,1029.83,18.66,94.13,6.01,4.065
3.124,48.7,556.37,15.93,86.93,33.1,0.699
8.708,57.91,933.72,18.64,46.99,23.51,75.159
12.704,178.18,1177.06,36.94,67.78,19.5,78.643
6.004,359.39,720.15,20.82,61.78,18.18,24.93
12.992,243.29,1244.63,36.87,88.91,29.51,225.674
13.309,296.03,1211.66,28.89,42.15,26.28,198.614
9.325,207.62,979.72,21.27,62.23,10.59,17.826
13.905,173.93,1282.83,18.64,49.59,31.89,308.059
11.135,336.69,1120.86,38.12,52.11,9.22,8.304
7.054,83.37,802.22,22.81,44.03,19.7,37.064
13.257,105.59,1273.86,29.25,71.14,16.37,34.881
11.332,1.89,1175.56,29.5,68.92,27.45,160.028
9.447,69.49,983.64,15.49,72.91,27.97,87.983
3.715,299.31,618.17,38.77,59.52,26.29,2.145
9.608,23.88,995.23,19.56,93.03,14.63,39.997
12.912,273.29,1217.51,19.81,69.93,11.01,7.074
11.067,312.89,1130.14,16.27,49.6,33.61,114.682
13.575,89.97,1241.62,37.08,46.25,20.03,68.5
5.303,145.5,689.35,15.99,78.85,15.35,15.865
11.081,154.49,1099.84,39.45,52.31,20.12,92.486
9.813,187.43,982.79,21.03,47.56,32.98,69.403
7.827,328.1,914.57,15.16,91.51,26.43,45.797
8.112,342.29,938.65,28.36,68.11,25.21,58.166
10.058,124.34,989.19,36.15,52.78,13.27,26.867
9.214,161.3,975.75,20.01,40.86,21.45,87.782
7.28,73.56,849.66,39.37,56.31,34.11,9.896
8.013,248.4,906.2,17.47,64.83,8.67,11.351
7.67,306.53,848.67,23.0,68.18,11.61,21.095
9.594,147.35,987.93,18.62,41.89,24.23,99.797
8.74,274.1,948.51,24.08,86.57,20.96,70.396
12.891,85.19,1244.05,25.03,49.88,9.22,4.236
12.021,110.44,1148.08,27.28,43.25,8.57,4.133
9.726,128.8,1004.33,17.16,42.88,33.14,64.93
3.38,2.89,540.01,23.77,87.74,32.26,0.0
10.112,314.19,1018.26,36.34,50.8,9.66,10.936
5.663,261.43,685.91,38.5,51.32,12.02,13.293
8.467,302.6,922.9,25.24,54.31,26.91,61.068
4.111,227.07,605.69,23.82,84.3,24.81,3.389
12.29,59.73,1158.0,19.75,85.44,29.78,193.476
3.567,256.68,580.86,30.01,77.34,31.8,0.0
3.878,31.46,610.35,37.63,87.24,34.8,0.0
13.927,290.19,1272.06,35.21,43.04,19.0,56.063
8.377,339.39,900.74,19.22,78.0,8.96,12.964
6.032,134.31,756.29,18.44,48.03,7.56,7.899
8.252,179.77,923.5,17.75,61.36,33.6,24.35
8.226,130.71,935.41,25.79,64.09,7.03,8.037
5.799,43.45,740.4,20.46,57.22,10.62,13.319
12.976,135.81,1282.33,18.01,86.87,27.43,198.957
7.287,101.92,883.38,23.44,67.69,12.64,22.755
3.708,45.75,549.79,21.76,59.76,14.22,6.593
7.483,89.07,864.86,26.62,74.35,19.13,44.081
11.909,295.92,1166.86,35.1,50.07,30.19,190.487
10.83,350.92,1042.52,25.99,41.35,11.11,15.307
6.28,52.77,792.2,32.33,43.65,26.24,18.733
8.507,307.38,898.74,31.96,46.64,15.5,42.058
4.482,201.31,675.75,30.47,87.36,8.7,6.184
3.144,36.77,584.54,17.29,70.57,33.29,0.029
12.124,37.29,1186.52,39.97,88.79,8.68,4.87
9.493,251.45,1037.47,15.11,77.94,26.77,88.448
11.553,140.36,1127.63,21.69,63.01,20.34,96.358
5.131,205.7,702.54,19.86,63.97,11.45,12.626
12.231,195.77,1153.95,24.16,64.29,18.19,66.288
13.852,175.54,1281.43,27.28,45.9,22.26,123.976
7.139,84.85,816.23,18.78,54.4,8.2,10.508
8.876,228.36,952.37,23.13,69.31,23.5,80.414
10.737,232.3,1091.28,18.99,51.12,17.92,68.605
3.214,101.81,576.49,18.38,41.1,7.11,2.043
11.439,194.28,1156.81,16.27,76.23,12.15,16.816
5.263,225.11,699.71,22.12,66.25,21.71,14.719
13.401,311.64,1253.58,30.39,90.39,19.27,67.17
12.098,221.25,1133.3,19.75,81.53,30.17,194.287
4.124,194.21,643.01,34.39,60.33,18.71,7.146
11.722,104.08,1181.46,17.07,41.12,15.64,37.154
7.928,76.39,891.35,24.86,93.28,31.36,26.222
7.789,166.06,868.74,32.12,84.87,14.89,36.02
10.623,103.25,1105.45,18.8,76.61,6.19,3.07
13.561,260.02,1304.79,24.19,66.16,9.7,3.011
12.753,316.81,1190.06,33.01,78.22,20.74,98.912
11.554,18.79,1120.3,29.41,55.04,33.4,156.008
12.261,63.45,1150.77,17.56,65.79,9.91,7.164
11.636,96.79,1149.64,31.3,53.88,11.62,13.94
3.023,221.63,580.99,18.74,67.15,31.86,0.373
7.401,18.6,854.92,39.15,75.51,8.75,12.13
13.531,100.27,1233.14,38.28,85.4,17.87,43.358
5.86,4.87,703.87,16.62,47.98,15.7,20.56
7.785,125.02,838.74,35.19,58.29,32.97,17.798
7.485,239.25,860.88,18.07,48.95,31.1,21.59
7.613,115.43,902.91,22.91,91.5,5.61,5.752
11.78,100.13,1136.68,30.68,72.76,24.85,150.155
12.438,171.15,1200.9,37.6,73.33,24.6,170.857
4.937,60.2,696.47,28.96,53.79,25.65,6.979
8.992,4.53,938.5,33.6,43.44,33.21,43.27
10.583,343.23,1053.75,28.64,68.72,11.33,17.578
10.538,303.61,1079.29,33.2,82.31,33.24,96.212
8.491,248.43,943.87,18.34,70.73,20.22,62.317
11.296,312.7,1122.06,28.82,69.14,23.4,133.052
13.573,33.34,1262.8,19.96,46.27,11.99,8.643
5.113,36.67,685.89,37.91,42.85,30.24,3.8
6.352,9.31,776.15,24.1,87.25,27.48,16.869
10.352,339.78,1060.31,28.82,73.85,11.3,19.723
10.475,175.2,1062.03,31.71,52.64,29.98,123.665
9.044,220.51,927.42,35.78,72.22,22.05,77.75
8.542,101.93,952.03,27.94,40.66,15.5,40.089
7.516,98.71,881.22,22.53,86.51,6.57,6.68
7.566,140.93,855.79,26.58,55.28,30.04,27.926
8.835,225.41,886.24,39.21,90.98,8.26,8.771
4.55,104.95,667.26,30.74,64.36,18.66,10.455
11.493,206.02,1130.81,20.99,41.04,6.22,3.201
5.681,3.18,756.12,39.75,63.64,8.25,9.136
12.859,265.45,1230.57,29.87,65.74,31.85,222.269
10.419,77.94,1077.58,15.51,42.87,34.34,76.794
13.464,59.81,1245.16,36.63,89.86,7.16,1.844
9.202,89.72,982.9,18.21,44.08,20.24,72.688
9.779,328.08,1049.07,16.7,62.27,5.43,2.78
11.742,28.73,1163.17,33.84,57.7,12.58,18.932
13.164,200.68,1230.01,33.55,92.56,28.86,240.176
10.986,203.96,1050.1,27.71,76.36,15.48,40.855
11.028,111.29,1117.57,24.09,56.16,31.92,127.232
10.043,290.76,1040.27,20.3,77.8,26.75,111.85
9.414,284.34,958.59,20.81,59.47,22.69,88.606
3.29,168.97,597.38,31.69,61.35,30.17,0.0
12.301,263.57,1181.76,30.37,47.25,7.35,1.97
12.583,303.3,1183.97,31.33,89.56,31.17,219.715
7.978,173.43,909.06,36.47,48.87,32.05,27.175
13.371,342.37,1283.98,17.79,94.97,10.79,6.647
13.826,300.32,1278.99,23.48,45.7,28.35,252.173
4.687,231.78,634.34,23.02,50.34,11.35,9.506
6.417,25.73,806.01,17.91,78.75,28.38,17.14
6.719,222.58,806.49,24.87,57.05,14.86,28.329
9.427,175.55,1002.35,28.72,52.13,19.56,77.029
13.538,30.35,1249.65,15.32,65.65,6.21,1.126
7.064,297.89,834.17,15.24,75.98,21.12,38.687
7.456,124.91,841.49,19.07,48.61,24.25,45.094
4.757,318.83,671.26,26.62,85.37,34.44,1.476
6.257,353.4,764.32,16.21,44.14,15.09,24.829
9.167,85.34,921.09,33.06,86.53,25.68,75.603
10.477,319.39,1049.05,23.08,43.57,23.18,118.589
6.044,135.0,726.21,20.49,41.08,32.79,4.501
3.297,176.18,579.45,31.32,90.52,8.42,3.697
10.722,347.06,1075.5,26.75,68.66,27.22,146.916
4.892,208.37,668.14,27.37,50.56,12.57,11.708
3.181,95.46,583.38,25.05,74.35,7.86,2.94
8.256,99.98,860.34,36.16,41.78,31.54,28.757
11.856,304.03,1165.74,27.88,59.67,26.79,182.76
10.364,219.26,1056.94,25.43,40.37,21.99,109.111
13.579,190.83,1265.03,38.45,78.61,14.21,18.073
7.465,346.27,855.95,23.31,88.07,21.21,49.366
8.507,318.15,969.28,19.93,66.98,11.15,20.353
6.378,33.07,779.68,34.7,68.6,28.1,16.245
3.188,256.09,572.6,25.5,43.07,30.57,0.0
6.354,49.98,790.3,17.49,82.05,31.81,9.422
13.803,317.26,1303.14,27.15,86.75,29.68,281.728
8.577,123.46,937.08,22.04,56.89,24.34,72.019
9.594,344.89,1006.03,35.19,59.46,11.87,23.904
3.344,327.67,589.62,32.37,53.89,5.91,3.094
12.874,230.4,1245.5,21.85,53.82,8.96,4.391
11.492,66.88,1148.4,33.84,47.52,12.05,17.281
11.191,321.35,1086.97,15.21,52.64,9.14,7.24
8.517,192.14,893.3,33.13,83.75,27.12,58.506
3.334,228.61,577.11,18.47,63.29,30.1,0.361
6.16,316.4,737.13,35.24,61.22,19.87,25.397
10.557,166.31,1052.33,19.7,47.67,24.2,128.604
8.176,332.7,884.86,33.28,48.0,34.67,19.197
12.401,169.67,1190.73,36.46,68.31,26.7,197.026
10.746,80.44,1077.36,30.05,64.15,10.62,11.811
5.332,327.02,664.92,33.96,75.7,22.44,14.093
3.909,19.28,594.17,36.98,45.72,26.05,2.545
10.853,277.95,1093.49,30.95,67.27,32.88,108.462
13.085,62.38,1244.44,20.01,86.54,13.59,16.288
3.866,141.16,602.1,30.1,66.99,21.55,4.331
5.562,259.58,693.13,31.75,92.31,24.68,11.248
9.401,289.92,1016.53,25.8,58.01,22.92,89.515
4.625,234.19,674.59,16.8,41.65,15.46,11.056
6.878,4.06,811.15,33.94,81.45,5.69,6.83
5.426,199.9,699.32,32.38,67.34,13.73,16.178
12.709,8.02,1219.93,35.89,66.08,16.1,38.963
5.582,174.06,714.73,24.91,50.93,17.04,19.795
13.193,287.1,1274.88,16.25,86.55,29.55,243.352
9.637,43.98,982.53,28.33,60.1,33.54,58.486
10.158,338.46,994.65,25.88,60.32,11.41,18.216
5.902,244.64,750.27,27.3,50.22,22.57,21.106
9.491,341.87,963.13,20.02,53.97,28.25,92.602
7.502,315.57,864.82,22.68,56.47,32.21,19.159
12.317,358.65,1216.57,23.43,87.62,5.33,0.904
9.552,229.29,928.6,27.26,88.18,14.51,34.075
11.307,145.5,1097.4,28.43,41.3,25.9,159.107
11.195,165.33,1106.13,18.11,65.53,34.88,112.763
6.561,13.49,802.81,25.69,66.2,31.59,10.75
10.49,284.4,1041.1,16.15,40.7,19.62,80.088
7.737,142.09,868.42,26.38,68.72,27.98,39.245
10.625,166.88,1061.41,36.43,85.91,16.9,58.024
10.675,138.53,1097.42,31.83,64.56,10.45,12.981
13.499,302.18,1224.87,38.97,94.17,19.46,64.906
10.936,349.04,1067.34,21.31,53.89,16.88,59.426
13.377,231.34,1259.49,19.17,85.64,24.98,172.749
4.367,124.9,664.85,24.33,58.89,23.49,4.617
4.548,240.66,682.69,18.11,50.43,5.32,4.476
10.779,156.05,1108.87,26.74,73.47,22.49,117.842
11.664,19.36,1115.34,30.63,65.51,9.71,8.733
12.966,72.63,1247.14,31.9,45.95,27.3,205.435
3.375,248.13,585.35,30.14,68.81,29.54,0.41
4.943,303.33,714.94,16.67,82.11,19.59,12.554
12.625,196.03,1241.1,19.37,52.95,14.3,24.162
13.737,149.63,1280.84,17.89,58.82,25.02,178.147
8.255,68.71,901.53,36.85,40.53,6.86,7.192
12.325,32.79,1148.36,21.61,76.67,19.46,81.594
7.16,283.61,857.55,30.35,61.39,11.05,17.706
8.686,164.08,907.98,20.1,42.51,14.05,35.504
7.399,354.79,818.4,17.16,65.83,12.4,24.044
9.357,94.95,1008.84,21.75,56.98,16.08,47.586
11.979,204.77,1164.77,28.81,49.65,23.28,144.426
10.529,119.18,1100.63,37.55,43.95,18.61,69.94
12.141,122.63,1181.41,38.33,62.01,13.59,21.537
6.892,197.15,862.61,16.08,93.27,20.56,36.076
13.827,165.18,1302.89,19.79,45.49,10.88,5.478
7.607,12.67,880.35,15.22,51.0,27.57,38.511
10.418,49.69,1103.34,34.67,93.61,14.8,36.832
12.824,183.17,1264.95,25.2,83.25,7.57,2.158
13.549,50.5,1278.48,28.61,84.61,18.16,51.56
7.28,10.43,845.33,23.99,71.86,6.89,9.297
8.966,205.67,977.22,27.02,78.74,20.87,76.454
5.551,117.8,719.43,18.15,54.7,32.11,3.481
9.105,84.51,982.05,28.6,72.03,23.56,82.515
9.152,131.73,925.0,27.81,79.75,18.63,62.307
5.226,247.74,682.85,33.21,73.72,5.98,5.628
13.371,116.05,1239.85,32.2,76.23,8.55,2.875
7.19,322.65,829.42,39.65,75.2,34.72,9.112
7.165,96.82,845.23,36.66,88.1,32.83,11.771
10.148,182.04,1039.3,35.0,47.63,14.13,34.97
11.15,56.51,1086.7,35.28,42.78,30.16,146.581
6.554,171.55,773.11,28.82,41.18,16.29,29.695
4.904,350.79,696.99,21.11,90.6,16.89,13.606
12.092,157.07,1225.97,32.36,41.98,32.9,188.987
3.886,241.25,660.41,33.24,73.89,7.82,3.1
13.475,193.94,1254.02,38.64,73.5,6.8,1.742
7.139,206.28,846.04,20.94,49.94,19.71,42.551
13.149,143.92,1251.58,23.5,54.06,27.54,230.355
13.905,171.58,1318.72,17.98,44.94,9.25,3.653
8.106,64.03,864.13,24.86,92.5,23.79,57.356
9.802,306.53,1006.57,39.95,71.28,34.59,52.374
12.979,5.67,1233.28,32.8,69.65,22.56,136.574
5.746,50.17,749.92,34.52,88.05,26.82,11.81
13.894,267.27,1308.92,39.44,93.44,31.05,258.736
7.933,47.37,854.27,24.63,51.2,7.52,9.198
4.629,315.86,669.65,15.68,50.19,23.97,7.47
12.101,244.32,1197.41,36.66,41.17,28.4,178.038
5.15,102.9,716.5,26.46,53.49,9.8,9.031
9.476,72.66,974.82,17.27,72.51,25.03,94.2
12.89,334.76,1236.85,23.78,44.47,9.73,4.429
11.501,245.24,1095.31,29.02,64.17,28.2,171.856
7.208,256.13,832.83,20.62,47.31,29.53,21.936
10.745,346.02,1097.65,29.48,88.62,16.75,57.225
6.208,81.88,764.07,15.25,44.6,22.34,23.076
6.69,80.8,829.57,39.33,50.4,15.82,27.418
12.06,4.7,1133.74,19.36,69.03,21.0,106.968
5.442,139.5,767.04,23.34,87.78,25.26,11.589
11.412,139.48,1117.69,38.22,91.72,31.31,154.26
5.232,147.01,713.27,33.44,60.99,16.87,15.952
4.592,242.16,678.86,27.32,57.11,10.4,8.547
6.341,13.91,775.17,25.85,70.06,19.44,29.714
12.639,331.7,1183.62,31.01,70.14,19.59,83.514
3.609,160.08,606.99,35.63,56.48,32.07,0.408
3.178,272.55,609.88,30.34,88.55,23.15,2.271
4.483,315.87,616.68,34.56,79.64,27.28,3.078
5.688,257.29,762.09,18.34,74.92,20.08,19.251
13.585,80.71,1256.44,23.96,85.47,16.66,34.304
12.693,223.66,1196.37,38.54,81.63,16.23,36.581
10.151,334.21,1044.8,34.97,61.85,13.06,28.157
7.783,227.79,925.27,15.51,80.33,7.92,10.484
9.203,223.98,987.75,15.08,74.34,10.09,14.543
5.986,150.65,713.91,26.24,62.97,30.44,8.101
6.974,88.07,857.66,34.07,80.18,7.35,7.503
12.269,263.22,1201.92,20.87,67.27,34.79,170.29
4.641,117.12,646.56,29.71,74.34,31.72,1.34
8.409,111.37,896.13,39.79,44.93,29.71,43.75
7.165,328.43,841.54,17.75,61.78,21.82,41.712
9.093,212.1,939.59,21.45,69.42,33.72,41.246
6.332,249.83,784.25,37.84,46.95,15.69,23.642
8.71,49.51,936.45,37.73,40.57,11.44,20.845
6.432,357.32,810.02,36.81,42.09,6.19,6.745
10.185,279.15,1036.42,29.38,78.02,9.85,11.891
7.559,250.2,874.11,16.13,66.31,12.84,25.183
8.446,0.17,902.34,29.64,64.4,24.51,67.661
11.298,25.45,1125.62,16.68,46.48,32.77,142.81
8.873,260.09,951.22,28.37,68.62,24.37,75.363
7.316,337.4,847.99,30.28,66.2,31.39,18.949
12.648,308.08,1217.66,38.0,69.16,34.18,200.262
7.397,32.82,839.31,29.2,81.7,16.04,38.138
11.191,293.98,1107.64,32.01,85.28,23.48,128.673
5.817,252.39,768.03,31.25,43.91,8.65,9.349
6.684,25.9,839.71,31.62,89.37,11.55,17.704
13.059,82.53,1256.76,17.37,77.68,19.2,67.807
3.437,297.29,585.63,17.6,59.77,6.75,2.778
8.352,155.46,908.36,26.66,60.94,17.63,53.026
13.376,358.5,1270.48,37.15,43.12,34.94,254.192
3.566,198.44,587.59,38.03,93.4,8.09,4.081
11.825,180.94,1188.74,19.28,66.53,28.8,189.39
12.829,223.58,1247.17,16.88,86.46,27.88,214.814
11.921,215.03,1159.81,19.06,54.84,14.47,29.068
9.612,178.31,1053.78,32.48,60.12,11.57,21.385
13.066,126.61,1236.92,29.47,50.91,10.61,7.514
13.705,197.39,1266.68,17.21,66.88,27.36,238.533
11.427,155.66,1127.53,37.16,73.73,23.85,137.271
4.998,232.79,667.84,26.4,68.55,24.88,8.536
7.868,303.14,884.32,16.82,45.11,17.7,45.129
10.209,343.9,1055.03,17.6,77.71,23.48,113.441
12.032,212.44,1210.09,38.38,65.58,9.05,5.279
6.9,240.09,765.44,24.74,72.3,14.38,25.803
4.152,102.67,637.54,29.8,53.73,27.57,2.644
12.549,222.12,1212.51,35.42,63.74,33.25,210.911
8.419,131.21,911.15,32.13,71.78,29.81,45.666
9.329,333.73,1019.02,21.83,74.25,7.36,7.387
3.425,220.81,562.66,36.44,64.95,13.44,5.53
12.123,51.26,1150.24,24.51,85.24,33.91,182.433
4.487,215.26,622.81,36.07,47.42,19.57,9.259
10.653,21.24,1054.25,34.64,49.93,29.45,132.789
12.707,79.63,1205.96,31.43,45.07,34.44,200.074
5.834,203.36,738.35,30.98,73.55,18.41,23.426
13.455,286.28,1257.25,27.93,40.59,19.74,74.443
3.612,309.85,568.76,38.16,86.32,12.1,4.68
10.905,225.08,1123.18,35.27,62.95,27.09,146.944
10.122,83.72,1042.03,24.78,54.25,9.4,10.172
8.98,57.96,959.98,17.13,76.31,10.29,15.612
11.323,280.01,1081.91,21.12,41.08,18.67,68.971
4.897,343.9,685.34,22.49,64.2,32.97,1.202
13.807,260.13,1309.0,36.12,92.86,20.23,71.743
13.247,100.4,1269.19,19.08,68.54,11.54,8.458
11.319,272.08,1125.13,22.4,88.21,19.44,78.646
9.649,230.81,994.28,21.62,66.3,13.1,28.641
8.074,180.41,864.08,17.02,41.38,26.72,53.289
9.006,298.04,968.29,38.24,75.1,13.93,33.713
3.522,219.92,538.17,30.83,70.24,15.15,4.375
10.719,12.92,1085.44,31.13,74.38,13.89,33.107
7.137,195.48,886.31,31.85,52.94,6.96,9.308
12.996,31.36,1256.38,39.79,41.95,30.02,252.126
4.317,96.45,634.73,20.36,54.13,34.6,0.0
9.952,285.3,1029.98,21.2,61.12,20.42,83.042
12.35,122.82,1159.9,29.53,77.0,20.75,100.292
5.304,243.27,706.39,37.3,81.28,26.14,8.582
4.09,146.67,611.89,32.85,82.73,14.46,8.014
8.731,309.09,930.19,21.23,53.4,20.47,70.128
12.894,275.42,1151.32,37.63,49.1,32.96,199.901
12.73,208.97,1218.3,26.8,65.08,14.37,25.444
4.983,282.68,692.29,22.83,43.32,9.2,8.098
7.757,32.14,907.4,16.34,76.53,16.62,40.517
5.689,267.77,746.3,17.19,91.45,8.92,8.882
5.816,211.1,752.59,36.46,45.0,34.93,2.628
9.986,243.64,1028.23,19.73,76.5,24.22,109.335
9.346,92.14,950.63,29.35,48.2,14.57,36.094
4.14,191.36,646.18,32.49,92.64,10.43,6.727
5.338,116.68,692.52,34.51,49.15,21.38,14.046
9.263,147.88,1014.83,18.9,90.84,21.48,85.087
11.94,107.11,1125.68,20.79,80.39,5.36,0.934
9.824,19.43,1040.28,22.98,48.02,8.1,8.06
10.674,198.96,1083.69,36.28,63.02,15.38,44.225
11.175,265.64,1096.04,20.66,40.04,27.58,152.21
5.869,3.0,739.45,30.03,93.38,18.51,23.747
8.197,227.81,916.9,29.15,47.16,26.68,56.008
6.115,283.83,764.44,27.02,69.67,18.2,25.253
4.544,107.15,653.67,15.63,64.42,26.14,3.745
7.907,235.35,912.23,30.76,91.72,33.08,20.78
6.299,287.73,752.92,36.81,63.46,27.37,15.959
5.102,205.86,729.79,15.59,92.84,32.34,3.039
3.588,357.01,578.32,31.78,61.04,28.01,0.193
6.818,62.69,819.81,32.16,81.88,34.13,7.202
13.872,185.66,1312.27,35.61,84.34,12.18,7.757
4.136,324.86,607.05,32.92,57.44,22.75,5.082
11.188,315.1,1146.9,15.65,65.02,22.34,117.942
6.697,313.18,802.18,18.62,84.72,17.28,31.981
7.883,109.55,889.77,27.52,68.14,23.79,53.266
7.387,248.29,795.93,39.74,84.3,13.15,23.796
12.571,330.54,1228.86,36.98,94.58,21.41,107.878
9.45,350.86,1024.1,22.92,89.31,15.91,48.025
4.784,52.1,658.98,27.31,70.37,32.08,1.204
10.415,260.56,1071.41,36.38,60.9,20.28,82.021
4.736,292.86,650.83,27.21,83.08,21.72,9.098
8.085,174.2,900.69,36.97,62.39,8.71,12.186
13.119,18.7,1229.48,37.1,77.03,24.83,175.417
5.444,322.3,760.38,34.24,48.09,10.02,10.929
7.927,290.2,927.04,15.11,91.81,19.57,49.721
11.223,15.24,1114.54,29.12,66.95,17.66,68.247
8.311,24.3,946.25,25.78,51.54,34.78,19.459
5.666,224.65,715.37,33.04,49.52,7.57,9.193
5.549,196.03,726.89,30.42,64.33,31.69,4.22
3.153,332.7,568.12,19.8,85.43,6.11,1.244
4.132,154.59,638.53,35.89,66.94,33.72,0.628
8.938,201.95,963.7,28.91,78.98,9.78,15.123
12.161,106.8,1161.68,27.64,43.54,10.86,9.977
5.945,132.9,794.44,31.12,64.0,22.09,21.072
6.336,193.01,766.3,29.28,47.17,30.39,11.477
10.798,329.67,1068.78,27.22,60.29,23.11,130.489
12.345,167.14,1203.43,37.1,42.87,24.59,165.604
8.096,220.42,886.63,27.1,73.88,8.6,12.335
13.218,248.05,1253.05,30.02,57.55,21.57,106.633
13.004,149.87,1240.43,16.32,84.35,29.07,241.986
13.965,142.36,1337.27,20.42,48.97,17.84,45.531
12.732,118.62,1214.5,35.08,79.03,9.87,6.128
9.963,232.31,1042.82,18.34,54.97,11.08,17.366
9.818,226.04,1012.62,26.19,75.62,6.01,4.128
6.106,350.21,797.12,18.7,89.31,23.31,23.361
12.132,64.8,1163.81,31.93,80.22,17.31,52.435
10.334,3.0,1075.27,25.44,46.64,15.1,43.089
13.282,143.56,1268.96,17.37,59.04,15.93,31.66
9.077,288.55,1003.39,28.6,43.07,6.54,5.552
7.399,10.71,855.21,25.58,77.62,28.92,29.239
10.035,67.61,1043.63,25.91,42.21,30.7,91.638
8.939,330.15,958.81,37.61,63.38,31.86,50.55
8.434,49.66,870.79,38.66,53.41,5.4,3.898
10.472,261.13,1087.01,27.49,69.0,22.29,107.735
11.92,71.26,1151.4,15.17,76.31,14.91,31.313
7.609,15.12,880.77,21.75,66.48,19.15,49.643
10.325,7.34,1072.66,20.19,67.97,6.76,4.471
5.048,18.94,715.47,33.18,91.62,24.58,9.007
4.195,195.68,642.39,38.57,71.84,14.75,8.316
5.06,218.06,671.38,21.59,52.37,31.39,3.304
5.222,70.86,713.88,30.23,77.75,7.51,7.635
4.904,108.84,648.06,34.88,47.76,11.08,9.416
10.616,78.49,1090.48,30.72,53.14,17.68,62.52
9.376,320.7,951.29,35.55,77.06,13.94,33.772
12.904,312.73,1214.83,15.3,74.81,5.92,1.14
11.162,327.38,1104.66,33.03,40.73,17.58,62.147
7.189,189.96,850.3,23.49,94.29,10.74,18.969
5.666,244.15,693.43,26.5,56.34,25.37,13.148
8.582,341.66,983.56,16.15,50.88,11.14,19.663
5.338,253.98,706.2,23.15,63.19,33.71,2.263
13.223,35.11,1213.72,38.55,83.82,26.81,210.855
11.494,200.3,1157.01,37.46,55.82,18.53,71.183
13.505,148.5,1270.58,36.75,59.32,13.02,12.589
10.152,290.5,1023.26,34.61,40.2,32.74,80.409
7.416,222.11,874.26,18.26,88.15,5.78,6.554
5.029,108.87,681.69,15.35,72.31,31.86,2.23
3.041,67.11,535.79,20.93,74.67,22.24,0.26
11.696,148.63,1092.9,25.45,86.96,23.95,140.665
6.021,266.51,748.6,30.16,77.09,29.95,8.298
3.705,315.46,565.4,15.94,48.85,13.75,5.09
4.911,60.0,687.67,20.3,56.08,28.12,4.86
12.662,82.92,1249.55,15.93,43.37,9.97,5.912
6.639,0.53,801.94,15.72,47.1,15.14,28.194
8.54,231.24,916.95,15.66,41.32,5.6,5.088
10.644,117.21,1047.27,24.82,51.65,18.05,67.49
4.783,293.77,655.22,34.7,54.61,11.93,9.841
12.365,2.52,1138.31,20.7,59.37,17.41,54.787
3.158,264.86,569.94,39.71,66.96,24.04,0.193
6.578,164.84,746.18,21.1,64.19,12.76,21.925
9.032,83.35,976.8,29.45,55.08,19.97,67.288
11.532,221.74,1134.7,22.75,83.74,5.87,3.207
5.581,190.11,747.59,26.79,70.86,12.23,16.106
11.591,259.42,1093.36,26.55,68.29,27.59,158.381
8.893,101.51,912.34,34.8,78.39,31.48,45.289
7.035,242.32,806.68,27.54,50.07,7.07,8.21
11.353,17.59,1118.63,22.17,44.99,30.46,171.672
6.956,33.46,835.1,37.61,59.36,32.54,11.12
12.102,67.79,1168.61,35.89,91.22,23.41,135.84
11.004,261.46,1078.92,28.7,87.71,28.69,140.865
10.342,130.59,1061.34,21.63,47.44,21.22,97.414
3.497,153.21,558.61,16.74,58.84,34.13,0.669
12.466,51.42,1208.41,32.13,63.8,15.91,38.379
4.338,239.58,651.75,31.42,47.06,24.78,4.334
12.359,351.33,1182.51,18.3,55.43,32.84,206.066
10.503,168.19,1059.29,37.22,71.85,13.35,30.042
4.085,80.54,622.21,20.66,43.08,13.72,6.836
11.072,0.97,1143.92,33.09,66.91,25.51,146.469
7.242,55.26,880.31,27.68,90.43,32.37,14.534
11.325,38.74,1160.25,25.72,56.3,28.3,166.519
4.594,128.47,637.02,33.85,61.83,20.3,8.915
3.176,278.47,590.82,28.39,86.41,21.23,2.489
9.645,139.46,1014.26,38.47,58.09,13.32,30.177
10.881,347.01,1129.63,29.96,94.52,7.47,5.287
11.652,65.23,1165.78,33.27,66.07,14.39,30.124
4.587,27.88,672.05,25.3,64.39,31.79,1.249
9.386,173.88,979.64,25.75,64.98,25.55,95.933
9.123,80.69,957.95,28.93,85.3,22.69,78.537
7.891,39.55,832.78,35.36,44.43,25.86,46.856
6.105,186.73,791.59,17.84,80.25,11.53,16.614
9.925,301.86,1013.89,21.54,64.46,18.29,66.111
5.329,300.34,692.71,33.67,46.02,24.73,11.141
9.77,143.62,1040.29,16.18,78.06,23.9,105.309
4.937,242.06,706.81,18.87,85.49,34.85,0.977
13.867,115.89,1299.01,30.43,49.99,12.38,8.515
11.588,100.69,1135.18,30.0,80.31,29.56,165.728
6.141,245.93,759.17,21.74,44.5,30.5,8.898
5.808,279.65,757.94,33.4,77.68,11.53,14.282
13.269,124.31,1224.7,16.42,90.91,32.0,259.558
9.468,352.03,993.53,23.72,43.3,15.79,51.419
6.337,359.92,830.59,34.52,76.16,10.63,16.021
9.378,54.84,1055.4,21.17,85.74,18.28,58.53
7.612,160.59,860.24,31.18,75.7,16.88,44.108
4.571,142.44,664.8,30.33,67.1,28.42,3.063
4.449,62.36,617.25,20.67,43.82,22.62,6.872
10.857,277.4,1099.64,34.07,81.11,6.78,3.682
7.016,103.62,819.06,36.49,61.64,27.58,24.521
12.353,173.3,1137.08,36.01,70.97,9.69,5.88
11.527,231.48,1146.67,29.37,50.8,7.78,4.617
11.731,293.57,1117.78,30.45,66.94,17.5,57.343
5.014,321.72,712.49,39.3,78.23,17.68,14.257
8.972,143.5,941.61,39.69,61.22,13.53,30.746
6.564,206.95,809.74,15.13,81.12,15.51,27.64
7.248,294.6,857.38,30.79,79.7,21.76,40.884
11.838,190.29,1192.7,38.97,65.86,29.46,187.928
5.219,254.76,709.38,20.84,82.36,12.31,12.774
4.294,250.12,679.78,32.17,66.9,13.58,8.373
6.405,318.16,811.52,28.21,91.0,24.67,23.436
12.223,100.48,1196.82,29.47,73.39,26.94,184.17
5.483,170.88,745.07,30.23,62.25,5.04,4.812
9.777,143.55,1014.27,16.31,63.58,11.29,19.513
3.328,271.5,573.98,27.03,63.41,33.87,0.0
7.215,266.74,833.83,24.79,42.4,11.45,19.714
13.876,101.09,1287.28,35.42,67.7,14.22,14.986
6.266,346.07,819.38,21.09,81.91,14.48,22.679
10.137,258.75,1050.36,34.39,59.33,11.17,17.041
8.889,21.26,919.79,36.21,82.03,20.37,70.69
3.493,306.43,590.59,20.22,78.15,11.47,4.488
3.029,339.54,539.38,30.81,84.81,17.09,3.334
5.808,241.61,772.8,27.87,67.83,22.88,18.938
8.293,282.44,921.15,39.86,52.4,23.01,60.657
3.587,223.63,580.46,17.91,73.16,25.59,1.826
9.103,316.93,1016.34,29.35,89.7,13.38,29.852
9.843,221.01,969.23,35.93,52.09,32.12,75.521
9.622,226.37,999.18,25.54,46.21,31.88,71.939
8.718,55.88,961.04,34.34,48.12,26.21,68.168
5.01,134.64,677.16,26.46,57.92,25.76,7.687
6.665,47.54,832.0,30.95,41.55,32.42,9.42
12.221,159.94,1153.71,16.16,73.92,28.73,211.48
8.459,175.28,883.5,33.19,88.84,19.15,58.424
5.087,3.58,661.92,30.66,84.95,8.93,8.579
13.078,141.05,1224.22,25.63,47.15,21.23,109.64
7.135,158.16,840.12,27.53,82.51,17.02,35.871
12.404,230.03,1180.91,25.79,43.61,32.54,204.182
3.09,78.36,557.59,16.92,79.6,11.15,3.191
9.142,0.88,937.95,23.84,51.25,5.31,5.103
6.964,191.83,815.16,24.27,50.46,31.76,13.709
6.227,66.22,821.0,23.21,43.78,34.94,2.736
7.856,187.44,891.8,20.46,92.74,7.94,10.063
8.739,351.2,931.38,19.67,59.74,8.53,10.892
10.705,214.7,1063.25,32.41,81.49,12.83,24.368
10.987,273.77,1079.7,29.83,81.62,26.48,140.092
6.609,335.86,782.79,15.53,80.76,7.07,7.701
13.237,331.63,1222.36,34.88,79.97,26.21,200.152
8.598,104.75,986.9,32.88,55.37,15.86,40.078
10.829,297.65,1056.71,22.8,50.07,9.73,9.775
4.716,145.05,672.23,29.57,47.83,27.15,4.377
12.862,226.8,1196.09,19.01,93.57,21.58,110.85
6.809,35.51,818.48,16.07,78.69,7.29,9.576
5.017,294.41,733.19,23.8,89.33,13.61,12.451
12.408,286.19,1195.31,27.74,48.17,5.55,0.372
12.686,221.21,1246.79,27.61,70.69,32.03,222.992
5.299,304.68,694.21,30.14,54.72,21.31,14.475
6.904,48.78,841.37,31.6,48.66,22.61,34.501
4.204,273.26,647.86,39.03,85.67,28.69,1.462
12.003,340.95,1181.26,35.07,62.4,9.85,7.233
3.16,22.16,523.88,25.88,66.73,23.0,1.452
5.238,69.76,749.8,20.5,84.97,10.5,10.807
13.089,351.68,1242.99,26.7,79.47,20.95,103.679
6.025,178.02,766.48,29.5,40.93,30.48,8.56
6.184,204.92,758.45,16.53,92.96,20.48,26.95
8.616,116.65,941.14,26.59,93.69,9.7,14.499
11.912,344.35,1180.9,26.32,85.56,6.26,2.064
11.599,230.44,1138.79,20.02,77.45,34.18,140.599
7.593,350.05,843.51,35.93,77.67,6.82,7.878
10.814,336.52,1088.39,30.61,79.62,21.08,106.132
6.884,331.51,881.19,16.77,47.18,27.37,22.08
11.947,104.0,1198.23,23.06,69.57,25.02,158.472
4.907,291.49,702.41,36.85,41.22,7.01,4.59
4.877,113.94,706.83,15.74,72.98,32.74,1.777
10.834,203.07,1048.78,15.52,93.02,5.34,2.521
13.919,66.04,1353.06,23.06,86.14,29.42,255.971
6.664,27.96,798.9,32.14,84.17,23.0,31.562
4.956,304.96,715.5,34.64,52.16,24.24,8.027
8.333,167.06,909.55,33.16,74.65,15.76,43.771
9.784,322.51,1040.63,18.2,51.31,30.93,81.657
5.71,25.42,724.78,17.39,80.24,9.76,12.297
13.071,30.81,1241.85,32.66,69.47,33.59,246.742
10.518,246.41,1045.22,21.72,43.88,11.45,17.189
3.16,94.18,540.98,35.64,76.8,11.74,2.812
6.495,15.98,766.6,36.83,93.62,12.26,18.922
5.682,218.04,769.42,36.95,87.14,15.57,19.517
6.465,101.18,824.75,28.5,62.56,28.96,14.194
11.112,178.08,1109.29,23.36,91.57,9.71,9.802
3.668,309.86,638.87,29.88,50.46,28.65,1.028
3.237,18.07,571.31,25.44,70.08,11.44,3.778
11.91,183.68,1174.37,23.42,48.89,19.05,82.562
6.485,294.79,820.21,38.23,87.62,9.34,10.951
7.142,351.51,854.58,20.25,48.55,5.22,5.928
6.515,272.39,798.73,31.8,60.46,6.41,6.552
9.202,226.61,963.55,30.52,85.15,28.66,76.226
13.934,104.67,1302.58,30.32,82.0,13.75,13.1
7.156,26.01,848.13,23.98,47.52,30.58,19.587
7.394,332.5,806.85,29.6,59.62,28.56,29.362
6.349,238.64,778.84,33.24,53.8,18.04,28.794
6.312,311.03,762.83,28.15,85.72,24.66,22.321
8.52,139.36,937.68,25.69,44.06,20.84,68.056
12.375,314.21,1159.38,36.12,64.11,23.22,134.822
3.14,149.6,579.37,28.76,48.41,16.21,3.477
7.751,167.27,915.66,36.51,57.43,10.86,19.428
9.813,332.72,1003.54,30.65,80.38,32.09,80.379
3.317,156.41,605.49,23.08,65.11,7.92,3.112
6.483,133.71,732.14,21.03,69.44,33.27,6.503
10.489,240.07,1089.68,36.56,47.33,19.92,82.72
6.253,57.12,818.67,19.04,82.96,27.3,15.343
11.779,4.38,1165.17,17.65,57.71,8.93,6.092
9.857,273.09,1019.23,18.34,89.79,22.65,94.08
10.904,118.09,1098.34,27.78,50.57,20.32,93.031
7.515,4.18,876.29,15.64,79.36,6.52,7.8
5.291,332.39,718.08,39.51,53.59,6.07,6.085
11.832,251.15,1147.39,18.71,81.82,7.13,2.72
12.213,274.31,1167.23,25.32,87.42,12.14,13.969
12.32,129.2,1198.88,18.32,52.89,16.3,42.508
3.854,20.39,617.87,15.86,83.46,22.42,4.668
11.366,56.75,1146.28,20.28,90.89,27.68,161.618
6.935,26.19,808.72,35.97,76.42,33.12,9.851
5.061,295.95,705.82,16.81,84.51,31.28,2.483
3.075,349.05,583.41,35.22,71.0,5.86,2.328
9.329,247.64,957.69,19.67,66.81,18.7,63.228
6.697,178.68,782.13,23.24,74.85,8.69,12.273
3.882,162.17,633.3,32.86,80.77,8.25,4.62
12.22,129.58,1209.75,22.15,92.11,31.77,191.223
6.695,348.65,814.41,30.0,50.1,9.36,13.57
8.926,341.33,970.02,27.64,40.78,25.59,82.888
6.869,98.19,822.73,21.87,64.61,12.91,22.431
11.825,38.92,1131.42,33.0,56.75,10.93,10.842
3.457,155.3,560.0,33.12,47.87,12.87,5.9
7.75,115.55,880.71,34.86,43.7,20.84,50.897
4.941,114.88,654.94,18.83,72.27,8.94,7.95
11.479,70.23,1161.13,15.81,76.0,8.64,5.434
5.401,245.81,756.63,36.6,90.52,30.16,4.991
4.717,259.14,629.73,39.75,45.44,15.41,10.308
3.928,327.58,596.92,28.53,87.86,9.72,4.413
4.321,118.21,638.28,20.4,44.81,23.69,5.031
6.857,9.45,781.18,22.28,88.85,26.88,25.248
12.485,33.64,1202.3,35.67,60.32,24.15,162.528
7.837,234.99,904.85,28.01,92.57,8.48,11.748
10.973,314.82,1082.61,22.86,72.59,32.73,124.447
5.785,310.09,721.99,24.76,57.45,19.62,21.638
13.217,276.52,1221.52,32.15,84.74,18.52,56.689
10.828,57.87,1119.13,30.3,85.61,8.59,7.309
4.336,49.67,672.21,17.05,89.51,14.0,8.557
6.187,322.27,776.43,28.6,76.19,13.98,21.69
3.542,48.84,598.58,33.14,65.46,32.51,0.328
9.216,173.89,961.16,38.73,74.56,8.74,11.221
4.427,113.59,664.3,38.63,90.54,8.36,5.23
7.351,330.09,858.67,25.86,87.78,17.07,40.143
13.902,18.29,1259.41,21.66,58.61,27.41,235.857
8.759,235.18,944.29,34.66,84.06,15.24,41.147
12.916,263.96,1222.25,33.67,68.11,20.06,82.224
9.149,356.18,927.12,22.32,45.86,19.8,74.522
7.571,341.25,886.53,26.12,93.46,10.16,16.712
12.218,33.06,1184.47,26.65,69.65,7.36,3.308
7.178,194.0,804.9,17.73,62.68,16.73,37.601
6.28,347.08,776.37,28.18,58.75,32.56,6.126
3.697,104.02,642.81,31.32,60.71,21.64,3.465
7.777,251.56,888.53,22.57,84.92,10.54,17.805
12.623,229.92,1215.14,15.29,40.9,11.29,9.87
5.002,331.5,714.0,36.33,58.01,20.2,12.837
4.084,225.75,667.05,15.26,70.17,19.02,6.495
4.705,40.92,681.26,30.8,57.14,28.04,4.121
7.13,45.19,837.06,24.35,74.68,34.3,10.089
3.27,34.26,578.8,36.63,77.17,23.29,1.383
13.277,220.89,1243.26,31.69,65.83,21.19,106.715
4.857,258.6,691.99,20.78,86.2,20.5,11.369
5.792,134.52,752.05,25.83,84.1,20.48,22.387
7.304,162.14,846.16,29.58,43.89,30.5,21.466
6.485,116.4,756.12,17.55,83.55,28.82,14.96
6.419,232.58,772.7,37.78,46.4,13.06,20.255
4.508,346.03,687.74,21.49,60.59,11.01,8.343
11.713,121.97,1108.7,17.31,90.91,10.77,10.311
12.064,314.73,1210.71,29.76,83.69,13.1,19.609
7.974,350.13,895.4,26.72,91.63,31.17,31.383
8.473,164.53,986.9,39.21,56.33,25.51,61.806
11.734,332.29,1087.88,16.31,67.35,12.08,15.114
4.209,351.78,625.2,28.12,64.75,15.9,9.156
13.029,140.59,1212.89,37.48,75.68,8.33,1.639
8.69,189.08,925.85,34.34,85.74,21.86,73.008
10.14,48.1,1032.37,33.3,90.35,29.19,107.653
7.011,319.26,826.98,34.67,53.53,32.57,12.152
8.203,204.96,961.8,28.38,48.11,32.23,28.878
4.114,168.19,672.16,37.18,74.19,33.12,0.854
12.987,168.29,1234.65,32.14,72.97,28.01,236.851
9.714,290.29,1056.68,32.28,80.4,24.21,93.084
12.927,77.96,1200.61,21.27,50.11,6.67,2.025
6.433,122.62,765.64,16.87,42.22,8.73,10.791
13.606,193.34,1267.07,35.94,55.11,29.31,273.648
8.581,236.63,934.52,35.27,41.49,17.61,55.11
3.169,175.61,528.32,26.5,53.98,28.67,0.0
7.808,126.17,882.44,24.55,54.21,14.39,32.51
6.738,207.57,775.8,21.17,69.28,14.25,26.322
9.012,1.8,942.9,19.43,40.81,16.7,52.769
5.215,254.9,691.46,27.44,76.59,21.97,12.451
4.464,241.56,658.01,26.84,47.02,24.77,5.736
12.835,55.02,1254.09,32.28,55.81,19.12,69.438
5.653,122.63,713.41,24.81,73.73,15.69,19.697
13.337,23.34,1239.26,31.07,45.7,28.46,244.775
5.537,45.92,780.32,24.78,91.42,23.68,14.701
6.092,37.47,768.45,18.01,48.34,10.23,13.328
6.575,109.77,802.57,17.96,59.21,24.02,27.376
10.006,308.04,1000.22,30.13,45.93,15.53,44.562
4.891,278.63,674.91,15.06,74.49,23.76,7.652
7.343,19.85,847.17,27.14,71.5,11.44,22.0
11.454,2.36,1136.0,17.45,66.79,20.33,100.501
3.349,126.52,581.26,17.83,56.5,18.52,3.124
7.607,349.19,881.12,17.81,53.4,5.09,5.279
8.355,244.42,904.76,28.98,57.55,14.66,35.282
10.659,75.25,1058.93,16.61,54.29,25.99,129.987
12.48,103.9,1150.69,39.61,53.42,7.1,1.78
9.422,190.35,983.69,32.95,86.21,33.32,54.444
10.677,353.44,1096.48,21.61,60.41,31.66,116.28
3.401,125.79,588.72,19.65,71.1,21.96,3.193
8.585,81.64,988.04,35.48,62.49,22.93,65.811
9.379,351.22,1013.54,33.37,78.33,15.0,42.526
9.113,33.65,965.95,22.37,47.11,29.41,70.866
12.979,239.79,1239.84,22.88,42.69,10.04,6.293
12.709,333.82,1205.47,35.87,83.09,32.48,234.119
13.386,172.81,1280.17,29.19,92.41,27.1,228.183
5.529,19.53,723.66,32.57,79.08,30.4,4.868
8.029,300.48,868.25,39.58,89.97,31.36,28.172
4.101,184.33,596.54,25.45,89.16,23.48,4.059
12.835,156.73,1222.56,20.5,56.55,24.9,175.391
11.911,66.66,1154.79,18.28,51.33,14.07,26.3
13.578,34.63,1242.62,35.78,54.27,12.27,9.797
8.873,336.14,954.74,39.01,79.96,20.71,73.414
5.188,342.66,707.58,39.69,71.61,25.21,9.942
11.439,267.95,1130.33,30.18,66.82,13.36,23.0
8.113,67.12,929.24,37.95,90.51,34.46,16.575
12.616,89.99,1218.41,15.17,83.21,30.17,204.891
11.129,9.15,1107.61,39.63,78.44,8.88,6.702
4.216,327.25,628.7,15.51,73.72,20.11,8.189
3.879,109.46,651.16,27.81,43.85,10.09,4.642
7.133,292.53,794.05,21.34,55.8,7.08,7.912
12.945,280.81,1271.1,33.29,93.73,5.55,1.328
9.738,339.49,976.9,33.55,90.03,7.22,6.957
5.515,79.96,686.28,23.46,85.83,12.78,13.645
5.556,48.31,730.87,33.38,75.54,26.12,10.85
12.349,87.19,1231.53,37.28,66.31,17.88,52.897
11.034,301.34,1099.32,17.6,72.68,17.62,60.969
12.811,59.9,1182.43,31.85,89.94,10.98,8.12
8.986,252.54,963.13,31.88,88.26,27.53,72.775
3.444,318.6,600.55,19.13,92.55,5.28,1.716
10.804,324.76,1066.91,33.58,74.58,18.6,72.958
7.024,23.25,846.3,18.65,80.89,11.59,20.051
9.359,355.04,984.05,20.08,61.09,12.76,28.039
5.865,70.62,747.98,15.78,80.51,32.84,4.03
5.007,341.69,714.61,20.95,72.14,11.72,12.152
6.403,139.03,780.56,39.09,60.32,28.81,14.392
12.519,16.01,1240.59,25.66,57.21,28.2,219.228
5.978,332.42,748.4,39.07,86.11,16.06,23.167
6.646,33.85,802.82,31.58,48.37,34.55,5.919
8.783,72.96,917.18,34.76,71.8,13.0,26.222
6.264,118.06,762.68,39.88,42.27,10.14,13.94
9.797,185.42,1000.65,36.8,41.11,25.53,102.756
5.948,356.91,781.08,15.25,40.2,34.75,2.8
9.348,174.12,1011.35,29.93,52.33,12.72,27.948
13.017,135.59,1269.48,22.54,93.58,29.7,249.241
9.406,298.93,980.6,28.09,83.77,19.6,72.162
11.908,345.63,1100.96,29.52,86.25,23.59,139.032
13.643,67.58,1290.3,24.02,46.89,26.74,208.404
6.474,278.45,779.8,31.8,41.83,13.57,20.882
3.756,164.6,645.85,28.25,94.73,14.2,6.152
8.054,22.86,901.2,21.53,60.42,25.92,57.497
5.95,294.98,792.53,32.6,48.07,10.04,12.113
13.732,177.9,1324.53,31.09,42.83,30.73,282.229
10.859,172.31,1099.2,33.1,81.82,29.66,139.682
7.104,20.89,828.65,32.62,83.27,11.88,21.023
4.955,52.37,695.06,21.06,47.42,32.05,1.908
6.148,141.6,706.28,38.97,79.01,10.01,12.07
13.051,221.04,1235.07,35.63,44.4,21.57,112.393
10.195,233.36,1069.81,35.75,79.55,28.1,114.809
7.461,253.18,851.96,18.59,68.11,26.22,37.509
10.873,238.02,1079.45,29.8,56.0,7.39,5.594
7.334,84.14,862.47,31.12,79.94,12.28,21.804
7.867,40.52,880.74,20.31,48.6,29.07,39.409
13.727,157.31,1263.85,22.23,87.49,12.81,11.154
8.92,39.73,932.14,34.03,59.82,29.99,58.369
11.396,344.62,1136.26,24.28,44.57,20.35,100.422
13.401,332.73,1250.19,30.2,47.64,7.53,1.705
7.49,348.08,856.02,27.79,44.86,15.5,36.886
13.118,227.06,1256.63,20.58,43.39,16.1,35.218
6.63,217.32,818.82,24.02,72.86,34.48,6.597
11.256,116.83,1079.12,25.35,40.17,13.81,28.103
4.54,218.25,617.31,36.31,86.63,23.54,6.102
7.56,288.82,870.29,26.14,89.18,26.18,39.933
3.243,35.9,568.92,33.9,78.68,9.07,3.199
5.322,239.79,718.16,21.24,79.03,26.62,9.345
5.854,74.79,712.44,25.74,86.56,16.71,21.477
10.753,317.61,1029.87,36.35,44.44,9.96,11.484
6.457,326.89,842.47,37.99,49.22,24.09,24.153
4.574,248.44,625.01,28.44,54.44,26.01,4.323
3.544,325.02,575.28,24.5,42.98,30.99,0.607
3.045,342.65,523.03,23.83,41.7,6.79,2.438
13.621,298.01,1249.91,25.31,85.48,15.24,23.959
10.762,191.79,1042.74,33.27,43.47,23.76,131.128
4.704,257.26,656.02,19.27,52.56,24.52,6.858
10.034,119.34,1071.11,32.61,57.56,25.48,108.046
13.576,19.02,1247.9,35.31,54.47,33.54,281.829
6.451,236.89,819.72,34.85,72.01,13.04,20.008
10.796,234.79,1098.75,32.2,73.28,22.68,119.19
5.213,190.13,692.8,31.25,71.76,26.31,8.531
7.149,259.88,824.53,19.82,42.98,13.39,25.274
12.943,60.76,1250.33,22.2,54.96,30.21,245.264
3.994,185.22,634.35,19.79,58.55,16.86,7.472
13.773,347.97,1297.68,16.64,75.66,23.17,143.404
12.488,40.48,1174.4,25.84,77.99,10.05,6.76
4.42,144.83,688.25,16.85,59.56,13.25,9.313
3.656,352.63,578.23,15.25,77.3,31.63,1.49
7.595,239.34,891.17,30.42,46.28,30.28,25.885
5.382,136.33,761.74,15.55,65.61,9.54,9.931
10.263,340.26,1035.88,25.59,62.23,17.56,68.266
7.002,213.68,811.41,21.7,40.75,8.88,11.87
9.648,42.43,1010.97,21.1,57.78,19.13,74.285
13.19,232.65,1213.4,31.19,81.39,32.16,246.681
3.718,146.4,589.98,18.47,60.61,30.87,0.425
6.022,254.31,770.63,37.16,88.64,5.49,4.892
10.134,106.05,1058.64,19.98,53.36,31.41,89.473
12.322,52.38,1166.44,31.16,47.31,31.68,205.953
4.542,40.44,610.02,19.92,47.48,30.84,1.849
9.449,64.9,1018.23,18.08,45.69,14.81,38.693
11.29,139.85,1073.65,38.48,89.83,27.21,152.114
4.527,209.47,676.29,25.61,78.63,5.91,4.068
8.593,88.1,929.67,36.23,73.76,24.76,65.724
13.323,72.04,1260.47,22.9,67.39,21.43,107.123
8.9,319.81,943.87,20.9,65.73,22.85,81.315
10.634,229.38,1051.04,29.25,91.88,32.12,113.923
5.684,327.44,733.04,19.83,49.33,12.43,16.831
13.895,306.49,1267.7,23.19,41.05,13.71,13.283
6.344,78.51,772.57,27.94,41.1,27.43,16.679
10.303,63.37,1055.99,39.38,40.26,27.62,115.234
9.071,356.37,976.78,39.2,84.58,16.31,48.342
9.573,143.37,995.28,38.67,59.62,28.0,93.748
3.581,34.31,663.15,28.19,51.21,33.93,0.717
11.791,313.28,1133.77,33.11,40.66,14.61,29.84
6.386,147.43,750.58,23.42,58.39,10.28,14.07
5.427,347.86,705.44,25.45,93.49,8.75,10.163
10.018,199.8,1011.57,18.89,59.52,6.01,4.102
9.995,350.93,1009.04,31.78,71.74,26.82,118.419
11.065,240.65,1086.8,17.54,56.78,34.29,110.037
10.137,190.0,1022.47,15.86,80.38,15.7,45.728
9.369,281.54,983.95,24.97,56.04,16.16,49.101
9.069,104.53,962.44,25.44,47.48,21.03,74.235
5.786,212.11,780.17,18.32,42.64,16.5,21.388
3.247,50.39,545.27,27.96,77.1,19.82,3.089
